player,nationality,position,team,age,birth_year,games,games_starts,minutes,minutes_90s,goals,assists,goals_assists,goals_pens,pens_made,pens_att,cards_yellow,cards_red,xg,npxg,xg_assist,npxg_xg_assist,progressive_carries,progressive_passes,progressive_passes_received,goals_per90,assists_per90,goals_assists_per90,goals_pens_per90,goals_assists_pens_per90,xg_per90,xg_assist_per90,xg_xg_assist_per90,npxg_per90,npxg_xg_assist_per90,matches
Issah Abbas,gh GHA,FW,Mainz 05,19,1998,1,0,9,0.1,0,0,0,0,0,0,0,0,0.0,0.0,0.0,0.0,0,0,0,0.00,0.00,0.00,0.00,0.00,0.29,0.00,0.29,0.29,0.29,Matches
David Abraham,ar ARG,DF,Eint Frankfurt,32,1986,17,17,"1,420",15.8,0,0,0,0,0,0,2,0,0.8,0.8,0.4,1.1,20,80,7,0.00,0.00,0.00,0.00,0.00,0.05,0.03,0.07,0.05,0.07,Matches
Amir Abrashi,al ALB,MF,Freiburg,28,1990,10,9,790,8.8,0,0,0,0,0,0,5,0,0.2,0.2,0.1,0.3,6,19,9,0.00,0.00,0.00,0.00,0.00,0.03,0.01,0.04,0.03,0.04,Matches
Tyler Adams,us USA,MF,RB Leipzig,19,1999,10,8,721,8.0,0,2,2,0,0,0,0,0,0.1,0.1,1.0,1.1,19,64,12,0.00,0.25,0.25,0.00,0.25,0.01,0.13,0.13,0.01,0.13,Matches
Antonis Aidonis,de GER,DF,Stuttgart,17,2001,2,1,80,0.9,0,0,0,0,0,0,1,0,0.0,0.0,0.0,0.0,0,2,3,0.00,0.00,0.00,0.00,0.00,0.00,0.00,0.00,0.00,0.00,Matches
Manuel Akanji,ch SUI,DF,Dortmund,23,1995,25,25,"2,205",24.5,1,0,1,1,0,0,1,0,0.5,0.5,0.6,1.1,24,122,11,0.04,0.00,0.04,0.04,0.04,0.02,0.02,0.04,0.02,0.04,Matches
Chadrac Akolo,cd COD,"MF,FW",Stuttgart,23,1995,16,5,525,5.8,0,1,1,0,0,0,0,0,0.9,0.9,0.5,1.4,14,14,40,0.00,0.17,0.17,0.00,0.17,0.16,0.08,0.24,0.16,0.24,Matches
Kevin Akpoguma,ng NGA,DF,Hoffenheim,23,1995,8,5,499,5.5,0,0,0,0,0,0,2,0,0.0,0.0,0.0,0.0,4,33,0,0.00,0.00,0.00,0.00,0.00,0.00,0.00,0.00,0.00,0.00,Matches
Kevin Akpoguma,ng NGA,DF,Hannover 96,23,1995,4,4,313,3.5,0,0,0,0,0,0,2,0,0.0,0.0,0.0,0.0,2,20,0,0.00,0.00,0.00,0.00,0.00,0.00,0.00,0.00,0.00,0.00,Matches
David Alaba,at AUT,DF,Bayern Munich,26,1992,31,29,"2,530",28.1,3,3,6,3,0,0,4,0,3.2,3.2,4.4,7.6,87,190,240,0.11,0.11,0.21,0.11,0.21,0.11,0.16,0.27,0.11,0.27,Matches
Lucas Alario,ar ARG,"FW,MF",Leverkusen,25,1992,27,11,"1,265",14.1,9,3,12,9,0,0,1,0,6.7,6.7,1.4,8.1,12,22,86,0.64,0.21,0.85,0.64,0.85,0.47,0.10,0.57,0.47,0.57,Matches
Miiko Albornoz,cl CHI,"DF,MF",Hannover 96,27,1990,22,19,"1,660",18.4,1,3,4,1,0,0,3,1,0.3,0.3,1.5,1.8,34,71,75,0.05,0.16,0.22,0.05,0.22,0.02,0.08,0.10,0.02,0.10,Matches
Paco Alcácer,es ESP,FW,Dortmund,24,1993,26,11,"1,211",13.5,18,0,18,17,1,1,0,0,9.5,8.8,1.6,10.4,12,17,70,1.34,0.00,1.34,1.26,1.26,0.71,0.12,0.83,0.65,0.77,Matches
Thiago Alcántara,es ESP,MF,Bayern Munich,27,1991,30,26,"2,408",26.8,2,6,8,2,0,0,5,0,1.9,1.9,3.5,5.4,49,310,56,0.07,0.22,0.30,0.07,0.30,0.07,0.13,0.20,0.07,0.20,Matches
Allan,br BRA,MF,Eint Frankfurt,21,1997,4,2,176,2.0,0,0,0,0,0,0,1,0,0.1,0.1,0.0,0.1,4,4,3,0.00,0.00,0.00,0.00,0.00,0.05,0.01,0.06,0.05,0.06,Matches
Alfons Amade,de GER,MF,Hoffenheim,18,1999,1,0,9,0.1,0,0,0,0,0,0,0,0,0.1,0.1,0.0,0.1,0,0,0,0.00,0.00,0.00,0.00,0.00,0.59,0.00,0.59,0.59,0.59,Matches
Nadiem Amiri,de GER,MF,Hoffenheim,21,1996,13,10,754,8.4,3,1,4,3,0,0,1,0,2.2,2.2,1.4,3.5,22,50,36,0.36,0.12,0.48,0.36,0.48,0.26,0.16,0.42,0.26,0.42,Matches
Waldemar Anton,de GER,DF,Hannover 96,22,1996,34,34,"3,060",34.0,1,0,1,1,0,0,4,0,1.8,1.8,0.2,2.0,35,96,17,0.03,0.00,0.03,0.03,0.03,0.05,0.01,0.06,0.05,0.06,Matches
Dennis Aogo,de GER,MF,Stuttgart,31,1987,15,13,"1,025",11.4,0,0,0,0,0,0,1,0,0.5,0.5,1.4,1.9,12,38,13,0.00,0.00,0.00,0.00,0.00,0.04,0.13,0.17,0.04,0.17,Matches
Charles Aránguiz,cl CHI,MF,Leverkusen,29,1989,24,22,"1,891",21.0,2,7,9,2,0,0,3,0,1.4,1.4,3.4,4.8,27,207,63,0.10,0.33,0.43,0.10,0.43,0.07,0.16,0.23,0.07,0.23,Matches
Maximilian Arnold,de GER,MF,Wolfsburg,24,1994,33,33,"2,872",31.9,2,6,8,2,0,0,7,0,2.7,2.7,4.3,7.0,41,141,83,0.06,0.19,0.25,0.06,0.25,0.09,0.13,0.22,0.09,0.22,Matches
Takuma Asano,jp JPN,"MF,FW",Hannover 96,23,1994,13,9,699,7.8,0,0,0,0,0,0,0,0,1.6,1.6,0.4,2.0,21,14,59,0.00,0.00,0.00,0.00,0.00,0.20,0.05,0.25,0.20,0.25,Matches
Santiago Ascacíbar,ar ARG,MF,Stuttgart,21,1997,27,27,"2,428",27.0,0,0,0,0,0,0,10,1,1.3,1.3,0.5,1.9,27,100,28,0.00,0.00,0.00,0.00,0.00,0.05,0.02,0.07,0.05,0.07,Matches
Simon Asta,de GER,DF,Augsburg,17,2001,1,1,90,1.0,0,0,0,0,0,0,1,0,0.1,0.1,0.0,0.1,2,2,3,0.00,0.00,0.00,0.00,0.00,0.06,0.00,0.06,0.06,0.06,Matches
Jean-Kévin Augustin,fr FRA,FW,RB Leipzig,21,1997,17,4,461,5.1,3,0,3,3,0,0,0,0,2.8,2.8,0.8,3.6,18,3,50,0.59,0.00,0.59,0.59,0.59,0.56,0.15,0.71,0.56,0.71,Matches
Ludwig Augustinsson,se SWE,DF,Werder Bremen,24,1994,34,34,"3,026",33.6,1,4,5,1,0,0,5,0,1.5,1.5,2.2,3.7,83,154,226,0.03,0.12,0.15,0.03,0.15,0.04,0.07,0.11,0.04,0.11,Matches
Kaan Ayhan,tr TUR,DF,Düsseldorf,23,1994,28,28,"2,449",27.2,4,1,5,4,0,0,10,0,2.3,2.3,0.4,2.7,31,96,12,0.15,0.04,0.18,0.15,0.18,0.08,0.02,0.10,0.08,0.10,Matches
Florian Baak,de GER,MF,Hertha BSC,19,1999,1,0,1,0.0,0,0,0,0,0,0,0,0,0.0,0.0,0.0,0.0,0,0,0,0.00,0.00,0.00,0.00,0.00,0.00,0.00,0.00,0.00,0.00,Matches
Holger Badstuber,de GER,DF,Stuttgart,29,1989,10,5,522,5.8,0,0,0,0,0,0,1,0,0.0,0.0,0.0,0.0,0,13,0,0.00,0.00,0.00,0.00,0.00,0.00,0.00,0.00,0.00,0.00,Matches
Daniel Baier,de GER,MF,Augsburg,34,1984,33,33,"2,815",31.3,0,1,1,0,0,0,7,0,0.9,0.9,1.2,2.1,50,187,34,0.00,0.03,0.03,0.00,0.03,0.03,0.04,0.07,0.03,0.07,Matches
Leon Bailey,jm JAM,FW,Leverkusen,20,1997,29,21,"1,914",21.3,5,1,6,5,0,0,4,0,5.0,5.0,4.4,9.5,102,72,240,0.24,0.05,0.28,0.24,0.28,0.24,0.21,0.44,0.24,0.44,Matches
Marvin Bakalorz,de GER,MF,Hannover 96,28,1989,25,16,"1,470",16.3,1,0,1,1,0,0,5,0,0.8,0.8,0.6,1.4,17,29,40,0.06,0.00,0.06,0.06,0.06,0.05,0.04,0.09,0.05,0.09,Matches
Ridle Baku,de GER,MF,Mainz 05,20,1998,15,10,937,10.4,0,0,0,0,0,0,1,0,0.6,0.6,0.4,1.0,13,45,32,0.00,0.00,0.00,0.00,0.00,0.05,0.04,0.09,0.05,0.09,Matches
Philipp Bargfrede,de GER,"MF,DF",Werder Bremen,29,1989,15,13,"1,079",12.0,0,0,0,0,0,0,6,0,0.2,0.2,0.1,0.3,8,57,6,0.00,0.00,0.00,0.00,0.00,0.01,0.01,0.03,0.01,0.03,Matches
Aymen Barkok,ma MAR,MF,Düsseldorf,20,1998,12,4,510,5.7,0,0,0,0,0,0,0,0,0.5,0.5,0.2,0.7,8,25,24,0.00,0.00,0.00,0.00,0.00,0.09,0.03,0.12,0.09,0.12,Matches
Leandro Barreiro Martins,lu LUX,MF,Mainz 05,18,2000,1,1,90,1.0,0,0,0,0,0,0,1,0,0.0,0.0,0.1,0.1,2,3,0,0.00,0.00,0.00,0.00,0.00,0.02,0.07,0.08,0.02,0.08,Matches
Fin Bartels,de GER,"MF,FW",Werder Bremen,31,1987,2,0,23,0.3,0,0,0,0,0,0,0,0,0.0,0.0,0.0,0.0,1,1,1,0.00,0.00,0.00,0.00,0.00,0.00,0.00,0.00,0.00,0.00,Matches
Robert Bauer,de GER,DF,Nürnberg,23,1995,22,19,"1,722",19.1,0,0,0,0,0,0,4,1,0.2,0.2,1.1,1.3,31,72,49,0.00,0.00,0.00,0.00,0.00,0.01,0.06,0.07,0.01,0.07,Matches
Oliver Baumann,de GER,GK,Hoffenheim,28,1990,33,33,"2,970",33.0,0,1,1,0,0,0,0,0,0.0,0.0,0.1,0.1,0,0,0,0.00,0.03,0.03,0.00,0.03,0.00,0.00,0.00,0.00,0.00,Matches
Timo Baumgartl,de GER,DF,Stuttgart,22,1996,18,18,"1,620",18.0,1,0,1,1,0,0,2,0,0.3,0.3,0.2,0.5,5,43,7,0.06,0.00,0.06,0.06,0.06,0.02,0.01,0.03,0.02,0.03,Matches
Julian Baumgartlinger,at AUT,MF,Leverkusen,30,1988,21,16,"1,559",17.3,0,1,1,0,0,0,2,0,0.6,0.6,0.6,1.2,21,111,25,0.00,0.06,0.06,0.00,0.06,0.04,0.03,0.07,0.04,0.07,Matches
Christoph Baumgartner,at AUT,MF,Hoffenheim,18,1999,2,1,85,0.9,0,0,0,0,0,0,2,1,0.1,0.1,0.0,0.1,9,5,1,0.00,0.00,0.00,0.00,0.00,0.11,0.00,0.11,0.11,0.11,Matches
Noah Joel Sarenren Bazee,ng NGA,"FW,MF",Hannover 96,21,1996,3,3,155,1.7,0,0,0,0,0,0,0,0,0.5,0.5,0.0,0.5,6,2,17,0.00,0.00,0.00,0.00,0.00,0.28,0.00,0.28,0.28,0.28,Matches
Ihlas Bebou,tg TOG,"MF,FW",Hannover 96,24,1994,12,12,"1,066",11.8,4,3,7,3,1,1,1,0,4.6,3.8,1.9,5.7,48,48,97,0.34,0.25,0.59,0.25,0.51,0.39,0.16,0.55,0.32,0.48,Matches
Uffe Bech,dk DEN,FW,Hannover 96,25,1993,2,0,19,0.2,0,0,0,0,0,0,1,0,0.0,0.0,0.7,0.7,3,1,4,0.00,0.00,0.00,0.00,0.00,0.00,3.20,3.20,0.00,3.20,Matches
Andreas Beck,de GER,DF,Stuttgart,31,1987,24,21,"1,776",19.7,0,2,2,0,0,0,2,0,0.7,0.7,1.4,2.1,15,63,48,0.00,0.10,0.10,0.00,0.10,0.04,0.07,0.11,0.04,0.11,Matches
Hanno Behrens,de GER,MF,Nürnberg,28,1990,30,30,"2,639",29.3,4,1,5,2,2,4,3,0,7.9,4.8,1.5,6.2,25,78,54,0.14,0.03,0.17,0.07,0.10,0.27,0.05,0.32,0.16,0.21,Matches
Ishak Belfodil,dz ALG,"FW,MF",Hoffenheim,26,1992,28,20,"1,863",20.7,16,3,19,16,0,0,3,0,12.3,12.3,5.1,17.4,63,30,210,0.77,0.14,0.92,0.77,0.92,0.59,0.25,0.84,0.59,0.84,Matches
Stefan Bell,de GER,DF,Mainz 05,26,1991,25,25,"2,250",25.0,0,0,0,0,0,0,7,0,1.6,1.6,1.2,2.8,24,129,8,0.00,0.00,0.00,0.00,0.00,0.06,0.05,0.11,0.06,0.11,Matches
Karim Bellarabi,de GER,FW,Leverkusen,28,1990,19,14,"1,057",11.7,5,4,9,5,0,0,4,1,3.3,3.3,5.1,8.4,49,46,140,0.43,0.34,0.77,0.43,0.77,0.28,0.43,0.71,0.28,0.71,Matches
Lars Bender,de GER,"MF,DF",Leverkusen,29,1989,20,18,"1,361",15.1,1,4,5,1,0,0,2,0,1.1,1.1,1.3,2.5,16,95,65,0.07,0.26,0.33,0.07,0.33,0.07,0.09,0.16,0.07,0.16,Matches
Sven Bender,de GER,DF,Leverkusen,29,1989,27,25,"1,991",22.1,0,0,0,0,0,0,3,0,0.9,0.9,0.2,1.1,12,94,0,0.00,0.00,0.00,0.00,0.00,0.04,0.01,0.05,0.04,0.05,Matches
László Bénes,sk SVK,"MF,FW",M'Gladbach,20,1997,1,0,27,0.3,0,0,0,0,0,0,0,0,0.0,0.0,0.0,0.0,0,1,0,0.00,0.00,0.00,0.00,0.00,0.00,0.00,0.00,0.00,0.00,Matches
Nabil Bentaleb,dz ALG,MF,Schalke 04,23,1994,25,19,"1,792",19.9,3,0,3,0,3,3,4,0,3.5,1.1,0.9,2.0,42,101,39,0.15,0.00,0.15,0.00,0.00,0.18,0.05,0.22,0.06,0.10,Matches
Jordan Beyer,de GER,DF,M'Gladbach,18,2000,9,8,720,8.0,0,0,0,0,0,0,1,0,0.4,0.4,0.1,0.5,10,31,13,0.00,0.00,0.00,0.00,0.00,0.05,0.02,0.06,0.05,0.06,Matches
Ermin Bičakčić,ba BIH,DF,Hoffenheim,28,1990,25,20,"1,790",19.9,1,2,3,1,0,0,0,0,1.5,1.5,0.7,2.2,47,133,4,0.05,0.10,0.15,0.05,0.15,0.07,0.03,0.11,0.07,0.11,Matches
Leonardo Bittencourt,de GER,MF,Hoffenheim,24,1993,21,13,"1,069",11.9,1,3,4,1,0,0,1,0,2.6,2.6,2.8,5.4,48,53,66,0.08,0.25,0.34,0.08,0.34,0.22,0.24,0.46,0.22,0.46,Matches
Pablo de Blasis,ar ARG,FW,Mainz 05,30,1988,1,1,90,1.0,0,0,0,0,0,0,0,0,0.0,0.0,0.1,0.1,1,3,3,0.00,0.00,0.00,0.00,0.00,0.05,0.06,0.11,0.05,0.11,Matches
Danny Blum,de GER,MF,Eint Frankfurt,27,1991,1,0,3,0.0,0,0,0,0,0,0,0,0,0.0,0.0,0.0,0.0,0,0,0,0.00,0.00,0.00,0.00,0.00,0.00,0.00,0.00,0.00,0.00,Matches
Jérôme Boateng,de GER,DF,Bayern Munich,29,1988,20,19,"1,693",18.8,0,2,2,0,0,0,1,0,0.6,0.6,1.0,1.7,10,168,2,0.00,0.11,0.11,0.00,0.11,0.03,0.05,0.09,0.03,0.09,Matches
Adam Bodzek,de GER,"MF,DF",Düsseldorf,32,1985,21,20,"1,596",17.7,0,1,1,0,0,0,5,1,0.1,0.1,1.1,1.2,4,57,3,0.00,0.06,0.06,0.00,0.06,0.00,0.06,0.07,0.00,0.07,Matches
Jean-Paul Boëtius,nl NED,MF,Mainz 05,24,1994,30,25,"2,127",23.6,4,7,11,4,0,0,8,0,2.6,2.6,4.9,7.5,45,117,126,0.17,0.30,0.47,0.17,0.47,0.11,0.21,0.32,0.11,0.32,Matches
Robin Bormuth,de GER,DF,Düsseldorf,22,1995,10,6,616,6.8,0,0,0,0,0,0,2,0,0.0,0.0,0.0,0.0,2,19,2,0.00,0.00,0.00,0.00,0.00,0.00,0.00,0.00,0.00,0.00,Matches
Nassim Boujellab,ma MAR,MF,Schalke 04,19,1999,7,4,378,4.2,0,1,1,0,0,0,0,0,0.7,0.7,0.5,1.1,15,16,17,0.00,0.24,0.24,0.00,0.24,0.16,0.11,0.27,0.16,0.27,Matches
Julian Brandt,de GER,"MF,FW",Leverkusen,22,1996,33,30,"2,666",29.6,7,11,18,7,0,0,0,0,8.0,8.0,9.3,17.3,107,198,291,0.24,0.37,0.61,0.24,0.61,0.27,0.31,0.58,0.27,0.58,Matches
Fabian Bredlow,de GER,GK,Nürnberg,23,1995,13,12,"1,128",12.5,0,0,0,0,0,0,1,0,0.0,0.0,0.0,0.0,0,1,0,0.00,0.00,0.00,0.00,0.00,0.00,0.00,0.00,0.00,0.00,Matches
Josip Brekalo,hr CRO,"FW,MF",Wolfsburg,20,1998,25,15,"1,415",15.7,3,3,6,3,0,0,2,0,2.3,2.3,1.4,3.7,72,78,111,0.19,0.19,0.38,0.19,0.38,0.14,0.09,0.23,0.14,0.23,Matches
Joshua Brenet,nl NED,DF,Hoffenheim,24,1994,14,10,906,10.1,2,1,3,2,0,0,0,0,1.7,1.7,1.9,3.6,31,43,82,0.20,0.10,0.30,0.20,0.30,0.17,0.19,0.36,0.17,0.36,Matches
John Brooks,us USA,DF,Wolfsburg,25,1993,29,29,"2,610",29.0,3,2,5,3,0,0,7,0,2.6,2.6,0.8,3.4,27,135,3,0.10,0.07,0.17,0.10,0.17,0.09,0.03,0.12,0.09,0.12,Matches
Daniel Brosinski,de GER,DF,Mainz 05,30,1988,26,26,"2,203",24.5,3,5,8,0,3,3,2,0,3.1,0.7,4.1,4.9,47,98,112,0.12,0.20,0.33,0.00,0.20,0.13,0.17,0.30,0.03,0.20,Matches
Bruma,pt POR,MF,RB Leipzig,23,1994,14,6,553,6.1,1,1,2,1,0,1,1,0,1.5,0.7,1.3,2.0,26,35,43,0.16,0.16,0.33,0.16,0.33,0.24,0.22,0.46,0.11,0.33,Matches
Jeffrey Bruma,nl NED,DF,Schalke 04,26,1991,9,7,624,6.9,0,0,0,0,0,0,4,0,0.1,0.1,0.0,0.1,7,34,1,0.00,0.00,0.00,0.00,0.00,0.01,0.00,0.01,0.01,0.01,Matches
Jacob Bruun Larsen,dk DEN,FW,Dortmund,19,1998,24,16,"1,265",14.1,2,2,4,2,0,0,0,0,3.3,3.3,3.5,6.9,38,39,138,0.14,0.14,0.28,0.14,0.28,0.24,0.25,0.49,0.24,0.49,Matches
Niko Bungert,de GER,DF,Mainz 05,31,1986,7,3,284,3.2,0,0,0,0,0,0,0,0,0.2,0.2,0.0,0.2,0,5,0,0.00,0.00,0.00,0.00,0.00,0.05,0.01,0.06,0.05,0.06,Matches
Guido Burgstaller,at AUT,FW,Schalke 04,29,1989,24,17,"1,526",17.0,4,0,4,4,0,0,4,0,5.9,5.9,1.4,7.2,23,22,111,0.24,0.00,0.24,0.24,0.24,0.35,0.08,0.43,0.35,0.43,Matches
Jonathan Burkardt,de GER,"FW,MF",Mainz 05,18,2000,4,4,259,2.9,0,0,0,0,0,0,0,0,0.8,0.8,0.5,1.4,3,5,17,0.00,0.00,0.00,0.00,0.00,0.28,0.19,0.47,0.28,0.47,Matches
Roman Bürki,ch SUI,GK,Dortmund,27,1990,32,32,"2,880",32.0,0,0,0,0,0,0,1,0,0.0,0.0,0.0,0.0,0,0,0,0.00,0.00,0.00,0.00,0.00,0.00,0.00,0.00,0.00,0.00,Matches
Gaëtan Bussmann,fr FRA,DF,Mainz 05,27,1991,1,1,90,1.0,0,0,0,0,0,0,0,0,0.0,0.0,0.0,0.0,1,2,3,0.00,0.00,0.00,0.00,0.00,0.00,0.00,0.00,0.00,0.00,Matches
Jakub Błaszczykowski,pl POL,MF,Wolfsburg,32,1985,1,0,13,0.1,0,0,0,0,0,0,0,0,0.0,0.0,0.0,0.0,0,0,0,0.00,0.00,0.00,0.00,0.00,0.00,0.00,0.00,0.00,0.00,Matches
Caiuby,br BRA,"MF,FW",Augsburg,30,1988,14,10,"1,006",11.2,1,1,2,1,0,0,3,0,2.2,2.2,1.0,3.2,29,31,82,0.09,0.09,0.18,0.09,0.18,0.20,0.09,0.28,0.20,0.28,Matches
Daniel Caligiuri,it ITA,"DF,FW",Schalke 04,30,1988,31,31,"2,756",30.6,7,3,10,3,4,6,9,0,6.5,1.8,5.4,7.2,107,155,141,0.23,0.10,0.33,0.10,0.20,0.21,0.18,0.39,0.06,0.24,Matches
Jan-Ingwer Callsen-Bracker,de GER,DF,Augsburg,33,1984,1,0,7,0.1,0,0,0,0,0,0,1,0,0.1,0.1,0.0,0.1,0,0,0,0.00,0.00,0.00,0.00,0.00,0.86,0.00,0.86,0.86,0.86,Matches
Ignacio Camacho,es ESP,MF,Wolfsburg,28,1990,6,6,540,6.0,0,0,0,0,0,0,3,0,0.4,0.4,0.5,0.9,3,43,2,0.00,0.00,0.00,0.00,0.00,0.07,0.08,0.15,0.07,0.15,Matches
Jonas Carls,de GER,FW,Schalke 04,21,1997,1,1,90,1.0,0,0,0,0,0,0,0,0,0.0,0.0,0.0,0.0,4,2,1,0.00,0.00,0.00,0.00,0.00,0.00,0.03,0.03,0.00,0.03,Matches
Koen Casteels,be BEL,GK,Wolfsburg,26,1992,26,26,"2,295",25.5,0,0,0,0,0,0,0,0,0.0,0.0,0.0,0.0,0,2,0,0.00,0.00,0.00,0.00,0.00,0.00,0.00,0.00,0.00,0.00,Matches
Gonzalo Castro,de GER,MF,Stuttgart,31,1987,25,19,"1,692",18.8,2,4,6,2,0,0,4,0,1.2,1.2,2.2,3.4,24,92,37,0.11,0.21,0.32,0.11,0.32,0.06,0.11,0.18,0.06,0.18,Matches
Timothy Chandler,us USA,DF,Eint Frankfurt,28,1990,1,0,17,0.2,0,0,0,0,0,0,0,0,0.0,0.0,0.1,0.1,0,0,2,0.00,0.00,0.00,0.00,0.00,0.00,0.47,0.47,0.00,0.47,Matches
Per Ciljan Skjelbred,no NOR,MF,Hertha BSC,31,1987,16,12,997,11.1,0,1,1,0,0,0,3,0,0.5,0.5,0.3,0.8,14,57,14,0.00,0.09,0.09,0.00,0.09,0.04,0.03,0.07,0.04,0.07,Matches
Kingsley Coman,fr FRA,"FW,MF",Bayern Munich,22,1996,21,17,"1,378",15.3,6,4,10,6,0,0,2,0,4.0,4.0,4.0,8.0,99,55,244,0.39,0.26,0.65,0.39,0.65,0.26,0.26,0.52,0.26,0.52,Matches
Sergio Córdova,ve VEN,FW,Augsburg,20,1997,20,3,531,5.9,3,0,3,3,0,0,1,0,1.0,1.0,0.2,1.2,8,11,27,0.51,0.00,0.51,0.51,0.51,0.17,0.03,0.20,0.17,0.20,Matches
Danny da Costa,de GER,"DF,FW",Eint Frankfurt,25,1993,34,34,"3,033",33.7,2,4,6,2,0,0,1,0,3.6,3.6,5.4,9.0,76,88,185,0.06,0.12,0.18,0.06,0.18,0.11,0.16,0.27,0.11,0.27,Matches
Mickaël Cuisance,fr FRA,MF,M'Gladbach,18,1999,11,1,279,3.1,0,1,1,0,0,0,3,0,0.4,0.4,0.3,0.7,8,20,19,0.00,0.32,0.32,0.00,0.32,0.14,0.09,0.23,0.14,0.23,Matches
Matheus Cunha,br BRA,"FW,MF",RB Leipzig,19,1999,25,9,853,9.5,2,0,2,2,0,0,1,0,4.2,4.2,0.7,4.9,21,30,75,0.21,0.00,0.21,0.21,0.21,0.44,0.08,0.52,0.44,0.52,Matches
Christoph Daferner,de GER,FW,Freiburg,20,1998,1,0,25,0.3,0,0,0,0,0,0,0,0,0.0,0.0,0.0,0.0,0,0,0,0.00,0.00,0.00,0.00,0.00,0.00,0.00,0.00,0.00,0.00,Matches
Mahmoud Dahoud,de GER,MF,Dortmund,22,1996,14,7,697,7.7,1,0,1,1,0,0,2,0,1.2,1.2,1.0,2.2,20,53,15,0.13,0.00,0.13,0.13,0.13,0.16,0.12,0.28,0.16,0.28,Matches
Leon Dajaku,de GER,"DF,MF",Stuttgart,17,2001,2,0,27,0.3,0,0,0,0,0,0,0,0,0.0,0.0,0.0,0.0,0,1,0,0.00,0.00,0.00,0.00,0.00,0.00,0.00,0.00,0.00,0.00,Matches
Kevin Danso,at AUT,DF,Augsburg,19,1998,18,13,"1,247",13.9,1,1,2,1,0,0,3,0,0.5,0.5,0.2,0.7,6,36,2,0.07,0.07,0.14,0.07,0.14,0.04,0.01,0.05,0.04,0.05,Matches
Palkó Dárdai,hu HUN,"FW,MF",Hertha BSC,19,1999,7,1,113,1.3,0,0,0,0,0,0,0,0,0.1,0.1,0.1,0.2,3,3,12,0.00,0.00,0.00,0.00,0.00,0.04,0.09,0.13,0.04,0.13,Matches
Vladimír Darida,cz CZE,MF,Hertha BSC,27,1990,10,3,376,4.2,0,1,1,0,0,0,1,0,1.0,1.0,0.8,1.7,7,34,12,0.00,0.24,0.24,0.00,0.24,0.23,0.18,0.42,0.23,0.42,Matches
Alphonso Davies,ca CAN,"MF,FW",Bayern Munich,17,2000,6,0,80,0.9,1,0,1,1,0,0,1,0,0.1,0.1,0.0,0.1,1,1,7,1.13,0.00,1.13,1.13,1.13,0.15,0.00,0.15,0.15,0.15,Matches
Thomas Delaney,dk DEN,MF,Dortmund,26,1991,30,27,"2,283",25.4,3,5,8,3,0,0,7,0,2.4,2.4,3.2,5.6,21,126,32,0.12,0.20,0.32,0.12,0.32,0.09,0.13,0.22,0.09,0.22,Matches
Kerem Demirbay,de GER,MF,Hoffenheim,25,1993,26,24,"2,017",22.4,4,9,13,4,0,0,6,0,4.5,4.5,7.4,11.8,82,181,66,0.18,0.40,0.58,0.18,0.58,0.20,0.33,0.53,0.20,0.53,Matches
Diego Demme,de GER,MF,RB Leipzig,26,1991,26,24,"2,055",22.8,0,2,2,0,0,0,4,0,0.4,0.4,2.7,3.1,52,182,38,0.00,0.09,0.09,0.00,0.09,0.02,0.12,0.14,0.02,0.14,Matches
Franco Di Santo,ar ARG,"MF,FW",Schalke 04,29,1989,4,3,245,2.7,0,0,0,0,0,0,0,0,0.2,0.2,0.5,0.7,7,2,19,0.00,0.00,0.00,0.00,0.00,0.08,0.17,0.25,0.08,0.25,Matches
Abdou Diallo,sn SEN,DF,Dortmund,22,1996,28,27,"2,379",26.4,1,1,2,1,0,0,1,1,1.6,1.6,0.6,2.2,46,125,62,0.04,0.04,0.08,0.04,0.08,0.06,0.02,0.08,0.06,0.08,Matches
Daniel Didavi,de GER,"MF,FW",Stuttgart,28,1990,20,8,956,10.6,2,2,4,2,0,0,0,0,1.9,1.9,2.7,4.6,29,45,70,0.19,0.19,0.38,0.19,0.38,0.18,0.26,0.43,0.18,0.43,Matches
Tim Dierßen,de GER,MF,Hannover 96,22,1996,1,0,16,0.2,0,0,0,0,0,0,0,0,0.0,0.0,0.0,0.0,0,0,0,0.00,0.00,0.00,0.00,0.00,0.00,0.00,0.00,0.00,0.00,Matches
Javairô Dilrosun,nl NED,"FW,MF",Hertha BSC,20,1998,17,7,898,10.0,2,3,5,2,0,0,2,0,0.5,0.5,1.9,2.4,36,22,64,0.20,0.30,0.50,0.20,0.50,0.05,0.20,0.24,0.05,0.24,Matches
Giulio Donati,it ITA,DF,Mainz 05,28,1990,9,6,625,6.9,0,0,0,0,0,0,2,0,0.1,0.1,0.6,0.7,13,32,33,0.00,0.00,0.00,0.00,0.00,0.01,0.08,0.10,0.01,0.10,Matches
Ji Dong-won,kr KOR,"MF,FW",Augsburg,27,1991,14,10,891,9.9,4,1,5,4,0,0,2,0,1.6,1.6,1.0,2.6,29,42,53,0.40,0.10,0.51,0.40,0.51,0.16,0.10,0.26,0.16,0.26,Matches
Anastasios Donis,gr GRE,"FW,MF",Stuttgart,21,1996,24,11,962,10.7,5,2,7,5,0,0,4,0,2.9,2.9,1.0,3.9,33,8,79,0.47,0.19,0.65,0.47,0.65,0.27,0.10,0.37,0.27,0.37,Matches
Aleksandar Dragović,at AUT,DF,Leverkusen,27,1991,18,13,"1,335",14.8,2,0,2,2,0,0,4,0,0.8,0.8,0.1,0.9,10,70,2,0.13,0.00,0.13,0.13,0.13,0.05,0.01,0.06,0.05,0.06,Matches
Josip Drmić,ch SUI,FW,M'Gladbach,25,1992,5,2,222,2.5,2,0,2,2,0,0,0,0,1.4,1.4,0.0,1.4,7,1,18,0.81,0.00,0.81,0.81,0.81,0.56,0.01,0.57,0.56,0.57,Matches
Jaroslav Drobný,cz CZE,GK,Düsseldorf,38,1979,2,2,180,2.0,0,0,0,0,0,0,0,0,0.0,0.0,0.0,0.0,0,0,0,0.00,0.00,0.00,0.00,0.00,0.00,0.00,0.00,0.00,0.00,Matches
Marvin Ducksch,de GER,FW,Düsseldorf,24,1994,16,8,823,9.1,1,1,2,1,0,0,1,0,1.6,1.6,1.8,3.4,8,33,61,0.11,0.11,0.22,0.11,0.22,0.18,0.20,0.38,0.18,0.38,Matches
Ondrej Duda,sk SVK,MF,Hertha BSC,23,1994,32,30,"2,563",28.5,11,5,16,11,0,0,7,0,7.0,7.0,5.8,12.8,36,141,116,0.39,0.18,0.56,0.39,0.56,0.25,0.20,0.45,0.25,0.45,Matches
Johannes Eggestein,de GER,"FW,MF",Werder Bremen,20,1998,23,12,"1,113",12.4,4,1,5,4,0,0,0,0,4.6,4.6,1.8,6.4,42,35,121,0.32,0.08,0.40,0.32,0.40,0.38,0.14,0.52,0.38,0.52,Matches
Maximilian Eggestein,de GER,MF,Werder Bremen,21,1996,34,34,"3,052",33.9,5,4,9,5,0,0,4,0,2.1,2.1,4.6,6.7,77,199,127,0.15,0.12,0.27,0.15,0.27,0.06,0.14,0.20,0.06,0.20,Matches
Josip Elez,hr CRO,DF,Hannover 96,24,1994,10,7,646,7.2,0,0,0,0,0,0,1,0,0.1,0.1,0.1,0.2,14,29,0,0.00,0.00,0.00,0.00,0.00,0.01,0.01,0.03,0.01,0.03,Matches
Nico Elvedi,ch SUI,DF,M'Gladbach,21,1996,30,30,"2,623",29.1,2,1,3,2,0,0,1,0,1.4,1.4,0.7,2.1,53,118,11,0.07,0.03,0.10,0.07,0.10,0.05,0.02,0.07,0.05,0.07,Matches
Breel Embolo,ch SUI,FW,Schalke 04,21,1997,20,15,"1,345",14.9,5,1,6,5,0,0,4,0,4.2,4.2,2.9,7.1,31,23,111,0.33,0.07,0.40,0.33,0.40,0.28,0.19,0.47,0.28,0.47,Matches
Patrick Erras,de GER,MF,Nürnberg,23,1995,19,13,"1,222",13.6,0,1,1,0,0,0,1,0,0.8,0.7,0.8,1.5,3,37,3,0.00,0.07,0.07,0.00,0.07,0.06,0.06,0.12,0.05,0.11,Matches
Michael Esser,de GER,GK,Hannover 96,30,1987,32,32,"2,880",32.0,0,0,0,0,0,0,3,0,0.0,0.0,0.5,0.5,0,0,0,0.00,0.00,0.00,0.00,0.00,0.00,0.02,0.02,0.00,0.02,Matches
Alexander Esswein,de GER,"MF,FW",Stuttgart,28,1990,17,15,"1,251",13.9,0,0,0,0,0,0,3,0,1.7,1.7,1.3,3.0,34,24,138,0.00,0.00,0.00,0.00,0.00,0.12,0.10,0.22,0.12,0.22,Matches
Ewerton,br BRA,DF,Nürnberg,29,1989,18,15,"1,341",14.9,0,0,0,0,0,0,2,0,0.6,0.6,0.1,0.7,2,20,0,0.00,0.00,0.00,0.00,0.00,0.04,0.01,0.04,0.04,0.04,Matches
Marco Fabián,mx MEX,FW,Eint Frankfurt,29,1989,1,1,62,0.7,0,0,0,0,0,0,0,0,0.1,0.1,0.0,0.1,2,0,2,0.00,0.00,0.00,0.00,0.00,0.10,0.00,0.10,0.10,0.10,Matches
Ralf Fährmann,de GER,GK,Schalke 04,29,1988,17,16,"1,470",16.3,0,0,0,0,0,0,0,0,0.0,0.0,0.0,0.0,0,0,0,0.00,0.00,0.00,0.00,0.00,0.00,0.00,0.00,0.00,0.00,Matches
Simon Falette,gn GUI,DF,Eint Frankfurt,26,1992,7,7,600,6.7,0,0,0,0,0,0,0,0,0.1,0.1,0.0,0.1,1,16,3,0.00,0.00,0.00,0.00,0.00,0.01,0.00,0.01,0.01,0.01,Matches
Felipe,br BRA,DF,Hannover 96,31,1987,17,14,"1,095",12.2,2,0,2,2,0,0,5,1,1.1,1.1,0.0,1.1,7,24,2,0.16,0.00,0.16,0.16,0.16,0.09,0.00,0.09,0.09,0.09,Matches
Ohis Felix Uduokhai,de GER,DF,Wolfsburg,20,1997,11,2,244,2.7,0,0,0,0,0,0,2,0,0.0,0.0,0.0,0.0,5,15,4,0.00,0.00,0.00,0.00,0.00,0.01,0.00,0.01,0.01,0.01,Matches
Gelson Fernandes,ch SUI,MF,Eint Frankfurt,31,1986,28,28,"2,225",24.7,1,0,1,1,0,0,10,1,0.8,0.8,0.3,1.1,3,72,5,0.04,0.00,0.04,0.04,0.04,0.03,0.01,0.04,0.03,0.04,Matches
Oliver Fink,de GER,MF,Düsseldorf,36,1982,18,13,"1,055",11.7,3,0,3,3,0,0,4,0,0.7,0.7,0.6,1.3,15,51,33,0.26,0.00,0.26,0.26,0.26,0.06,0.05,0.11,0.06,0.11,Matches
Alfreð Finnbogason,is ISL,FW,Augsburg,29,1989,18,17,"1,335",14.8,10,1,11,6,4,4,2,0,10.6,7.5,2.4,9.8,21,27,110,0.67,0.07,0.74,0.40,0.47,0.71,0.16,0.88,0.50,0.66,Matches
Mark Flekken,nl NED,GK,Freiburg,25,1993,1,1,90,1.0,0,0,0,0,0,0,0,0,0.0,0.0,0.0,0.0,0,0,0,0.00,0.00,0.00,0.00,0.00,0.00,0.00,0.00,0.00,0.00,Matches
Emil Forsberg,se SWE,"MF,FW",RB Leipzig,26,1991,20,14,"1,249",13.9,4,7,11,1,3,3,0,0,4.8,2.5,4.5,7.0,40,84,95,0.29,0.50,0.79,0.07,0.58,0.35,0.33,0.67,0.18,0.50,Matches
Iver Fossum,no NOR,MF,Hannover 96,22,1996,9,5,455,5.1,0,0,0,0,0,0,0,0,0.2,0.2,1.1,1.3,4,12,14,0.00,0.00,0.00,0.00,0.00,0.04,0.22,0.26,0.04,0.26,Matches
Raphael Framberger,de GER,"DF,MF",Augsburg,22,1995,7,6,548,6.1,0,0,0,0,0,0,2,0,0.0,0.0,1.5,1.5,23,22,24,0.00,0.00,0.00,0.00,0.00,0.00,0.24,0.24,0.00,0.24,Matches
Mike Frantz,de GER,"MF,FW",Freiburg,31,1986,31,29,"2,216",24.6,2,1,3,2,0,0,2,0,1.7,1.7,1.5,3.1,36,33,68,0.08,0.04,0.12,0.08,0.12,0.07,0.06,0.13,0.07,0.13,Matches
Marco Friedl,at AUT,DF,Werder Bremen,20,1998,7,5,474,5.3,0,0,0,0,0,0,3,0,0.0,0.0,0.0,0.0,3,24,7,0.00,0.00,0.00,0.00,0.00,0.01,0.00,0.01,0.01,0.01,Matches
Alexander Fuchs,de GER,"MF,FW",Nürnberg,21,1997,9,8,655,7.3,1,0,1,1,0,0,3,0,0.6,0.6,0.7,1.3,11,30,23,0.14,0.00,0.14,0.14,0.14,0.08,0.10,0.17,0.08,0.17,Matches
Niclas Füllkrug,de GER,FW,Hannover 96,25,1993,14,13,"1,112",12.4,2,1,3,1,1,1,1,0,3.8,3.1,0.9,3.9,24,46,102,0.16,0.08,0.24,0.08,0.16,0.31,0.07,0.38,0.25,0.32,Matches
Mijat Gaćinović,rs SRB,MF,Eint Frankfurt,23,1995,29,16,"1,626",18.1,0,1,1,0,0,0,3,0,1.5,1.5,1.8,3.4,44,75,85,0.00,0.06,0.06,0.00,0.06,0.09,0.10,0.19,0.09,0.19,Matches
Jean-Philippe Gbamin,ci CIV,MF,Mainz 05,22,1995,31,30,"2,672",29.7,2,1,3,2,0,0,3,0,1.4,1.4,1.9,3.3,67,135,67,0.07,0.03,0.10,0.07,0.10,0.05,0.06,0.11,0.05,0.11,Matches
Theodor Gebre Selassie,cz CZE,DF,Werder Bremen,31,1986,32,32,"2,814",31.3,3,2,5,3,0,0,2,0,3.9,3.9,2.0,5.9,42,131,151,0.10,0.06,0.16,0.10,0.16,0.13,0.06,0.19,0.13,0.19,Matches
Dennis Geiger,de GER,MF,Hoffenheim,20,1998,4,2,246,2.7,0,1,1,0,0,0,1,0,0.1,0.1,0.9,1.0,6,18,4,0.00,0.37,0.37,0.00,0.37,0.05,0.31,0.36,0.05,0.36,Matches
Christian Gentner,de GER,"MF,FW",Stuttgart,32,1985,29,24,"2,018",22.4,0,5,5,0,0,0,3,0,2.5,2.5,2.1,4.6,33,134,65,0.00,0.22,0.22,0.00,0.22,0.11,0.09,0.20,0.11,0.20,Matches
Yannick Gerhardt,de GER,MF,Wolfsburg,24,1994,30,28,"2,455",27.3,2,2,4,2,0,0,2,0,3.5,3.5,3.1,6.6,74,95,155,0.07,0.07,0.15,0.07,0.15,0.13,0.11,0.24,0.13,0.24,Matches
Fabian Giefer,de GER,GK,Augsburg,28,1990,4,4,360,4.0,0,0,0,0,0,0,0,0,0.0,0.0,0.0,0.0,0,0,0,0.00,0.00,0.00,0.00,0.00,0.00,0.01,0.01,0.00,0.01,Matches
Niko Gießelmann,de GER,DF,Düsseldorf,26,1991,30,29,"2,593",28.8,0,3,3,0,0,0,2,0,1.3,1.3,3.2,4.5,54,116,100,0.00,0.10,0.10,0.00,0.10,0.04,0.11,0.16,0.04,0.16,Matches
Daniel Ginczek,de GER,FW,Wolfsburg,27,1991,24,12,"1,276",14.2,6,2,8,6,0,0,4,0,3.8,3.8,1.6,5.4,34,25,103,0.42,0.14,0.56,0.42,0.56,0.27,0.11,0.38,0.27,0.38,Matches
Matthias Ginter,de GER,DF,M'Gladbach,24,1994,27,27,"2,379",26.4,2,0,2,2,0,0,2,0,1.8,1.8,1.0,2.8,61,151,19,0.08,0.00,0.08,0.08,0.08,0.07,0.04,0.11,0.07,0.11,Matches
Serge Gnabry,de GER,"FW,MF",Bayern Munich,23,1995,30,21,"1,762",19.6,10,5,15,10,0,0,0,0,9.4,9.4,6.9,16.3,101,69,236,0.51,0.26,0.77,0.51,0.77,0.48,0.35,0.83,0.48,0.83,Matches
Kevin Goden,de GER,"DF,MF",Nürnberg,19,1999,5,3,273,3.0,0,0,0,0,0,0,1,0,0.0,0.0,0.1,0.1,2,4,7,0.00,0.00,0.00,0.00,0.00,0.00,0.02,0.02,0.00,0.02,Matches
Mario Gómez,de GER,FW,Stuttgart,33,1985,31,25,"2,211",24.6,7,2,9,7,0,0,4,1,9.3,9.3,2.7,12.0,18,37,111,0.28,0.08,0.37,0.28,0.37,0.38,0.11,0.49,0.38,0.49,Matches
Jérôme Gondorf,de GER,"MF,FW",Freiburg,30,1988,25,13,"1,296",14.4,2,2,4,2,0,0,3,0,1.5,1.5,3.1,4.7,22,54,62,0.14,0.14,0.28,0.14,0.28,0.10,0.22,0.32,0.10,0.32,Matches
Nicolás González,ar ARG,"FW,MF",Stuttgart,20,1998,30,23,"2,162",24.0,2,3,5,2,0,0,2,1,6.3,6.3,3.9,10.2,62,51,154,0.08,0.12,0.21,0.08,0.21,0.26,0.16,0.42,0.26,0.42,Matches
Leon Goretzka,de GER,MF,Bayern Munich,23,1995,30,23,"2,023",22.5,8,4,12,8,0,0,3,0,6.3,6.3,2.5,8.8,58,112,79,0.36,0.18,0.53,0.36,0.53,0.28,0.11,0.39,0.28,0.39,Matches
Felix Götze,de GER,MF,Augsburg,20,1998,6,0,126,1.4,1,0,1,1,0,0,0,0,1.1,1.1,0.0,1.1,0,4,2,0.71,0.00,0.71,0.71,0.71,0.75,0.00,0.75,0.75,0.75,Matches
Mario Götze,de GER,"FW,MF",Dortmund,26,1992,26,19,"1,674",18.6,7,7,14,7,0,0,0,0,4.7,4.7,6.2,10.9,54,80,182,0.38,0.38,0.75,0.38,0.75,0.25,0.33,0.59,0.25,0.59,Matches
Jeffrey Gouweleeuw,nl NED,DF,Augsburg,27,1991,25,24,"2,092",23.2,0,2,2,0,0,0,4,0,0.7,0.7,2.0,2.7,25,127,2,0.00,0.09,0.09,0.00,0.09,0.03,0.09,0.12,0.03,0.12,Matches
Michael Gregoritsch,at AUT,"MF,FW",Augsburg,24,1994,32,28,"2,487",27.6,6,2,8,5,1,1,4,0,10.1,9.3,2.5,11.8,36,102,145,0.22,0.07,0.29,0.18,0.25,0.36,0.09,0.45,0.34,0.43,Matches
Vincenzo Grifo,it ITA,"MF,FW",Hoffenheim,25,1993,7,3,335,3.7,1,2,3,0,1,1,0,0,1.5,0.7,0.6,1.3,15,22,36,0.27,0.54,0.81,0.00,0.54,0.40,0.16,0.56,0.19,0.35,Matches
Vincenzo Grifo,it ITA,"MF,FW",Freiburg,25,1993,16,16,"1,427",15.9,6,3,9,5,1,1,1,0,3.6,2.9,3.2,6.1,63,68,110,0.38,0.19,0.57,0.32,0.50,0.23,0.20,0.43,0.18,0.38,Matches
Florian Grillitsch,at AUT,MF,Hoffenheim,22,1995,30,27,"2,394",26.6,0,3,3,0,0,0,8,0,1.3,1.3,2.9,4.2,54,177,14,0.00,0.11,0.11,0.00,0.11,0.05,0.11,0.16,0.05,0.16,Matches
Marko Grujić,rs SRB,MF,Hertha BSC,22,1996,22,20,"1,780",19.8,5,1,6,5,0,0,5,0,4.4,4.4,1.7,6.1,45,112,43,0.25,0.05,0.30,0.25,0.30,0.22,0.09,0.31,0.22,0.31,Matches
Raphaël Guerreiro,pt POR,"FW,DF",Dortmund,24,1993,23,17,"1,527",17.0,2,6,8,2,0,0,2,0,2.8,2.8,3.6,6.4,51,100,126,0.12,0.35,0.47,0.12,0.47,0.16,0.21,0.38,0.16,0.38,Matches
Josuha Guilavogui,fr FRA,MF,Wolfsburg,27,1990,19,18,"1,570",17.4,2,1,3,2,0,0,5,0,1.0,1.0,0.3,1.4,10,69,14,0.11,0.06,0.17,0.11,0.17,0.06,0.02,0.08,0.06,0.08,Matches
Péter Gulácsi,hu HUN,GK,RB Leipzig,28,1990,33,33,"2,925",32.5,0,0,0,0,0,0,0,0,0.0,0.0,0.2,0.2,0,0,0,0.00,0.00,0.00,0.00,0.00,0.00,0.01,0.01,0.00,0.01,Matches
Manuel Gulde,de GER,DF,Freiburg,27,1991,21,20,"1,712",19.0,1,0,1,1,0,0,3,0,0.9,0.9,0.1,1.0,19,58,2,0.05,0.00,0.05,0.05,0.05,0.05,0.01,0.05,0.05,0.05,Matches
Christian Günter,de GER,"DF,MF",Freiburg,25,1993,32,32,"2,879",32.0,0,5,5,0,0,0,4,1,1.2,1.2,3.6,4.8,97,89,201,0.00,0.16,0.16,0.00,0.16,0.04,0.11,0.15,0.04,0.15,Matches
Ahmet Gürleyen,de GER,DF,Mainz 05,19,1999,1,0,13,0.1,0,0,0,0,0,0,0,0,0.6,0.6,0.0,0.6,1,0,1,0.00,0.00,0.00,0.00,0.00,4.24,0.00,4.24,4.24,4.24,Matches
Jonathan de Guzmán,nl NED,MF,Eint Frankfurt,30,1987,28,17,"1,564",17.4,3,6,9,3,0,0,4,0,3.2,3.2,4.2,7.4,29,91,53,0.17,0.35,0.52,0.17,0.52,0.18,0.24,0.43,0.18,0.43,Matches
Janik Haberer,de GER,"MF,FW",Freiburg,24,1994,27,26,"2,340",26.0,1,3,4,1,0,0,5,1,1.3,1.3,3.3,4.6,30,105,80,0.04,0.12,0.15,0.04,0.15,0.05,0.13,0.18,0.05,0.18,Matches
Alexander Hack,de GER,DF,Mainz 05,24,1993,14,11,"1,020",11.3,1,1,2,1,0,0,1,0,0.9,0.9,0.5,1.4,12,46,2,0.09,0.09,0.18,0.09,0.18,0.08,0.05,0.12,0.08,0.12,Matches
Benjamin Hadžić,ba BIH,"FW,MF",Hannover 96,19,1999,3,0,25,0.3,0,1,1,0,0,0,0,0,0.0,0.0,0.0,0.0,0,0,2,0.00,3.60,3.60,0.00,3.60,0.00,0.16,0.16,0.00,0.16,Matches
André Hahn,de GER,"FW,MF",Augsburg,27,1990,28,21,"2,052",22.8,4,4,8,4,0,0,7,0,2.9,2.9,4.1,7.0,41,29,127,0.18,0.18,0.35,0.18,0.35,0.13,0.18,0.31,0.13,0.31,Matches
Amadou Haidara,ml MLI,MF,RB Leipzig,20,1998,9,4,378,4.2,1,0,1,1,0,0,1,0,0.6,0.6,0.6,1.1,10,32,13,0.24,0.00,0.24,0.24,0.24,0.14,0.13,0.27,0.14,0.27,Matches
Achraf Hakimi,ma MAR,DF,Dortmund,19,1998,21,19,"1,740",19.3,2,4,6,2,0,0,4,0,1.7,1.7,2.9,4.6,72,107,106,0.10,0.21,0.31,0.10,0.31,0.09,0.15,0.24,0.09,0.24,Matches
Sébastien Haller,ci CIV,FW,Eint Frankfurt,24,1994,29,23,"2,182",24.2,15,9,24,12,3,3,3,0,13.1,10.7,6.1,16.8,30,57,169,0.62,0.37,0.99,0.49,0.87,0.54,0.25,0.79,0.44,0.69,Matches
Marcel Halstenberg,de GER,"DF,FW",RB Leipzig,26,1991,28,27,"2,414",26.8,3,6,9,1,2,2,2,0,3.6,2.0,7.5,9.5,56,124,133,0.11,0.22,0.34,0.04,0.26,0.13,0.28,0.41,0.07,0.35,Matches
Genki Haraguchi,jp JPN,"MF,DF",Hannover 96,27,1991,28,22,"2,133",23.7,0,3,3,0,0,0,1,0,2.6,2.6,2.8,5.4,60,82,78,0.00,0.13,0.13,0.00,0.13,0.11,0.12,0.23,0.11,0.23,Matches
Amine Harit,ma MAR,"MF,FW",Schalke 04,21,1997,18,12,"1,082",12.0,1,1,2,1,0,0,1,0,1.0,1.0,1.2,2.2,64,59,89,0.08,0.08,0.17,0.08,0.17,0.09,0.10,0.18,0.09,0.18,Matches
Martin Harnik,at AUT,"FW,MF",Werder Bremen,31,1987,18,10,828,9.2,4,2,6,4,0,0,2,0,5.8,5.8,1.7,7.5,14,17,97,0.43,0.22,0.65,0.43,0.65,0.63,0.18,0.81,0.63,0.81,Matches
Makoto Hasebe,jp JPN,"DF,MF",Eint Frankfurt,34,1984,28,28,"2,520",28.0,0,0,0,0,0,0,4,0,0.1,0.1,1.0,1.0,30,141,2,0.00,0.00,0.00,0.00,0.00,0.00,0.03,0.04,0.00,0.04,Matches
Kai Havertz,de GER,"MF,FW",Leverkusen,19,1999,34,33,"2,894",32.2,17,3,20,14,3,3,2,0,12.1,9.7,3.0,12.7,107,207,263,0.53,0.09,0.62,0.44,0.53,0.38,0.09,0.47,0.30,0.39,Matches
Thorgan Hazard,be BEL,"FW,MF",M'Gladbach,25,1993,33,33,"2,873",31.9,10,11,21,7,3,5,1,0,9.8,5.9,8.9,14.8,167,130,321,0.31,0.34,0.66,0.22,0.56,0.31,0.28,0.59,0.18,0.46,Matches
Dominique Heintz,de GER,DF,Freiburg,24,1993,34,34,"3,053",33.9,1,1,2,1,0,0,5,0,0.8,0.8,1.0,1.7,47,137,5,0.03,0.03,0.06,0.03,0.06,0.02,0.03,0.05,0.02,0.05,Matches
Rouwen Hennings,de GER,FW,Düsseldorf,30,1987,29,19,"1,833",20.4,7,4,11,6,1,1,3,0,8.5,7.7,3.1,10.9,15,53,119,0.34,0.20,0.54,0.29,0.49,0.42,0.15,0.57,0.38,0.53,Matches
Benjamin Henrichs,de GER,DF,Leverkusen,21,1997,1,1,63,0.7,0,0,0,0,0,0,1,0,0.0,0.0,0.0,0.0,2,3,6,0.00,0.00,0.00,0.00,0.00,0.00,0.00,0.00,0.00,0.00,Matches
Patrick Herrmann,de GER,"FW,DF",M'Gladbach,27,1991,24,10,"1,079",12.0,3,2,5,3,0,0,1,0,1.5,1.5,3.0,4.4,42,43,110,0.25,0.17,0.42,0.25,0.42,0.12,0.25,0.37,0.12,0.37,Matches
Martin Hinteregger,at AUT,DF,Augsburg,25,1992,18,18,"1,575",17.5,2,0,2,2,0,0,0,0,0.9,0.9,0.7,1.6,16,65,2,0.11,0.00,0.11,0.11,0.11,0.05,0.04,0.09,0.05,0.09,Matches
Martin Hinteregger,at AUT,DF,Eint Frankfurt,25,1992,14,14,"1,142",12.7,1,0,1,1,0,0,3,0,1.2,1.2,0.2,1.4,9,47,4,0.08,0.00,0.08,0.08,0.08,0.09,0.01,0.11,0.09,0.11,Matches
Marwin Hitz,ch SUI,GK,Dortmund,30,1987,2,2,180,2.0,0,0,0,0,0,0,1,0,0.0,0.0,0.0,0.0,0,0,0,0.00,0.00,0.00,0.00,0.00,0.00,0.00,0.00,0.00,0.00,Matches
André Hoffmann,de GER,"DF,MF",Düsseldorf,25,1993,13,11,"1,049",11.7,0,0,0,0,0,0,4,0,0.3,0.3,0.1,0.4,6,24,1,0.00,0.00,0.00,0.00,0.00,0.03,0.00,0.03,0.03,0.03,Matches
Nicolas Höfler,de GER,MF,Freiburg,28,1990,18,18,"1,615",17.9,0,0,0,0,0,0,6,0,0.8,0.8,1.2,2.0,14,92,11,0.00,0.00,0.00,0.00,0.00,0.04,0.07,0.11,0.04,0.11,Matches
Jonas Hofmann,de GER,MF,M'Gladbach,26,1992,27,21,"1,911",21.2,5,5,10,4,1,2,2,0,5.5,3.9,3.3,7.3,58,145,117,0.24,0.24,0.47,0.19,0.42,0.26,0.16,0.42,0.19,0.34,Matches
Lucas Höler,de GER,FW,Freiburg,24,1994,26,11,"1,006",11.2,4,0,4,4,0,0,0,0,3.9,3.9,0.4,4.3,22,25,86,0.36,0.00,0.36,0.36,0.36,0.35,0.03,0.38,0.35,0.38,Matches
Gerrit Holtmann,ph PHI,"FW,MF",Mainz 05,23,1995,4,1,145,1.6,0,0,0,0,0,0,2,0,0.1,0.1,0.4,0.5,5,3,14,0.00,0.00,0.00,0.00,0.00,0.07,0.25,0.32,0.07,0.32,Matches
Justin Hoogma,nl NED,"DF,MF",Hoffenheim,20,1998,2,1,111,1.2,0,0,0,0,0,0,0,0,0.0,0.0,0.0,0.0,3,10,1,0.00,0.00,0.00,0.00,0.00,0.00,0.00,0.00,0.00,0.00,Matches
Lukáš Hrádecký,fi FIN,GK,Leverkusen,28,1989,32,32,"2,880",32.0,0,0,0,0,0,0,1,0,0.0,0.0,0.1,0.1,0,0,0,0.00,0.00,0.00,0.00,0.00,0.00,0.00,0.00,0.00,0.00,Matches
Branimir Hrgota,se SWE,FW,Eint Frankfurt,25,1993,1,0,5,0.1,0,0,0,0,0,0,0,0,0.0,0.0,0.0,0.0,0,0,1,0.00,0.00,0.00,0.00,0.00,0.00,0.00,0.00,0.00,0.00,Matches
Benjamin Hübner,de GER,DF,Hoffenheim,29,1989,10,9,813,9.0,0,0,0,0,0,0,2,0,0.7,0.7,0.0,0.7,6,32,1,0.00,0.00,0.00,0.00,0.00,0.08,0.00,0.08,0.08,0.08,Matches
Mats Hummels,de GER,DF,Bayern Munich,29,1988,21,20,"1,775",19.7,1,1,2,1,0,0,1,0,2.4,2.4,1.0,3.4,19,138,6,0.05,0.05,0.10,0.05,0.10,0.12,0.05,0.17,0.12,0.17,Matches
Vedad Ibišević,ba BIH,FW,Hertha BSC,33,1984,28,24,"1,807",20.1,10,2,12,9,1,1,5,1,12.4,11.8,1.4,13.2,14,38,111,0.50,0.10,0.60,0.45,0.55,0.62,0.07,0.69,0.59,0.66,Matches
Ivo Iličević,hr CRO,MF,Nürnberg,31,1986,3,0,39,0.4,0,0,0,0,0,0,1,0,0.0,0.0,0.0,0.0,2,1,4,0.00,0.00,0.00,0.00,0.00,0.00,0.00,0.00,0.00,0.00,Matches
Stefan Ilsanker,at AUT,"DF,MF",RB Leipzig,29,1989,19,10,933,10.4,0,0,0,0,0,0,5,1,0.5,0.5,0.3,0.8,2,39,4,0.00,0.00,0.00,0.00,0.00,0.05,0.03,0.08,0.05,0.08,Matches
Emiliano Insúa,ar ARG,DF,Stuttgart,29,1989,27,24,"2,114",23.5,2,2,4,2,0,0,4,1,0.5,0.5,2.5,3.0,70,105,108,0.09,0.09,0.17,0.09,0.17,0.02,0.11,0.13,0.02,0.13,Matches
Mikael Ishak,se SWE,FW,Nürnberg,25,1993,29,22,"1,917",21.3,4,3,7,4,0,1,1,0,4.5,3.8,2.1,5.9,25,27,100,0.19,0.14,0.33,0.19,0.33,0.21,0.10,0.31,0.18,0.28,Matches
Gian-Luca Itter,de GER,DF,Wolfsburg,19,1999,2,1,94,1.0,0,0,0,0,0,0,0,0,0.0,0.0,0.0,0.0,6,2,0,0.00,0.00,0.00,0.00,0.00,0.00,0.00,0.00,0.00,0.00,Matches
Koo Ja-cheol,kr KOR,MF,Augsburg,29,1989,26,19,"1,640",18.2,2,1,3,2,0,0,3,0,3.7,3.7,0.8,4.5,24,65,48,0.11,0.05,0.16,0.11,0.16,0.20,0.05,0.25,0.20,0.25,Matches
Lukas Jäger,at AUT,"FW,MF",Nürnberg,24,1994,2,0,27,0.3,0,0,0,0,0,0,0,0,0.0,0.0,0.0,0.0,0,0,0,0.00,0.00,0.00,0.00,0.00,0.08,0.00,0.08,0.08,0.08,Matches
Christoph Janker,de GER,"MF,FW",Augsburg,33,1985,4,1,72,0.8,0,0,0,0,0,0,0,0,0.0,0.0,0.0,0.0,0,0,0,0.00,0.00,0.00,0.00,0.00,0.00,0.00,0.00,0.00,0.00,Matches
Tony Jantschke,de GER,DF,M'Gladbach,28,1990,14,10,933,10.4,0,1,1,0,0,0,0,0,0.2,0.2,0.4,0.6,7,36,2,0.00,0.10,0.10,0.00,0.10,0.02,0.03,0.06,0.02,0.06,Matches
Rune Jarstein,no NOR,GK,Hertha BSC,33,1984,31,31,"2,745",30.5,0,0,0,0,0,0,2,0,0.0,0.0,0.0,0.0,0,0,0,0.00,0.00,0.00,0.00,0.00,0.00,0.00,0.00,0.00,0.00,Matches
Dennis Jastrzembski,pl POL,"FW,DF",Hertha BSC,18,2000,5,0,61,0.7,0,0,0,0,0,0,1,0,0.0,0.0,0.1,0.1,6,1,5,0.00,0.00,0.00,0.00,0.00,0.04,0.09,0.12,0.04,0.12,Matches
Tin Jedvaj,hr CRO,DF,Leverkusen,22,1995,16,13,"1,121",12.5,0,0,0,0,0,0,3,0,0.7,0.7,0.2,1.0,21,54,36,0.00,0.00,0.00,0.00,0.00,0.06,0.02,0.08,0.06,0.08,Matches
Fredrik Jensen,fi FIN,"FW,MF",Augsburg,20,1997,6,2,207,2.3,0,0,0,0,0,0,0,0,0.3,0.3,0.8,1.0,3,3,9,0.00,0.00,0.00,0.00,0.00,0.12,0.33,0.45,0.12,0.45,Matches
Joelinton,br BRA,"FW,MF",Hoffenheim,21,1996,28,25,"2,130",23.7,7,5,12,7,0,0,5,0,8.3,8.3,5.2,13.5,53,72,160,0.30,0.21,0.51,0.30,0.51,0.35,0.22,0.57,0.35,0.57,Matches
Aron Jóhannsson,us USA,MF,Werder Bremen,27,1990,1,0,4,0.0,0,0,0,0,0,0,0,0,0.0,0.0,0.0,0.0,1,0,1,0.00,0.00,0.00,0.00,0.00,0.00,0.00,0.00,0.00,0.00,Matches
Fabian Johnson,us USA,"DF,FW",M'Gladbach,30,1987,18,11,"1,012",11.2,1,0,1,1,0,0,1,0,1.1,1.1,0.5,1.6,20,43,43,0.09,0.00,0.09,0.09,0.09,0.09,0.05,0.14,0.09,0.14,Matches
Jonathas,br BRA,FW,Hannover 96,29,1989,10,6,607,6.7,3,1,4,2,1,1,3,1,2.3,1.5,0.1,1.6,9,8,33,0.44,0.15,0.59,0.30,0.44,0.34,0.01,0.35,0.22,0.24,Matches
Luka Jović,rs SRB,"FW,MF",Eint Frankfurt,20,1997,32,25,"2,243",24.9,17,5,22,16,1,1,1,0,14.9,14.1,3.9,18.0,34,64,164,0.68,0.20,0.88,0.64,0.84,0.60,0.16,0.75,0.57,0.72,Matches
Sebastian Jung,de GER,DF,Wolfsburg,28,1990,1,1,56,0.6,0,0,0,0,0,0,0,0,0.0,0.0,0.0,0.0,2,2,2,0.00,0.00,0.00,0.00,0.00,0.00,0.06,0.06,0.00,0.06,Matches
Ozan Kabak,tr TUR,DF,Stuttgart,18,2000,15,15,"1,350",15.0,3,0,3,3,0,0,4,0,1.3,1.3,0.1,1.4,13,44,4,0.20,0.00,0.20,0.20,0.20,0.09,0.00,0.09,0.09,0.09,Matches
Pavel Kadeřábek,cz CZE,DF,Hoffenheim,26,1992,29,28,"2,509",27.9,3,4,7,3,0,0,7,0,3.8,3.8,6.1,9.9,74,91,224,0.11,0.14,0.25,0.11,0.25,0.14,0.22,0.36,0.14,0.36,Matches
Shinji Kagawa,jp JPN,MF,Dortmund,29,1989,2,1,98,1.1,0,0,0,0,0,0,0,0,0.4,0.4,0.0,0.4,0,4,6,0.00,0.00,0.00,0.00,0.00,0.40,0.00,0.40,0.40,0.40,Matches
Florian Kainz,at AUT,FW,Werder Bremen,25,1992,8,5,373,4.1,0,1,1,0,0,0,2,0,0.4,0.4,0.7,1.1,19,27,47,0.00,0.24,0.24,0.00,0.24,0.10,0.16,0.26,0.10,0.26,Matches
Salomon Kalou,ci CIV,"FW,MF",Hertha BSC,32,1985,30,27,"2,317",25.7,8,2,10,5,3,3,0,0,10.1,7.7,5.1,12.9,77,87,184,0.31,0.08,0.39,0.19,0.27,0.39,0.20,0.59,0.30,0.50,Matches
Marcin Kamiński,pl POL,DF,Düsseldorf,26,1992,27,27,"2,430",27.0,0,1,1,0,0,0,1,0,0.7,0.7,0.4,1.2,25,78,6,0.00,0.04,0.04,0.00,0.04,0.03,0.02,0.04,0.03,0.04,Matches
Patrick Kammerbauer,de GER,FW,Freiburg,21,1997,1,0,2,0.0,0,0,0,0,0,0,0,0,0.0,0.0,0.0,0.0,0,1,0,0.00,0.00,0.00,0.00,0.00,0.00,0.00,0.00,0.00,0.00,Matches
Kevin Kampl,si SVN,MF,RB Leipzig,27,1990,27,25,"2,113",23.5,2,5,7,2,0,0,5,0,1.8,1.8,4.4,6.2,84,195,67,0.09,0.21,0.30,0.09,0.30,0.08,0.19,0.26,0.08,0.26,Matches
Stefanos Kapino,gr GRE,GK,Werder Bremen,24,1994,1,0,45,0.5,0,0,0,0,0,0,0,0,0.0,0.0,0.0,0.0,0,0,0,0.00,0.00,0.00,0.00,0.00,0.00,0.00,0.00,0.00,0.00,Matches
Kenan Karaman,tr TUR,"FW,MF",Düsseldorf,24,1994,21,9,919,10.2,3,1,4,3,0,0,0,0,3.4,3.4,2.1,5.5,32,21,87,0.29,0.10,0.39,0.29,0.39,0.33,0.21,0.54,0.33,0.54,Matches
Marc-Oliver Kempf,de GER,DF,Stuttgart,23,1995,23,23,"2,025",22.5,2,0,2,2,0,0,3,0,1.7,1.7,0.3,2.0,20,99,4,0.09,0.00,0.09,0.09,0.09,0.07,0.02,0.09,0.07,0.09,Matches
Sebastian Kerk,de GER,"MF,FW",Nürnberg,24,1994,21,17,"1,179",13.1,0,1,1,0,0,0,0,0,0.8,0.8,2.9,3.7,10,20,53,0.00,0.08,0.08,0.00,0.08,0.06,0.22,0.28,0.06,0.28,Matches
Rani Khedira,de GER,"DF,MF",Augsburg,24,1994,30,30,"2,624",29.2,4,1,5,4,0,0,6,0,1.5,1.5,0.6,2.1,14,72,27,0.14,0.03,0.17,0.14,0.17,0.05,0.02,0.07,0.05,0.07,Matches
Isaac Kiese Thelin,se SWE,"FW,MF",Leverkusen,26,1992,6,1,180,2.0,0,0,0,0,0,0,1,0,0.3,0.3,0.1,0.4,0,1,8,0.00,0.00,0.00,0.00,0.00,0.17,0.04,0.21,0.17,0.21,Matches
Joshua Kimmich,de GER,"DF,MF",Bayern Munich,23,1995,34,34,"3,060",34.0,2,13,15,2,0,0,4,0,2.2,2.2,12.2,14.4,128,252,252,0.06,0.38,0.44,0.06,0.44,0.07,0.36,0.42,0.07,0.42,Matches
Davy Klaassen,nl NED,MF,Werder Bremen,25,1993,33,33,"2,816",31.3,5,4,9,5,0,0,5,0,3.0,3.0,3.6,6.7,28,138,112,0.16,0.13,0.29,0.16,0.29,0.10,0.12,0.21,0.10,0.21,Matches
Felix Klaus,de GER,"FW,MF",Wolfsburg,25,1992,15,5,443,4.9,1,1,2,1,0,0,0,0,1.9,1.9,2.2,4.1,8,9,37,0.20,0.20,0.41,0.20,0.41,0.40,0.44,0.84,0.40,0.84,Matches
Tim Kleindienst,de GER,FW,Freiburg,22,1995,4,2,200,2.2,0,0,0,0,0,0,0,0,0.7,0.7,0.1,0.8,2,5,11,0.00,0.00,0.00,0.00,0.00,0.31,0.04,0.35,0.31,0.35,Matches
Lukas Klostermann,de GER,DF,RB Leipzig,22,1996,26,22,"2,003",22.3,5,1,6,5,0,0,1,0,2.0,2.0,2.0,4.0,43,78,109,0.22,0.04,0.27,0.22,0.27,0.09,0.09,0.18,0.09,0.18,Matches
Lukas Klünter,de GER,DF,Hertha BSC,22,1996,10,7,592,6.6,0,0,0,0,0,0,2,1,0.2,0.2,0.5,0.7,23,15,25,0.00,0.00,0.00,0.00,0.00,0.03,0.08,0.11,0.03,0.11,Matches
Robin Knoche,de GER,DF,Wolfsburg,26,1992,31,31,"2,790",31.0,3,0,3,3,0,0,0,0,1.8,1.8,0.1,1.8,28,129,7,0.10,0.00,0.10,0.10,0.10,0.06,0.00,0.06,0.06,0.06,Matches
Törles Knöll,de GER,"FW,MF",Nürnberg,20,1997,16,2,370,4.1,1,0,1,1,0,0,0,0,1.0,1.0,0.1,1.1,4,4,18,0.24,0.00,0.24,0.24,0.24,0.25,0.02,0.26,0.25,0.26,Matches
Gregor Kobel,ch SUI,GK,Hoffenheim,20,1997,1,1,90,1.0,0,0,0,0,0,0,0,0,0.0,0.0,0.0,0.0,0,0,0,0.00,0.00,0.00,0.00,0.00,0.00,0.00,0.00,0.00,0.00,Matches
Gregor Kobel,ch SUI,GK,Augsburg,20,1997,16,16,"1,389",15.4,0,0,0,0,0,0,0,0,0.0,0.0,0.0,0.0,0,0,0,0.00,0.00,0.00,0.00,0.00,0.00,0.00,0.00,0.00,0.00,Matches
Robin Koch,de GER,"MF,DF",Freiburg,22,1996,24,21,"1,901",21.1,1,0,1,1,0,0,3,0,0.9,0.9,0.4,1.3,5,55,6,0.05,0.00,0.05,0.05,0.05,0.04,0.02,0.06,0.04,0.06,Matches
Dominik Kohr,de GER,MF,Leverkusen,24,1994,18,10,973,10.8,0,2,2,0,0,0,4,0,1.4,1.4,1.7,3.1,16,53,17,0.00,0.18,0.18,0.00,0.18,0.13,0.16,0.29,0.13,0.29,Matches
Ibrahima Konaté,fr FRA,DF,RB Leipzig,19,1999,28,27,"2,431",27.0,1,1,2,1,0,0,7,0,1.7,1.7,0.4,2.0,33,108,5,0.04,0.04,0.07,0.04,0.07,0.06,0.01,0.08,0.06,0.08,Matches
Yevhen Konoplyanka,ua UKR,"FW,MF",Schalke 04,28,1989,13,7,656,7.3,1,1,2,1,0,0,0,1,1.5,1.5,0.9,2.4,36,16,51,0.14,0.14,0.27,0.14,0.27,0.21,0.12,0.33,0.21,0.33,Matches
Pascal Köpke,de GER,"FW,MF",Hertha BSC,22,1995,7,0,74,0.8,0,0,0,0,0,0,0,0,0.2,0.2,0.0,0.2,8,3,5,0.00,0.00,0.00,0.00,0.00,0.30,0.00,0.30,0.30,0.30,Matches
Julian Korb,de GER,DF,Hannover 96,26,1992,12,11,"1,006",11.2,0,0,0,0,0,0,0,0,0.0,0.0,0.4,0.5,19,55,44,0.00,0.00,0.00,0.00,0.00,0.00,0.04,0.04,0.00,0.04,Matches
Filip Kostić,rs SRB,"DF,FW",Eint Frankfurt,25,1992,34,33,"2,956",32.8,6,10,16,6,0,0,4,0,4.5,4.5,9.8,14.2,156,140,225,0.18,0.30,0.49,0.18,0.49,0.14,0.30,0.43,0.14,0.43,Matches
Dawid Kownacki,pl POL,"MF,FW",Düsseldorf,21,1997,10,7,575,6.4,4,0,4,4,0,0,2,0,1.6,1.6,0.4,2.0,13,10,34,0.63,0.00,0.63,0.63,0.63,0.25,0.07,0.32,0.25,0.32,Matches
Thomas Kraft,de GER,GK,Hertha BSC,30,1988,4,3,315,3.5,0,0,0,0,0,0,0,0,0.0,0.0,0.0,0.0,0,0,0,0.00,0.00,0.00,0.00,0.00,0.00,0.00,0.00,0.00,0.00,Matches
Andrej Kramarić,hr CRO,"MF,FW",Hoffenheim,27,1991,30,28,"2,396",26.6,17,4,21,12,5,6,2,0,21.0,16.3,5.7,22.0,129,128,198,0.64,0.15,0.79,0.45,0.60,0.79,0.22,1.00,0.61,0.83,Matches
Christoph Kramer,de GER,MF,M'Gladbach,27,1991,18,13,"1,136",12.6,2,1,3,2,0,0,6,0,1.0,1.0,0.8,1.9,15,72,17,0.16,0.08,0.24,0.16,0.24,0.08,0.07,0.15,0.08,0.15,Matches
Max Kruse,de GER,"FW,MF",Werder Bremen,30,1988,32,32,"2,832",31.5,11,9,20,8,3,3,0,0,10.3,8.0,6.2,14.1,76,214,312,0.35,0.29,0.64,0.25,0.54,0.33,0.20,0.52,0.25,0.45,Matches
Lukas Kübler,de GER,"DF,MF",Freiburg,25,1992,16,15,"1,184",13.2,0,2,2,0,0,0,2,0,0.2,0.2,1.1,1.3,9,38,41,0.00,0.15,0.15,0.00,0.15,0.02,0.08,0.10,0.02,0.10,Matches
Yuya Kubo,jp JPN,"FW,MF",Nürnberg,24,1993,22,15,"1,357",15.1,1,0,1,1,0,0,2,0,2.4,2.4,0.8,3.1,30,29,95,0.07,0.00,0.07,0.07,0.07,0.16,0.05,0.21,0.16,0.21,Matches
Pierre Kunde,cm CMR,MF,Mainz 05,23,1995,29,23,"1,909",21.2,0,0,0,0,0,0,5,0,0.9,0.9,0.7,1.6,34,124,10,0.00,0.00,0.00,0.00,0.00,0.04,0.03,0.08,0.04,0.08,Matches
Ahmed Kutucu,tr TUR,"FW,MF",Schalke 04,18,2000,13,3,425,4.7,2,0,2,2,0,0,0,0,1.4,1.4,0.1,1.5,15,4,24,0.42,0.00,0.42,0.42,0.42,0.30,0.02,0.32,0.30,0.32,Matches
Konrad Laimer,at AUT,"MF,DF",RB Leipzig,21,1997,29,20,"1,874",20.8,1,1,2,1,0,0,7,0,2.5,2.5,2.1,4.7,39,101,104,0.05,0.05,0.10,0.05,0.10,0.12,0.10,0.23,0.12,0.23,Matches
Michael Lang,ch SUI,DF,M'Gladbach,27,1991,17,15,"1,255",13.9,1,0,1,1,0,0,0,0,1.9,1.9,0.4,2.3,23,57,59,0.07,0.00,0.07,0.07,0.07,0.13,0.03,0.16,0.13,0.16,Matches
Sebastian Langkamp,de GER,DF,Werder Bremen,30,1988,21,15,"1,414",15.7,0,0,0,0,0,0,4,0,1.2,1.2,0.7,1.9,30,79,5,0.00,0.00,0.00,0.00,0.00,0.07,0.04,0.12,0.07,0.12,Matches
Danny Latza,de GER,MF,Mainz 05,28,1989,24,22,"1,863",20.7,0,3,3,0,0,0,4,0,2.9,2.9,2.0,4.9,22,126,67,0.00,0.14,0.14,0.00,0.14,0.14,0.10,0.24,0.14,0.24,Matches
Valentino Lazaro,at AUT,"DF,FW",Hertha BSC,22,1996,31,31,"2,741",30.5,3,6,9,3,0,0,6,0,2.1,2.1,6.4,8.6,73,127,168,0.10,0.20,0.30,0.10,0.30,0.07,0.21,0.28,0.07,0.28,Matches
Mathew Leckie,au AUS,"FW,MF",Hertha BSC,27,1991,18,10,941,10.5,2,0,2,2,0,0,3,0,2.7,2.7,1.0,3.7,36,33,92,0.19,0.00,0.19,0.19,0.19,0.26,0.09,0.35,0.26,0.35,Matches
Tim Leibold,de GER,DF,Nürnberg,24,1993,32,32,"2,765",30.7,0,2,2,0,0,1,6,1,2.0,1.2,2.7,3.9,85,111,106,0.00,0.07,0.07,0.00,0.07,0.06,0.09,0.15,0.04,0.13,Matches
Robert Lewandowski,pl POL,FW,Bayern Munich,29,1988,33,33,"2,957",32.9,22,7,29,19,3,4,2,0,30.7,27.5,8.9,36.4,79,92,241,0.67,0.21,0.88,0.58,0.79,0.93,0.27,1.21,0.84,1.11,Matches
Philipp Lienhart,at AUT,DF,Freiburg,22,1996,14,7,614,6.8,0,0,0,0,0,0,0,0,0.5,0.5,0.1,0.6,7,25,1,0.00,0.00,0.00,0.00,0.00,0.07,0.02,0.08,0.07,0.08,Matches
Davor Lovren,hr CRO,MF,Düsseldorf,19,1998,2,0,46,0.5,0,0,0,0,0,0,0,0,0.0,0.0,0.0,0.0,0,2,8,0.00,0.00,0.00,0.00,0.00,0.06,0.00,0.06,0.06,0.06,Matches
Eduard Löwen,de GER,"MF,FW",Nürnberg,21,1997,22,17,"1,623",18.0,3,2,5,3,0,0,3,0,3.1,3.1,1.9,5.0,46,98,59,0.17,0.11,0.28,0.17,0.28,0.17,0.11,0.28,0.17,0.28,Matches
Derrick Luckassen,nl NED,DF,Hertha BSC,23,1995,4,2,250,2.8,0,0,0,0,0,0,0,0,0.0,0.0,0.0,0.0,0,14,1,0.00,0.00,0.00,0.00,0.00,0.00,0.00,0.00,0.00,0.00,Matches
Dodi Lukebakio,be BEL,"FW,MF",Düsseldorf,20,1997,31,22,"1,972",21.9,10,3,13,6,4,6,6,0,12.7,8.0,2.2,10.2,72,41,207,0.46,0.14,0.59,0.27,0.41,0.58,0.10,0.68,0.36,0.47,Matches
Fabian Lustenberger,ch SUI,"DF,MF",Hertha BSC,30,1988,29,24,"2,172",24.1,0,1,1,0,0,0,2,0,0.1,0.1,0.6,0.7,2,67,5,0.00,0.04,0.04,0.00,0.04,0.01,0.02,0.03,0.01,0.03,Matches
Andreas Luthe,de GER,GK,Augsburg,31,1987,15,14,"1,311",14.6,0,0,0,0,0,0,0,0,0.0,0.0,0.0,0.0,0,0,0,0.00,0.00,0.00,0.00,0.00,0.00,0.00,0.00,0.00,0.00,Matches
Pablo Maffeo,es ESP,"DF,MF",Stuttgart,21,1997,8,8,597,6.6,0,0,0,0,0,0,1,0,0.2,0.2,0.6,0.8,7,10,32,0.00,0.00,0.00,0.00,0.00,0.03,0.09,0.11,0.03,0.11,Matches
Arne Maier,de GER,MF,Hertha BSC,19,1999,24,23,"2,064",22.9,0,0,0,0,0,0,2,0,0.8,0.8,1.8,2.7,32,108,40,0.00,0.00,0.00,0.00,0.00,0.04,0.08,0.12,0.04,0.12,Matches
Linton Maina,de GER,"FW,MF",Hannover 96,19,1999,20,17,"1,414",15.7,1,3,4,1,0,0,0,0,1.6,1.6,2.7,4.4,61,52,89,0.06,0.19,0.25,0.06,0.25,0.10,0.17,0.28,0.10,0.28,Matches
Yunus Mallı,tr TUR,"MF,FW",Wolfsburg,26,1992,21,5,701,7.8,1,1,2,0,1,1,0,0,1.9,1.1,1.8,2.9,25,36,45,0.13,0.13,0.26,0.00,0.13,0.24,0.23,0.47,0.14,0.37,Matches
Georg Margreitter,at AUT,DF,Nürnberg,29,1988,27,22,"2,064",22.9,2,0,2,2,0,0,2,0,1.2,1.2,0.3,1.4,18,113,5,0.09,0.00,0.09,0.09,0.09,0.05,0.01,0.06,0.05,0.06,Matches
Aarón Martín,es ESP,DF,Mainz 05,21,1997,33,32,"2,878",32.0,0,3,3,0,0,0,3,0,0.8,0.8,4.9,5.7,115,106,187,0.00,0.09,0.09,0.00,0.09,0.02,0.15,0.18,0.02,0.18,Matches
Javi Martínez,es ESP,MF,Bayern Munich,29,1988,21,16,"1,309",14.5,3,0,3,3,0,0,3,0,1.5,1.5,0.3,1.9,11,69,15,0.21,0.00,0.21,0.21,0.21,0.11,0.02,0.13,0.11,0.13,Matches
Omar Mascarell,es ESP,MF,Schalke 04,25,1993,14,11,993,11.0,0,2,2,0,0,0,2,0,0.2,0.2,0.3,0.5,8,43,1,0.00,0.18,0.18,0.00,0.18,0.02,0.02,0.04,0.02,0.04,Matches
Jean-Philippe Mateta,fr FRA,FW,Mainz 05,21,1997,34,29,"2,483",27.6,14,2,16,14,0,0,2,0,13.8,13.8,3.2,17.0,44,37,169,0.51,0.07,0.58,0.51,0.58,0.50,0.11,0.62,0.50,0.62,Matches
Christian Mathenia,de GER,GK,Nürnberg,26,1992,22,22,"1,932",21.5,0,0,0,0,0,0,2,0,0.0,0.0,0.1,0.1,0,0,0,0.00,0.00,0.00,0.00,0.00,0.00,0.00,0.00,0.00,0.00,Matches
Rabbi Matondo,wls WAL,"FW,MF",Schalke 04,17,2000,7,1,189,2.1,0,0,0,0,0,0,0,0,0.3,0.3,0.5,0.9,6,3,11,0.00,0.00,0.00,0.00,0.00,0.17,0.26,0.43,0.17,0.43,Matches
Philipp Max,de GER,"DF,MF",Augsburg,24,1993,30,30,"2,569",28.5,4,2,6,4,0,0,1,0,2.4,2.4,4.9,7.3,63,89,155,0.14,0.07,0.21,0.14,0.21,0.08,0.17,0.25,0.08,0.25,Matches
Alexandru Maxim,ro ROU,"MF,FW",Mainz 05,28,1990,22,3,579,6.4,1,0,1,1,0,0,3,0,1.1,1.1,2.8,3.9,37,48,51,0.16,0.00,0.16,0.16,0.16,0.17,0.44,0.61,0.17,0.61,Matches
Weston McKennie,us USA,"MF,FW",Schalke 04,19,1998,24,19,"1,746",19.4,1,4,5,1,0,0,6,0,3.0,3.0,2.3,5.3,29,59,88,0.05,0.21,0.26,0.05,0.26,0.16,0.12,0.28,0.16,0.28,Matches
Admir Mehmedi,ch SUI,"FW,MF",Wolfsburg,27,1991,26,20,"1,692",18.8,6,5,11,6,0,0,1,0,4.0,4.0,3.6,7.6,36,74,176,0.32,0.27,0.59,0.32,0.59,0.21,0.19,0.41,0.21,0.41,Matches
Hamza Mendyl,ma MAR,DF,Schalke 04,20,1997,9,7,544,6.0,0,0,0,0,0,0,5,0,0.1,0.1,0.0,0.1,21,15,32,0.00,0.00,0.00,0.00,0.00,0.02,0.00,0.02,0.02,0.02,Matches
Virgil Misidjan,nl NED,"MF,FW",Nürnberg,25,1993,23,17,"1,543",17.1,1,1,2,1,0,0,5,0,2.5,2.5,0.9,3.4,62,39,135,0.06,0.06,0.12,0.06,0.12,0.14,0.05,0.20,0.14,0.20,Matches
Maximilian Mittelstädt,de GER,"DF,MF",Hertha BSC,21,1997,25,20,"1,804",20.0,1,1,2,1,0,0,3,1,1.3,1.3,1.8,3.2,34,68,94,0.05,0.05,0.10,0.05,0.10,0.07,0.09,0.16,0.07,0.16,Matches
Kevin Möhwald,de GER,MF,Werder Bremen,25,1993,23,7,873,9.7,3,1,4,3,0,0,2,0,1.0,1.0,0.9,1.9,11,56,39,0.31,0.10,0.41,0.31,0.41,0.10,0.09,0.19,0.10,0.19,Matches
Niklas Moisander,fi FIN,DF,Werder Bremen,32,1985,30,30,"2,637",29.3,0,0,0,0,0,0,7,1,0.4,0.4,1.0,1.3,45,197,6,0.00,0.00,0.00,0.00,0.00,0.01,0.03,0.05,0.01,0.05,Matches
Alfredo Morales,us USA,MF,Düsseldorf,28,1990,23,16,"1,532",17.0,1,1,2,1,0,0,6,0,1.0,1.0,1.1,2.1,12,60,23,0.06,0.06,0.12,0.06,0.12,0.06,0.07,0.12,0.06,0.12,Matches
Jan Morávek,cz CZE,MF,Augsburg,28,1989,13,7,757,8.4,0,2,2,0,0,0,1,0,0.2,0.2,0.6,0.9,5,28,7,0.00,0.24,0.24,0.00,0.24,0.03,0.08,0.10,0.03,0.10,Matches
Lukas Mühl,de GER,DF,Nürnberg,21,1997,31,31,"2,790",31.0,1,0,1,1,0,0,4,0,1.0,1.0,0.8,1.8,14,70,5,0.03,0.00,0.03,0.03,0.03,0.03,0.02,0.06,0.03,0.06,Matches
Nordi Mukiele,fr FRA,DF,RB Leipzig,20,1997,19,14,"1,225",13.6,1,1,2,1,0,0,3,0,0.4,0.4,1.6,2.1,40,75,43,0.07,0.07,0.15,0.07,0.15,0.03,0.12,0.15,0.03,0.15,Matches
Florian Müller,de GER,GK,Mainz 05,20,1997,24,24,"2,160",24.0,0,0,0,0,0,0,0,0,0.0,0.0,0.0,0.0,0,0,0,0.00,0.00,0.00,0.00,0.00,0.00,0.00,0.00,0.00,0.00,Matches
Nicolai Müller,de GER,"MF,FW",Hannover 96,30,1987,14,11,899,10.0,3,0,3,3,0,0,2,0,2.4,2.4,0.8,3.2,19,21,48,0.30,0.00,0.30,0.30,0.30,0.24,0.08,0.32,0.24,0.32,Matches
Nicolai Müller,de GER,"FW,MF",Eint Frankfurt,30,1987,7,3,217,2.4,2,0,2,2,0,0,1,0,0.7,0.7,0.1,0.8,4,5,7,0.83,0.00,0.83,0.83,0.83,0.27,0.04,0.32,0.27,0.32,Matches
Thomas Müller,de GER,"MF,FW",Bayern Munich,28,1989,32,28,"2,378",26.4,6,9,15,6,0,0,1,0,9.3,9.3,10.6,19.9,56,141,320,0.23,0.34,0.57,0.23,0.57,0.35,0.40,0.75,0.35,0.75,Matches
Florent Muslija,xk KVX,"MF,FW",Hannover 96,20,1998,17,6,679,7.5,2,0,2,2,0,0,1,0,1.2,1.2,0.7,2.0,28,30,51,0.27,0.00,0.27,0.27,0.27,0.16,0.10,0.26,0.16,0.26,Matches
Yvon Mvogo,ch SUI,GK,RB Leipzig,24,1994,2,1,135,1.5,0,0,0,0,0,0,0,0,0.0,0.0,0.0,0.0,0,0,0,0.00,0.00,0.00,0.00,0.00,0.00,0.00,0.00,0.00,0.00,Matches
Phillipp Mwene,at AUT,"DF,MF",Mainz 05,24,1994,6,2,274,3.0,0,0,0,0,0,0,0,0,0.0,0.0,0.3,0.4,5,13,12,0.00,0.00,0.00,0.00,0.00,0.01,0.11,0.12,0.01,0.12,Matches
Obite N'Dicka,ci CIV,DF,Eint Frankfurt,18,1999,27,24,"2,304",25.6,1,1,2,1,0,0,3,0,1.1,1.1,0.1,1.3,30,105,9,0.04,0.04,0.08,0.04,0.08,0.04,0.01,0.05,0.04,0.05,Matches
Naldo,br BRA,DF,Schalke 04,35,1982,7,7,630,7.0,0,0,0,0,0,0,1,0,0.8,0.8,0.1,0.9,5,28,3,0.00,0.00,0.00,0.00,0.00,0.11,0.02,0.13,0.11,0.13,Matches
Matija Nastasić,rs SRB,DF,Schalke 04,25,1993,28,28,"2,449",27.2,1,0,1,1,0,0,6,1,2.0,2.0,0.2,2.3,13,80,1,0.04,0.00,0.04,0.04,0.04,0.07,0.01,0.08,0.07,0.08,Matches
Reiss Nelson,eng ENG,"MF,FW",Hoffenheim,18,1999,23,5,643,7.1,7,0,7,7,0,0,0,0,3.3,3.3,0.9,4.1,35,28,57,0.98,0.00,0.98,0.98,0.98,0.46,0.12,0.58,0.46,0.58,Matches
Manuel Neuer,de GER,GK,Bayern Munich,32,1986,26,26,"2,302",25.6,0,0,0,0,0,0,1,0,0.0,0.0,0.0,0.0,0,2,0,0.00,0.00,0.00,0.00,0.00,0.00,0.00,0.00,0.00,0.00,Matches
Florian Neuhaus,de GER,MF,M'Gladbach,21,1997,32,25,"2,062",22.9,3,8,11,3,0,0,5,0,5.7,5.7,3.1,8.9,62,120,116,0.13,0.35,0.48,0.13,0.48,0.25,0.14,0.39,0.25,0.39,Matches
Moussa Niakhate,sn SEN,DF,Mainz 05,22,1996,33,32,"2,789",31.0,1,1,2,1,0,0,3,0,1.5,1.5,0.6,2.1,19,73,10,0.03,0.03,0.06,0.03,0.06,0.05,0.02,0.07,0.05,0.07,Matches
Florian Niederlechner,de GER,"FW,MF",Freiburg,27,1990,24,12,970,10.8,4,1,5,4,0,0,3,0,4.6,4.6,0.7,5.4,11,18,53,0.37,0.09,0.46,0.37,0.46,0.43,0.07,0.50,0.43,0.50,Matches
Håvard Nordtveit,no NOR,"MF,DF",Hoffenheim,28,1990,8,4,470,5.2,0,0,0,0,0,0,2,0,0.2,0.2,0.0,0.3,7,31,2,0.00,0.00,0.00,0.00,0.00,0.04,0.01,0.05,0.04,0.05,Matches
Alexander Nübel,de GER,GK,Schalke 04,21,1996,18,18,"1,588",17.6,0,0,0,0,0,0,1,1,0.0,0.0,0.0,0.0,0,0,1,0.00,0.00,0.00,0.00,0.00,0.00,0.00,0.00,0.00,0.00,Matches
Kasim Nuhu,gh GHA,DF,Hoffenheim,23,1995,13,11,904,10.0,0,1,1,0,0,0,5,1,0.2,0.2,0.1,0.2,10,63,3,0.00,0.10,0.10,0.00,0.10,0.02,0.01,0.02,0.02,0.02,Matches
Hans Nunoo Sarpei,gh GHA,"FW,MF",Stuttgart,19,1998,2,0,42,0.5,0,0,0,0,0,0,0,0,0.0,0.0,0.0,0.0,1,0,1,0.00,0.00,0.00,0.00,0.00,0.00,0.00,0.00,0.00,0.00,Matches
Bastian Oczipka,de GER,"DF,FW",Schalke 04,29,1989,21,21,"1,875",20.8,1,5,6,1,0,0,3,0,0.4,0.4,4.2,4.7,63,67,65,0.05,0.24,0.29,0.05,0.29,0.02,0.20,0.22,0.02,0.22,Matches
Chima Okoroji,ng NGA,"DF,MF",Freiburg,21,1997,2,1,104,1.2,0,0,0,0,0,0,0,0,0.0,0.0,0.0,0.0,2,0,4,0.00,0.00,0.00,0.00,0.00,0.00,0.00,0.00,0.00,0.00,Matches
Karim Onisiwo,at AUT,"FW,MF",Mainz 05,26,1992,26,11,"1,161",12.9,7,3,10,7,0,0,2,0,5.6,5.6,3.3,8.8,36,17,105,0.54,0.23,0.78,0.54,0.78,0.43,0.25,0.68,0.43,0.68,Matches
Willi Orban,hu HUN,DF,RB Leipzig,25,1992,24,23,"2,049",22.8,4,0,4,4,0,0,5,0,4.5,4.5,0.0,4.5,8,79,10,0.18,0.00,0.18,0.18,0.18,0.20,0.00,0.20,0.20,0.20,Matches
Yuya Osako,jp JPN,"FW,MF",Werder Bremen,28,1990,21,15,"1,346",15.0,3,2,5,3,0,0,2,0,3.4,3.4,2.2,5.6,19,65,116,0.20,0.13,0.33,0.20,0.33,0.23,0.14,0.37,0.23,0.37,Matches
Matthias Ostrzolek,de GER,DF,Hannover 96,28,1990,18,16,"1,468",16.3,0,0,0,0,0,0,2,0,0.2,0.2,0.3,0.5,25,51,40,0.00,0.00,0.00,0.00,0.00,0.01,0.02,0.03,0.01,0.03,Matches
David Otto,de GER,"MF,FW",Hoffenheim,19,1999,3,0,28,0.3,0,0,0,0,0,0,0,0,0.0,0.0,0.7,0.7,2,2,2,0.00,0.00,0.00,0.00,0.00,0.00,2.28,2.28,0.00,2.28,Matches
Reece Oxford,eng ENG,DF,Augsburg,19,1998,8,6,505,5.6,0,1,1,0,0,0,0,1,0.3,0.3,0.1,0.4,2,14,1,0.00,0.18,0.18,0.00,0.18,0.06,0.01,0.07,0.06,0.07,Matches
Berkay Özcan,tr TUR,"MF,DF",Stuttgart,20,1998,3,0,51,0.6,0,0,0,0,0,0,0,0,0.0,0.0,0.0,0.0,0,0,1,0.00,0.00,0.00,0.00,0.00,0.00,0.00,0.00,0.00,0.00,Matches
Ramazan Özcan,at AUT,GK,Leverkusen,34,1984,2,2,180,2.0,0,0,0,0,0,0,0,0,0.0,0.0,0.0,0.0,0,0,0,0.00,0.00,0.00,0.00,0.00,0.00,0.00,0.00,0.00,0.00,Matches
Levin Öztunalı,de GER,"MF,FW",Mainz 05,22,1996,15,11,921,10.2,0,1,1,0,0,0,3,0,0.5,0.5,0.9,1.4,33,28,43,0.00,0.10,0.10,0.00,0.10,0.05,0.09,0.14,0.05,0.14,Matches
Gonçalo Paciência,pt POR,FW,Eint Frankfurt,23,1994,11,4,390,4.3,3,1,4,3,0,0,1,0,2.5,2.5,1.0,3.4,7,6,39,0.69,0.23,0.92,0.69,0.92,0.57,0.22,0.79,0.57,0.79,Matches
Federico Palacios Martínez,de GER,"MF,FW",Nürnberg,23,1995,17,9,942,10.5,2,0,2,2,0,0,1,0,1.3,1.3,0.4,1.7,11,27,44,0.19,0.00,0.19,0.19,0.19,0.13,0.04,0.17,0.13,0.17,Matches
Paulinho,br BRA,"FW,MF",Leverkusen,18,2000,15,0,180,2.0,0,0,0,0,0,0,0,0,0.3,0.3,0.1,0.3,6,10,21,0.00,0.00,0.00,0.00,0.00,0.13,0.05,0.17,0.13,0.17,Matches
Benjamin Pavard,fr FRA,DF,Stuttgart,22,1996,29,29,"2,610",29.0,0,0,0,0,0,0,3,0,0.9,0.9,0.6,1.5,22,92,21,0.00,0.00,0.00,0.00,0.00,0.03,0.02,0.05,0.03,0.05,Matches
Jiří Pavlenka,cz CZE,GK,Werder Bremen,26,1992,34,34,"2,977",33.1,0,0,0,0,0,0,2,0,0.0,0.0,0.0,0.0,0,1,0,0.00,0.00,0.00,0.00,0.00,0.00,0.00,0.00,0.00,0.00,Matches
Peter Pekarík,sk SVK,DF,Hertha BSC,31,1986,3,2,217,2.4,0,0,0,0,0,0,0,0,0.0,0.0,0.0,0.1,3,15,6,0.00,0.00,0.00,0.00,0.00,0.02,0.02,0.04,0.02,0.04,Matches
Matheus Pereira,pt POR,"MF,FW",Nürnberg,22,1996,19,16,"1,232",13.7,3,2,5,3,0,0,3,1,2.3,2.3,1.4,3.7,49,63,73,0.22,0.15,0.37,0.22,0.37,0.16,0.10,0.27,0.16,0.27,Matches
Pavao Pervan,at AUT,GK,Wolfsburg,30,1987,9,8,765,8.5,0,0,0,0,0,0,1,0,0.0,0.0,0.1,0.1,0,0,0,0.00,0.00,0.00,0.00,0.00,0.00,0.01,0.01,0.00,0.01,Matches
Nils Petersen,de GER,FW,Freiburg,29,1988,24,20,"1,929",21.4,10,3,13,9,1,2,0,0,7.2,5.6,1.8,7.4,13,30,98,0.47,0.14,0.61,0.42,0.56,0.34,0.08,0.42,0.26,0.34,Matches
Ondřej Petrák,cz CZE,MF,Nürnberg,26,1992,22,18,"1,624",18.0,0,0,0,0,0,0,5,0,0.6,0.6,0.3,0.9,6,44,15,0.00,0.00,0.00,0.00,0.00,0.03,0.01,0.05,0.03,0.05,Matches
Maximilian Philipp,de GER,"FW,MF",Dortmund,24,1994,18,9,758,8.4,1,1,2,1,0,0,0,0,1.0,1.0,0.2,1.2,7,10,48,0.12,0.12,0.24,0.12,0.24,0.12,0.02,0.14,0.12,0.14,Matches
Łukasz Piszczek,pl POL,DF,Dortmund,33,1985,20,20,"1,756",19.5,1,6,7,1,0,0,3,0,0.5,0.5,2.9,3.4,36,113,54,0.05,0.31,0.36,0.05,0.36,0.03,0.15,0.17,0.03,0.17,Matches
Claudio Pizarro,pe PER,FW,Werder Bremen,39,1978,26,3,692,7.7,5,2,7,5,0,0,1,0,3.1,3.1,0.7,3.8,7,26,63,0.65,0.26,0.91,0.65,0.91,0.40,0.09,0.49,0.40,0.49,Matches
Marvin Plattenhardt,de GER,DF,Hertha BSC,26,1992,22,22,"1,924",21.4,1,2,3,1,0,0,4,0,0.8,0.8,3.1,3.9,37,98,63,0.05,0.09,0.14,0.05,0.14,0.04,0.15,0.18,0.04,0.18,Matches
Alassane Pléa,fr FRA,FW,M'Gladbach,25,1993,34,28,"2,503",27.8,12,4,16,12,0,0,2,0,10.4,10.3,2.8,13.1,65,63,214,0.43,0.14,0.58,0.43,0.58,0.38,0.10,0.48,0.37,0.47,Matches
Luca Plogmann,de GER,GK,Werder Bremen,18,2000,1,0,38,0.4,0,0,0,0,0,0,0,0,0.0,0.0,0.0,0.0,0,0,0,0.00,0.00,0.00,0.00,0.00,0.00,0.00,0.00,0.00,0.00,Matches
Stefan Posch,at AUT,DF,Hoffenheim,21,1997,17,16,"1,402",15.6,0,0,0,0,0,0,5,0,0.3,0.3,0.4,0.8,17,94,2,0.00,0.00,0.00,0.00,0.00,0.02,0.03,0.05,0.02,0.05,Matches
Yussuf Poulsen,dk DEN,FW,RB Leipzig,24,1994,31,27,"2,451",27.2,15,3,18,15,0,0,2,0,12.0,11.7,4.2,15.9,52,64,254,0.55,0.11,0.66,0.55,0.66,0.44,0.16,0.60,0.43,0.59,Matches
Edgar Prib,de GER,MF,Hannover 96,28,1989,4,2,202,2.2,0,1,1,0,0,0,1,0,0.6,0.6,0.5,1.0,9,10,8,0.00,0.45,0.45,0.00,0.45,0.26,0.20,0.46,0.26,0.46,Matches
Christian Pulisic,us USA,FW,Dortmund,19,1998,20,9,932,10.4,4,4,8,4,0,0,2,0,4.8,4.8,2.6,7.4,66,20,109,0.39,0.39,0.77,0.39,0.77,0.47,0.25,0.72,0.47,0.72,Matches
Robin Quaison,se SWE,"FW,MF",Mainz 05,24,1993,28,25,"2,194",24.4,7,3,10,7,0,0,1,0,8.5,8.5,2.1,10.5,36,50,122,0.29,0.12,0.41,0.29,0.41,0.35,0.08,0.43,0.35,0.43,Matches
Raffael,br BRA,FW,M'Gladbach,33,1985,13,5,543,6.0,2,1,3,2,0,0,0,0,2.1,2.1,1.3,3.4,16,24,39,0.33,0.17,0.50,0.33,0.50,0.35,0.22,0.57,0.35,0.57,Matches
Rafinha,br BRA,DF,Bayern Munich,32,1985,16,9,901,10.0,1,1,2,1,0,0,1,0,0.1,0.1,0.6,0.7,17,85,50,0.10,0.10,0.20,0.10,0.20,0.01,0.06,0.07,0.01,0.07,Matches
Baba Rahman,gh GHA,DF,Schalke 04,24,1994,2,2,162,1.8,0,0,0,0,0,0,0,0,0.0,0.0,0.1,0.2,10,11,3,0.00,0.00,0.00,0.00,0.00,0.02,0.08,0.10,0.02,0.10,Matches
Benito Raman,be BEL,"MF,FW",Düsseldorf,23,1994,30,19,"1,681",18.7,10,4,14,10,0,0,1,0,7.4,7.4,2.7,10.0,69,59,145,0.54,0.21,0.75,0.54,0.75,0.39,0.14,0.54,0.39,0.54,Matches
Milot Rashica,xk KVX,"FW,MF",Werder Bremen,22,1996,26,19,"1,550",17.2,9,5,14,8,1,1,1,0,7.0,6.2,4.1,10.3,87,27,186,0.52,0.29,0.81,0.46,0.75,0.40,0.24,0.64,0.36,0.60,Matches
Yoric Ravet,fr FRA,"FW,MF",Freiburg,28,1989,4,0,75,0.8,0,0,0,0,0,0,0,0,0.1,0.1,0.0,0.1,1,3,5,0.00,0.00,0.00,0.00,0.00,0.07,0.05,0.13,0.07,0.13,Matches
Ante Rebić,hr CRO,"FW,MF",Eint Frankfurt,24,1993,28,23,"1,978",22.0,9,4,13,9,0,0,4,1,9.2,9.2,5.4,14.6,88,59,193,0.41,0.18,0.59,0.41,0.59,0.42,0.25,0.67,0.42,0.67,Matches
Karim Rekik,nl NED,DF,Hertha BSC,23,1994,24,24,"2,068",23.0,0,0,0,0,0,0,4,1,0.6,0.6,0.1,0.7,6,76,5,0.00,0.00,0.00,0.00,0.00,0.03,0.00,0.03,0.03,0.03,Matches
Michael Rensing,de GER,GK,Düsseldorf,34,1984,32,32,"2,880",32.0,0,0,0,0,0,0,1,0,0.0,0.0,0.0,0.0,0,0,0,0.00,0.00,0.00,0.00,0.00,0.00,0.00,0.00,0.00,0.00,Matches
Marco Reus,de GER,"MF,FW",Dortmund,29,1989,27,27,"2,316",25.7,17,8,25,14,3,3,3,1,15.7,13.4,6.4,19.8,77,125,188,0.66,0.31,0.97,0.54,0.85,0.61,0.25,0.86,0.52,0.77,Matches
Elvis Rexhbeçaj,de GER,MF,Wolfsburg,20,1997,24,13,"1,144",12.7,2,2,4,2,0,0,4,0,0.7,0.7,1.2,2.0,15,57,41,0.16,0.16,0.31,0.16,0.31,0.06,0.10,0.16,0.06,0.16,Matches
Simon Rhein,de GER,MF,Nürnberg,20,1998,8,7,494,5.5,0,0,0,0,0,0,1,1,0.0,0.0,0.0,0.1,10,24,0,0.00,0.00,0.00,0.00,0.00,0.01,0.01,0.01,0.01,0.01,Matches
Franck Ribéry,fr FRA,"MF,FW",Bayern Munich,35,1983,25,10,"1,174",13.0,6,3,9,6,0,0,3,0,3.9,3.9,2.2,6.1,112,91,197,0.46,0.23,0.69,0.46,0.69,0.30,0.17,0.47,0.30,0.47,Matches
Marco Richter,de GER,"MF,FW",Augsburg,20,1997,25,17,"1,426",15.8,4,6,10,4,0,0,4,0,3.5,3.5,2.9,6.5,57,45,142,0.25,0.38,0.63,0.25,0.63,0.22,0.18,0.41,0.22,0.41,Matches
Sascha Riether,de GER,FW,Schalke 04,35,1983,1,0,2,0.0,0,0,0,0,0,0,0,0,0.0,0.0,0.0,0.0,0,0,0,0.00,0.00,0.00,0.00,0.00,0.00,0.00,0.00,0.00,0.00,Matches
Arjen Robben,nl NED,"FW,MF",Bayern Munich,34,1984,12,7,567,6.3,4,0,4,4,0,0,1,1,3.4,3.4,1.9,5.3,39,38,81,0.63,0.00,0.63,0.63,0.63,0.55,0.29,0.84,0.55,0.84,Matches
Sebastian Rode,de GER,MF,Eint Frankfurt,27,1990,12,12,923,10.3,0,0,0,0,0,0,4,0,0.5,0.5,1.3,1.8,13,55,21,0.00,0.00,0.00,0.00,0.00,0.05,0.13,0.18,0.05,0.18,Matches
James Rodríguez,co COL,MF,Bayern Munich,27,1991,20,13,"1,138",12.6,7,3,10,7,0,0,2,0,5.1,5.1,5.6,10.6,35,135,103,0.55,0.24,0.79,0.55,0.79,0.40,0.44,0.84,0.40,0.84,Matches
Jérôme Roussillon,fr FRA,DF,Wolfsburg,25,1993,28,28,"2,461",27.3,3,4,7,3,0,0,4,0,1.7,1.7,2.5,4.2,92,113,123,0.11,0.15,0.26,0.11,0.26,0.06,0.09,0.15,0.06,0.15,Matches
Sebastian Rudy,de GER,MF,Schalke 04,28,1990,21,17,"1,356",15.1,0,0,0,0,0,0,4,0,0.3,0.2,1.2,1.4,11,65,31,0.00,0.00,0.00,0.00,0.00,0.02,0.08,0.10,0.01,0.09,Matches
Lukas Rupp,de GER,"MF,DF",Hoffenheim,27,1991,1,0,25,0.3,0,0,0,0,0,0,0,0,0.0,0.0,0.0,0.0,1,1,5,0.00,0.00,0.00,0.00,0.00,0.00,0.11,0.11,0.00,0.11,Matches
Marco Russ,de GER,DF,Eint Frankfurt,32,1985,5,3,380,4.2,0,0,0,0,0,0,1,0,0.0,0.0,0.0,0.0,4,9,1,0.00,0.00,0.00,0.00,0.00,0.01,0.00,0.01,0.01,0.01,Matches
Frederik Rønnow,dk DEN,GK,Eint Frankfurt,25,1992,2,1,123,1.4,0,0,0,0,0,0,0,0,0.0,0.0,0.0,0.0,0,0,0,0.00,0.00,0.00,0.00,0.00,0.00,0.00,0.00,0.00,0.00,Matches
Marcel Sabitzer,at AUT,MF,RB Leipzig,24,1994,30,26,"2,352",26.1,4,3,7,4,0,0,9,0,5.1,5.1,4.9,10.0,49,159,187,0.15,0.11,0.27,0.15,0.27,0.19,0.19,0.38,0.19,0.38,Matches
Nuri Şahin,tr TUR,MF,Werder Bremen,29,1988,20,19,"1,476",16.4,1,1,2,1,0,0,5,0,0.6,0.6,0.8,1.5,15,101,18,0.06,0.06,0.12,0.06,0.12,0.04,0.05,0.09,0.04,0.09,Matches
Samuel Şahin-Radlinger,at AUT,GK,Hannover 96,25,1992,1,1,90,1.0,0,0,0,0,0,0,0,0,0.0,0.0,0.0,0.0,0,0,0,0.00,0.00,0.00,0.00,0.00,0.00,0.00,0.00,0.00,0.00,Matches
Carlos Salcedo,mx MEX,DF,Eint Frankfurt,24,1993,6,6,460,5.1,0,0,0,0,0,0,3,0,0.1,0.1,0.0,0.1,2,25,1,0.00,0.00,0.00,0.00,0.00,0.01,0.00,0.01,0.01,0.01,Matches
Roland Sallai,hu HUN,MF,Freiburg,21,1997,10,5,527,5.9,2,0,2,2,0,0,3,0,1.5,1.5,0.4,1.9,19,20,44,0.34,0.00,0.34,0.34,0.34,0.25,0.07,0.32,0.25,0.32,Matches
Edgar Salli,cm CMR,"FW,MF",Nürnberg,25,1992,3,1,116,1.3,0,0,0,0,0,0,1,0,0.1,0.1,0.0,0.1,1,3,6,0.00,0.00,0.00,0.00,0.00,0.07,0.02,0.08,0.07,0.08,Matches
Renato Sanches,pt POR,MF,Bayern Munich,20,1997,17,4,577,6.4,1,1,2,1,0,0,2,1,0.9,0.9,0.9,1.8,26,38,27,0.16,0.16,0.31,0.16,0.31,0.13,0.14,0.27,0.13,0.27,Matches
Jadon Sancho,eng ENG,"FW,MF",Dortmund,18,2000,34,26,"2,461",27.3,12,14,26,12,0,0,2,0,7.0,7.0,7.7,14.7,149,130,328,0.44,0.51,0.95,0.44,0.95,0.26,0.28,0.54,0.26,0.54,Matches
Salif Sané,sn SEN,DF,Schalke 04,27,1990,30,29,"2,614",29.0,2,0,2,2,0,0,4,0,1.6,1.6,0.3,1.9,25,97,7,0.07,0.00,0.07,0.07,0.07,0.06,0.01,0.07,0.06,0.07,Matches
Marcelo Saracchi,uy URU,DF,RB Leipzig,20,1998,9,7,653,7.3,0,1,1,0,0,0,2,0,0.0,0.0,1.0,1.0,25,36,50,0.00,0.14,0.14,0.00,0.14,0.00,0.13,0.14,0.00,0.14,Matches
Josh Sargent,us USA,FW,Werder Bremen,18,2000,10,1,212,2.4,2,0,2,2,0,0,1,0,1.5,1.5,0.1,1.6,5,1,19,0.85,0.00,0.85,0.85,0.85,0.63,0.05,0.68,0.63,0.68,Matches
Julian Schieber,de GER,FW,Augsburg,29,1989,9,3,258,2.9,1,0,1,1,0,0,1,0,0.7,0.7,0.6,1.3,2,7,24,0.35,0.00,0.35,0.35,0.35,0.23,0.21,0.44,0.23,0.44,Matches
Keven Schlotterbeck,de GER,DF,Freiburg,21,1997,9,8,773,8.6,0,0,0,0,0,0,1,0,0.2,0.2,0.0,0.2,5,24,0,0.00,0.00,0.00,0.00,0.00,0.02,0.00,0.02,0.02,0.02,Matches
Nico Schlotterbeck,de GER,DF,Freiburg,18,1999,4,2,226,2.5,0,0,0,0,0,0,1,0,0.0,0.0,0.0,0.0,3,7,1,0.00,0.00,0.00,0.00,0.00,0.01,0.00,0.01,0.01,0.01,Matches
Marcel Schmelzer,de GER,DF,Dortmund,30,1988,9,6,566,6.3,0,1,1,0,0,0,1,0,0.2,0.2,0.3,0.5,19,26,33,0.00,0.16,0.16,0.00,0.16,0.03,0.05,0.08,0.03,0.08,Matches
Jonathan Schmid,fr FRA,DF,Augsburg,28,1990,28,28,"2,520",28.0,3,7,10,3,0,0,1,0,0.8,0.8,3.3,4.1,43,109,87,0.11,0.25,0.36,0.11,0.36,0.03,0.12,0.15,0.03,0.15,Matches
Alessandro Schöpf,at AUT,"MF,DF",Schalke 04,24,1994,15,11,"1,004",11.2,1,0,1,1,0,0,3,0,1.2,1.2,1.4,2.6,43,35,49,0.09,0.00,0.09,0.09,0.09,0.11,0.12,0.23,0.11,0.23,Matches
Nico Schulz,de GER,DF,Hoffenheim,25,1993,30,29,"2,537",28.2,1,5,6,1,0,0,6,0,2.3,2.3,10.5,12.8,166,103,255,0.04,0.18,0.21,0.04,0.21,0.08,0.37,0.45,0.08,0.45,Matches
Pirmin Schwegler,ch SUI,MF,Hannover 96,31,1987,27,25,"2,075",23.1,0,1,1,0,0,0,7,0,0.3,0.3,3.0,3.4,13,117,11,0.00,0.04,0.04,0.00,0.04,0.01,0.13,0.15,0.01,0.15,Matches
Alexander Schwolow,de GER,GK,Freiburg,26,1992,33,33,"2,970",33.0,0,1,1,0,0,0,1,0,0.0,0.0,0.1,0.1,0,0,0,0.00,0.03,0.03,0.00,0.03,0.00,0.00,0.00,0.00,0.00,Matches
Davie Selke,de GER,FW,Hertha BSC,23,1995,30,16,"1,739",19.3,3,5,8,3,0,0,4,0,5.2,5.2,3.4,8.6,43,22,150,0.16,0.26,0.41,0.16,0.41,0.27,0.18,0.44,0.27,0.44,Matches
Suat Serdar,de GER,MF,Schalke 04,21,1997,26,20,"1,729",19.2,2,1,3,2,0,0,4,2,3.0,3.0,2.4,5.4,29,67,58,0.10,0.05,0.16,0.10,0.16,0.16,0.12,0.28,0.16,0.28,Matches
Meritan Shabani,al ALB,MF,Bayern Munich,19,1999,1,0,1,0.0,0,0,0,0,0,0,0,0,0.0,0.0,0.0,0.0,0,0,1,0.00,0.00,0.00,0.00,0.00,0.00,0.00,0.00,0.00,0.00,Matches
Steven Skrzybski,de GER,"FW,MF",Schalke 04,25,1992,12,8,664,7.4,3,1,4,3,0,0,1,0,2.6,2.6,1.1,3.7,12,12,52,0.41,0.14,0.54,0.41,0.54,0.36,0.15,0.51,0.36,0.51,Matches
Emile Smith Rowe,eng ENG,MF,RB Leipzig,18,2000,3,0,29,0.3,0,0,0,0,0,0,0,0,0.0,0.0,0.5,0.5,0,1,2,0.00,0.00,0.00,0.00,0.00,0.00,1.47,1.47,0.00,1.47,Matches
Marcel Sobottka,de GER,MF,Düsseldorf,24,1994,14,11,942,10.5,0,0,0,0,0,0,3,0,0.4,0.4,0.1,0.5,8,27,8,0.00,0.00,0.00,0.00,0.00,0.04,0.01,0.05,0.04,0.05,Matches
Yann Sommer,ch SUI,GK,M'Gladbach,29,1988,34,34,"3,060",34.0,0,0,0,0,0,0,1,0,0.0,0.0,0.0,0.0,0,1,0,0.00,0.00,0.00,0.00,0.00,0.00,0.00,0.00,0.00,0.00,Matches
Oliver Sorg,de GER,DF,Hannover 96,28,1990,19,18,"1,580",17.6,0,0,0,0,0,0,6,1,0.1,0.1,0.5,0.6,25,65,22,0.00,0.00,0.00,0.00,0.00,0.01,0.03,0.03,0.01,0.03,Matches
Borna Sosa,hr CRO,"DF,MF",Stuttgart,20,1998,12,7,616,6.8,0,1,1,0,0,0,3,0,0.3,0.3,1.5,1.7,14,38,27,0.00,0.15,0.15,0.00,0.15,0.04,0.22,0.25,0.04,0.25,Matches
Sebastian Soto,us USA,"MF,FW",Hannover 96,18,2000,3,0,29,0.3,0,0,0,0,0,0,0,0,0.0,0.0,0.0,0.0,0,0,1,0.00,0.00,0.00,0.00,0.00,0.00,0.10,0.10,0.00,0.10,Matches
Kostas Stafylidis,gr GRE,DF,Augsburg,24,1993,12,11,920,10.2,0,0,0,0,0,0,1,0,0.3,0.3,1.0,1.3,14,39,23,0.00,0.00,0.00,0.00,0.00,0.03,0.10,0.12,0.03,0.12,Matches
Benjamin Stambouli,fr FRA,"DF,MF",Schalke 04,27,1990,21,20,"1,763",19.6,0,2,2,0,0,0,3,0,0.1,0.1,0.4,0.5,21,105,12,0.00,0.10,0.10,0.00,0.10,0.00,0.02,0.03,0.00,0.03,Matches
Jozo Stanić,hr CRO,MF,Augsburg,19,1999,1,0,3,0.0,0,0,0,0,0,0,0,0,0.0,0.0,0.0,0.0,0,0,0,0.00,0.00,0.00,0.00,0.00,0.00,0.00,0.00,0.00,0.00,Matches
Niklas Stark,de GER,DF,Hertha BSC,23,1995,22,22,"1,868",20.8,1,0,1,1,0,0,5,0,0.8,0.8,0.2,1.0,21,76,4,0.05,0.00,0.05,0.05,0.05,0.04,0.01,0.05,0.04,0.05,Matches
Renato Steffen,ch SUI,"FW,MF",Wolfsburg,26,1991,31,18,"1,503",16.7,5,1,6,5,0,0,4,0,3.1,3.1,1.8,4.9,32,59,85,0.30,0.06,0.36,0.30,0.36,0.18,0.11,0.29,0.18,0.29,Matches
Marc Stendera,de GER,MF,Eint Frankfurt,22,1995,7,0,110,1.2,0,0,0,0,0,0,0,0,0.0,0.0,0.2,0.2,4,16,2,0.00,0.00,0.00,0.00,0.00,0.00,0.14,0.14,0.00,0.14,Matches
Pascal Stenzel,de GER,"DF,MF",Freiburg,22,1996,21,16,"1,449",16.1,0,2,2,0,0,0,5,1,1.0,1.0,1.5,2.6,22,60,39,0.00,0.12,0.12,0.00,0.12,0.06,0.10,0.16,0.06,0.16,Matches
Lars Stindl,de GER,"FW,MF",M'Gladbach,29,1988,21,19,"1,508",16.8,3,1,4,3,0,0,3,0,2.3,2.3,2.5,4.8,20,85,104,0.18,0.06,0.24,0.18,0.24,0.14,0.15,0.29,0.14,0.29,Matches
Kevin Stöger,at AUT,MF,Düsseldorf,24,1993,25,24,"2,118",23.5,1,7,8,1,0,0,8,0,2.4,2.4,5.6,8.1,42,179,51,0.04,0.30,0.34,0.04,0.34,0.10,0.24,0.34,0.10,0.34,Matches
Tobias Strobl,de GER,"MF,DF",M'Gladbach,28,1990,29,26,"2,293",25.5,0,4,4,0,0,0,4,0,0.9,0.9,1.6,2.6,17,121,10,0.00,0.16,0.16,0.00,0.16,0.04,0.06,0.10,0.04,0.10,Matches
Niklas Süle,de GER,DF,Bayern Munich,22,1995,31,29,"2,654",29.5,2,0,2,2,0,0,3,0,1.5,1.5,0.3,1.7,31,198,1,0.07,0.00,0.07,0.07,0.07,0.05,0.01,0.06,0.05,0.06,Matches
Markus Suttner,at AUT,"DF,MF",Düsseldorf,31,1987,6,6,489,5.4,1,1,2,1,0,0,1,0,0.2,0.2,0.7,0.9,11,15,15,0.18,0.18,0.37,0.18,0.37,0.04,0.13,0.17,0.04,0.17,Matches
Ádám Szalai,hu HUN,FW,Hoffenheim,30,1987,30,15,"1,627",18.1,6,3,9,6,0,0,3,0,9.6,9.6,3.8,13.4,12,30,100,0.33,0.17,0.50,0.33,0.50,0.53,0.21,0.74,0.53,0.74,Matches
Jonathan Tah,de GER,DF,Leverkusen,22,1996,33,33,"2,937",32.6,3,1,4,3,0,0,3,0,1.1,1.1,0.6,1.8,23,214,5,0.09,0.03,0.12,0.09,0.12,0.04,0.02,0.05,0.04,0.05,Matches
Taleb Tawatha,il ISR,"FW,DF",Eint Frankfurt,26,1992,3,1,125,1.4,0,0,0,0,0,0,0,0,0.0,0.0,0.0,0.0,2,4,6,0.00,0.00,0.00,0.00,0.00,0.00,0.00,0.00,0.00,0.00,Matches
Georg Teigl,at AUT,"MF,FW",Augsburg,27,1991,6,2,296,3.3,0,0,0,0,0,0,0,0,0.0,0.0,0.1,0.1,2,2,7,0.00,0.00,0.00,0.00,0.00,0.01,0.02,0.03,0.01,0.03,Matches
Marco Terrazzino,de GER,"MF,FW",Freiburg,27,1991,13,7,517,5.7,1,0,1,1,0,0,0,0,0.8,0.8,0.4,1.3,14,23,33,0.17,0.00,0.17,0.17,0.17,0.14,0.08,0.22,0.14,0.22,Matches
Cedric Teuchert,de GER,"FW,MF",Schalke 04,21,1997,5,2,160,1.8,0,0,0,0,0,0,0,0,0.1,0.1,0.0,0.1,1,0,6,0.00,0.00,0.00,0.00,0.00,0.03,0.02,0.05,0.03,0.05,Matches
Erik Thommy,de GER,"MF,FW",Stuttgart,23,1994,19,6,794,8.8,1,1,2,1,0,0,3,1,1.2,1.2,1.5,2.7,27,33,62,0.11,0.11,0.23,0.11,0.23,0.13,0.17,0.31,0.13,0.31,Matches
Timothy Tillman,de GER,"FW,MF",Nürnberg,19,1999,6,1,206,2.3,0,0,0,0,0,0,0,0,0.2,0.2,0.5,0.7,2,3,6,0.00,0.00,0.00,0.00,0.00,0.07,0.24,0.31,0.07,0.31,Matches
George Timotheou,au AUS,DF,Schalke 04,21,1997,1,1,90,1.0,0,0,0,0,0,0,0,0,0.1,0.1,0.0,0.1,1,1,0,0.00,0.00,0.00,0.00,0.00,0.10,0.00,0.10,0.10,0.10,Matches
Marcel Tisserand,cd COD,DF,Wolfsburg,25,1993,10,10,886,9.8,1,0,1,1,0,0,2,0,1.1,1.1,0.1,1.2,16,36,7,0.10,0.00,0.10,0.10,0.10,0.11,0.01,0.12,0.11,0.12,Matches
Corentin Tolisso,fr FRA,MF,Bayern Munich,23,1994,2,1,52,0.6,1,0,1,1,0,0,0,0,0.1,0.1,0.1,0.2,0,4,6,1.73,0.00,1.73,1.73,1.73,0.17,0.16,0.33,0.17,0.33,Matches
Ömer Toprak,tr TUR,DF,Dortmund,29,1989,9,1,236,2.6,0,0,0,0,0,0,0,0,0.1,0.1,0.0,0.1,2,7,0,0.00,0.00,0.00,0.00,0.00,0.03,0.00,0.03,0.03,0.03,Matches
Lucas Torró,es ESP,MF,Eint Frankfurt,24,1994,8,6,560,6.2,0,0,0,0,0,0,1,0,0.3,0.3,0.1,0.4,2,28,3,0.00,0.00,0.00,0.00,0.00,0.05,0.01,0.06,0.05,0.06,Matches
Jordan Torunarigha,de GER,DF,Hertha BSC,20,1997,14,13,"1,158",12.9,2,2,4,2,0,0,3,1,1.1,1.1,0.8,2.0,6,24,10,0.16,0.16,0.31,0.16,0.31,0.09,0.06,0.15,0.09,0.15,Matches
Almamy Touré,ml MLI,"DF,MF",Eint Frankfurt,22,1996,7,6,519,5.8,0,0,0,0,0,0,0,0,0.1,0.1,0.0,0.1,12,23,6,0.00,0.00,0.00,0.00,0.00,0.02,0.00,0.03,0.02,0.03,Matches
Ibrahima Traoré,gn GUI,"FW,MF",M'Gladbach,30,1988,16,5,552,6.1,0,2,2,0,0,0,1,0,0.8,0.8,2.7,3.6,18,29,65,0.00,0.33,0.33,0.00,0.33,0.13,0.45,0.58,0.13,0.58,Matches
Kevin Trapp,de GER,GK,Eint Frankfurt,28,1990,33,33,"2,937",32.6,0,0,0,0,0,0,2,0,0.0,0.0,0.0,0.0,0,0,0,0.00,0.00,0.00,0.00,0.00,0.00,0.00,0.00,0.00,0.00,Matches
Philipp Tschauner,de GER,GK,Hannover 96,32,1985,1,1,90,1.0,0,0,0,0,0,0,0,0,0.0,0.0,0.0,0.0,0,0,0,0.00,0.00,0.00,0.00,0.00,0.00,0.00,0.00,0.00,0.00,Matches
Anthony Ujah,ng NGA,FW,Mainz 05,27,1990,22,6,735,8.2,4,0,4,4,0,0,2,0,4.2,4.2,2.1,6.3,9,16,59,0.49,0.00,0.49,0.49,0.49,0.51,0.26,0.77,0.51,0.77,Matches
Sven Ulreich,de GER,GK,Bayern Munich,29,1988,9,8,758,8.4,0,0,0,0,0,0,0,0,0.0,0.0,0.0,0.0,0,0,0,0.00,0.00,0.00,0.00,0.00,0.00,0.00,0.00,0.00,0.00,Matches
Dayot Upamecano,fr FRA,DF,RB Leipzig,19,1998,15,14,"1,293",14.4,0,0,0,0,0,0,5,0,0.9,0.9,0.1,1.0,12,59,0,0.00,0.00,0.00,0.00,0.00,0.06,0.01,0.07,0.06,0.07,Matches
Takashi Usami,jp JPN,"MF,FW",Düsseldorf,26,1992,19,10,879,9.8,1,2,3,1,0,0,1,0,2.1,2.1,0.6,2.7,26,30,44,0.10,0.20,0.31,0.10,0.31,0.21,0.06,0.27,0.21,0.27,Matches
Mark Uth,de GER,"FW,MF",Schalke 04,26,1991,20,15,"1,407",15.6,2,1,3,2,0,0,3,0,4.7,4.7,1.6,6.3,25,25,94,0.13,0.06,0.19,0.13,0.19,0.30,0.10,0.40,0.30,0.40,Matches
Enrico Valentini,it ITA,DF,Nürnberg,29,1989,15,15,"1,299",14.4,0,2,2,0,0,0,2,0,0.2,0.2,1.4,1.6,34,62,65,0.00,0.14,0.14,0.00,0.14,0.02,0.10,0.11,0.02,0.11,Matches
Miloš Veljković,rs SRB,DF,Werder Bremen,22,1995,23,21,"1,877",20.9,1,0,1,1,0,0,7,2,0.8,0.8,0.5,1.3,22,122,3,0.05,0.00,0.05,0.05,0.05,0.04,0.02,0.06,0.04,0.06,Matches
Paul Verhaegh,nl NED,DF,Wolfsburg,34,1983,2,2,180,2.0,0,0,0,0,0,0,0,0,0.0,0.0,0.0,0.0,2,9,6,0.00,0.00,0.00,0.00,0.00,0.00,0.01,0.01,0.00,0.01,Matches
Kevin Vogt,de GER,DF,Hoffenheim,26,1991,28,28,"2,391",26.6,0,0,0,0,0,0,5,0,0.2,0.2,0.2,0.5,28,126,6,0.00,0.00,0.00,0.00,0.00,0.01,0.01,0.02,0.01,0.02,Matches
Kevin Volland,de GER,FW,Leverkusen,26,1992,34,32,"2,814",31.3,14,9,23,14,0,0,4,0,13.8,13.8,8.4,22.2,65,93,263,0.45,0.29,0.74,0.45,0.74,0.44,0.27,0.71,0.44,0.71,Matches
Sandro Wagner,de GER,FW,Bayern Munich,30,1987,7,1,143,1.6,0,0,0,0,0,0,2,0,0.6,0.6,0.1,0.6,1,3,10,0.00,0.00,0.00,0.00,0.00,0.35,0.03,0.39,0.35,0.39,Matches
Walace,br BRA,MF,Hannover 96,23,1995,26,23,"1,996",22.2,1,1,2,1,0,0,5,0,0.8,0.8,0.6,1.4,26,88,23,0.05,0.05,0.09,0.05,0.09,0.04,0.03,0.06,0.04,0.06,Matches
Luca Waldschmidt,de GER,"FW,MF",Freiburg,22,1996,30,16,"1,717",19.1,9,1,10,6,3,3,1,0,7.9,5.6,2.3,7.9,38,75,86,0.47,0.05,0.52,0.31,0.37,0.42,0.12,0.53,0.29,0.41,Matches
Wout Weghorst,nl NED,FW,Wolfsburg,25,1992,34,33,"2,925",32.5,17,7,24,13,4,4,4,0,14.3,11.3,4.9,16.2,26,55,154,0.52,0.22,0.74,0.40,0.62,0.44,0.15,0.59,0.35,0.50,Matches
Julian Weigl,de GER,"DF,MF",Dortmund,22,1995,18,16,"1,455",16.2,1,0,1,1,0,0,3,0,0.2,0.2,0.1,0.3,6,79,2,0.06,0.00,0.06,0.06,0.06,0.01,0.01,0.02,0.01,0.02,Matches
Mitchell Weiser,de GER,DF,Leverkusen,24,1994,30,22,"2,111",23.5,1,3,4,1,0,0,3,0,0.5,0.5,3.6,4.1,72,113,180,0.04,0.13,0.17,0.04,0.17,0.02,0.15,0.17,0.02,0.17,Matches
Wendell,br BRA,DF,Leverkusen,25,1993,28,25,"2,277",25.3,2,2,4,1,1,2,5,0,2.8,1.3,1.9,3.1,51,128,64,0.08,0.08,0.16,0.04,0.12,0.11,0.07,0.18,0.05,0.12,Matches
Oscar Wendt,se SWE,DF,M'Gladbach,32,1985,32,30,"2,731",30.3,1,1,2,1,0,0,2,0,0.5,0.5,2.5,3.0,50,151,141,0.03,0.03,0.07,0.03,0.07,0.02,0.08,0.10,0.02,0.10,Matches
Timo Werner,de GER,FW,RB Leipzig,22,1996,30,29,"2,509",27.9,16,7,23,16,0,1,1,0,17.5,16.7,5.5,22.3,104,59,303,0.57,0.25,0.83,0.57,0.83,0.63,0.20,0.83,0.60,0.80,Matches
Hendrik Weydandt,de GER,FW,Hannover 96,23,1995,28,18,"1,723",19.1,6,1,7,6,0,0,1,0,8.0,8.0,4.5,12.4,29,31,125,0.31,0.05,0.37,0.31,0.37,0.42,0.23,0.65,0.42,0.65,Matches
Jetro Willems,nl NED,"MF,DF",Eint Frankfurt,24,1994,23,7,730,8.1,0,1,1,0,0,0,2,1,0.2,0.2,2.0,2.2,19,37,37,0.00,0.12,0.12,0.00,0.12,0.03,0.25,0.27,0.03,0.27,Matches
William,br BRA,DF,Wolfsburg,23,1995,31,30,"2,675",29.7,2,1,3,2,0,0,10,0,1.4,1.4,2.6,4.0,62,132,144,0.07,0.03,0.10,0.07,0.10,0.05,0.09,0.14,0.05,0.14,Matches
Kevin Wimmer,at AUT,DF,Hannover 96,25,1992,22,17,"1,683",18.7,0,0,0,0,0,0,5,0,0.2,0.2,0.5,0.7,9,79,0,0.00,0.00,0.00,0.00,0.00,0.01,0.03,0.04,0.01,0.04,Matches
Axel Witsel,be BEL,MF,Dortmund,29,1989,33,32,"2,873",31.9,4,1,5,4,0,0,2,0,2.5,2.5,2.1,4.5,55,221,43,0.13,0.03,0.16,0.13,0.16,0.08,0.06,0.14,0.08,0.14,Matches
Marius Wolf,de GER,"DF,FW",Dortmund,23,1995,16,10,828,9.2,1,0,1,1,0,0,1,1,0.5,0.5,0.9,1.3,23,63,73,0.11,0.00,0.11,0.11,0.11,0.05,0.10,0.15,0.05,0.15,Matches
Jeong Woo-yeong,kr KOR,FW,Bayern Munich,18,1999,1,0,5,0.1,0,0,0,0,0,0,0,0,0.0,0.0,0.0,0.0,1,1,0,0.00,0.00,0.00,0.00,0.00,0.72,0.00,0.72,0.72,0.72,Matches
Bobby Wood,us USA,"FW,MF",Hannover 96,25,1992,20,12,"1,182",13.1,3,1,4,3,0,0,1,0,2.5,2.5,1.8,4.3,25,24,92,0.23,0.08,0.30,0.23,0.30,0.19,0.14,0.32,0.19,0.32,Matches
Haji Wright,us USA,FW,Schalke 04,20,1998,7,2,197,2.2,1,0,1,1,0,0,0,0,0.9,0.9,0.0,0.9,2,1,17,0.46,0.00,0.46,0.46,0.46,0.41,0.01,0.42,0.41,0.42,Matches
John Yeboah,de GER,"MF,FW",Wolfsburg,18,2000,2,0,55,0.6,0,0,0,0,0,0,0,0,0.0,0.0,0.4,0.4,2,4,3,0.00,0.00,0.00,0.00,0.00,0.06,0.63,0.69,0.06,0.69,Matches
Dan-Axel Zagadou,fr FRA,DF,Dortmund,19,1999,17,15,"1,267",14.1,2,0,2,2,0,0,4,0,1.4,1.4,0.1,1.5,6,70,0,0.14,0.00,0.14,0.14,0.14,0.10,0.00,0.11,0.10,0.11,Matches
Denis Zakaria,ch SUI,MF,M'Gladbach,21,1996,31,21,"1,959",21.8,4,0,4,4,0,0,7,0,3.8,3.8,0.7,4.5,56,90,82,0.18,0.00,0.18,0.18,0.18,0.18,0.03,0.21,0.18,0.21,Matches
Robin Zentner,de GER,GK,Mainz 05,23,1994,10,10,900,10.0,0,0,0,0,0,0,1,0,0.0,0.0,0.0,0.0,0,0,0,0.00,0.00,0.00,0.00,0.00,0.00,0.00,0.00,0.00,0.00,Matches
Ron-Robert Zieler,de GER,GK,Stuttgart,29,1989,34,34,"3,060",34.0,0,0,0,0,0,0,3,0,0.0,0.0,0.0,0.0,0,0,0,0.00,0.00,0.00,0.00,0.00,0.00,0.00,0.00,0.00,0.00,Matches
Jean Zimmer,de GER,"DF,FW",Düsseldorf,24,1993,18,17,"1,435",15.9,1,2,3,1,0,0,2,0,0.5,0.5,2.9,3.4,44,57,99,0.06,0.13,0.19,0.06,0.19,0.03,0.18,0.22,0.03,0.22,Matches
Matthias Zimmermann,de GER,"DF,MF",Düsseldorf,26,1992,34,34,"3,049",33.9,1,3,4,1,0,0,4,0,0.5,0.5,2.8,3.3,56,149,117,0.03,0.09,0.12,0.03,0.12,0.01,0.08,0.10,0.01,0.10,Matches
Adam Zreľák,sk SVK,FW,Nürnberg,24,1994,14,10,941,10.5,2,1,3,2,0,0,4,0,3.7,3.7,0.6,4.3,0,9,51,0.19,0.10,0.29,0.19,0.29,0.36,0.05,0.41,0.36,0.41,Matches
Steven Zuber,ch SUI,"MF,FW",Hoffenheim,26,1991,9,6,571,6.3,0,1,1,0,0,0,1,0,0.6,0.6,1.0,1.6,26,33,48,0.00,0.16,0.16,0.00,0.16,0.09,0.16,0.25,0.09,0.25,Matches
Steven Zuber,ch SUI,"MF,FW",Stuttgart,26,1991,13,13,"1,051",11.7,5,1,6,4,1,1,3,0,3.2,2.4,1.3,3.6,26,44,72,0.43,0.09,0.51,0.34,0.43,0.27,0.11,0.38,0.20,0.31,Matches
