player,nationality,position,team,age,birth_year,minutes_90s,passes_completed,passes,passes_pct,passes_total_distance,passes_progressive_distance,passes_completed_short,passes_short,passes_pct_short,passes_completed_medium,passes_medium,passes_pct_medium,passes_completed_long,passes_long,passes_pct_long,assists,xg_assist,pass_xa,xg_assist_net,assisted_shots,passes_into_final_third,passes_into_penalty_area,crosses_into_penalty_area,progressive_passes,matches
Issah Abbas,gh GHA,FW,Mainz 05,19,1998,0.1,1,2,50.0,26,1,0,1,0.0,1,1,100.0,0,0,,0,0.0,0.0,0.0,0,0,0,0,0,Matches
David Abraham,ar ARG,DF,Eint Frankfurt,32,1986,15.8,514,671,76.6,10872,4118,142,172,82.6,284,332,85.5,83,136,61.0,0,0.4,0.5,-0.4,5,56,6,2,80,Matches
Amir Abrashi,al ALB,MF,Freiburg,28,1990,8.8,319,372,85.8,5012,1108,154,174,88.5,129,137,94.2,18,26,69.2,0,0.1,0.1,-0.1,2,14,0,0,19,Matches
Tyler Adams,us USA,MF,RB Leipzig,19,1999,8.0,424,530,80.0,6109,2131,227,272,83.5,146,173,84.4,22,35,62.9,2,1.0,0.8,+1.0,5,53,5,0,64,Matches
Antonis Aidonis,de GER,DF,Stuttgart,17,2001,0.9,13,35,37.1,252,147,3,5,60.0,8,19,42.1,2,5,40.0,0,0.0,0.0,0.0,0,3,2,1,2,Matches
Manuel Akanji,ch SUI,DF,Dortmund,23,1995,24.5,1722,1855,92.8,35445,11973,509,539,94.4,948,980,96.7,247,303,81.5,0,0.6,0.6,-0.6,6,94,3,2,122,Matches
Chadrac Akolo,cd COD,"MF,FW",Stuttgart,23,1995,5.8,119,161,73.9,1529,355,73,82,89.0,36,51,70.6,2,8,25.0,1,0.5,1.0,+0.5,6,7,4,2,14,Matches
Kevin Akpoguma,ng NGA,DF,Hoffenheim,23,1995,5.5,228,269,84.8,4015,1468,101,112,90.2,104,114,91.2,20,35,57.1,0,0.0,0.1,0.0,0,27,0,0,33,Matches
Kevin Akpoguma,ng NGA,DF,Hannover 96,23,1995,3.5,135,171,78.9,2640,903,48,54,88.9,73,83,88.0,14,28,50.0,0,0.0,0.1,0.0,0,13,2,0,20,Matches
David Alaba,at AUT,DF,Bayern Munich,26,1992,28.1,1769,2153,82.2,26475,8480,970,1061,91.4,637,755,84.4,92,184,50.0,3,4.4,5.8,-1.4,28,144,41,20,190,Matches
Lucas Alario,ar ARG,"FW,MF",Leverkusen,25,1992,14.1,307,412,74.5,3588,644,179,218,82.1,62,92,67.4,12,14,85.7,3,1.4,1.3,+1.6,15,6,8,0,22,Matches
Miiko Albornoz,cl CHI,"DF,MF",Hannover 96,27,1990,18.4,715,966,74.0,11843,4473,355,406,87.4,281,365,77.0,63,135,46.7,3,1.5,2.2,+1.5,18,52,24,13,71,Matches
Paco Alcácer,es ESP,FW,Dortmund,24,1993,13.5,213,290,73.4,2420,456,147,182,80.8,39,60,65.0,5,9,55.6,0,1.6,2.5,-1.6,15,13,7,0,17,Matches
Thiago Alcántara,es ESP,MF,Bayern Munich,27,1991,26.8,2325,2587,89.9,45160,12086,850,907,93.7,1047,1115,93.9,353,451,78.3,6,3.5,5.0,+2.5,38,266,26,1,310,Matches
Allan,br BRA,MF,Eint Frankfurt,21,1997,2.0,42,64,65.6,778,226,16,29,55.2,17,23,73.9,6,7,85.7,0,0.0,0.1,0.0,1,11,1,0,4,Matches
Alfons Amade,de GER,MF,Hoffenheim,18,1999,0.1,1,2,50.0,18,2,0,1,0.0,1,1,100.0,0,0,,0,0.0,0.0,0.0,0,0,0,0,0,Matches
Nadiem Amiri,de GER,MF,Hoffenheim,21,1996,8.4,320,375,85.3,4935,1394,168,185,90.8,118,129,91.5,18,34,52.9,1,1.4,1.5,-0.4,16,29,12,1,50,Matches
Waldemar Anton,de GER,DF,Hannover 96,22,1996,34.0,1444,1733,83.3,29662,9494,422,485,87.0,801,884,90.6,207,306,67.6,0,0.2,0.4,-0.2,5,67,1,1,96,Matches
Dennis Aogo,de GER,MF,Stuttgart,31,1987,11.4,474,580,81.7,8762,1995,204,218,93.6,188,213,88.3,69,120,57.5,0,1.4,1.7,-1.4,15,27,5,4,38,Matches
Charles Aránguiz,cl CHI,MF,Leverkusen,29,1989,21.0,1457,1661,87.7,23354,7729,739,796,92.8,525,576,91.1,120,155,77.4,7,3.4,3.5,+3.6,30,170,24,5,207,Matches
Maximilian Arnold,de GER,MF,Wolfsburg,24,1994,31.9,1111,1473,75.4,23482,6132,389,454,85.7,448,544,82.4,236,393,60.1,6,4.3,3.8,+1.7,46,111,24,6,141,Matches
Takuma Asano,jp JPN,"MF,FW",Hannover 96,23,1994,7.8,110,162,67.9,1446,333,65,82,79.3,28,40,70.0,6,11,54.5,0,0.4,0.4,-0.4,2,9,7,0,14,Matches
Santiago Ascacíbar,ar ARG,MF,Stuttgart,21,1997,27.0,888,1111,79.9,14739,3759,420,502,83.7,369,427,86.4,69,107,64.5,0,0.5,1.5,-0.5,13,75,11,1,100,Matches
Simon Asta,de GER,DF,Augsburg,17,2001,1.0,21,37,56.8,305,144,14,17,82.4,7,14,50.0,0,3,0.0,0,0.0,0.2,0.0,0,1,1,1,2,Matches
Jean-Kévin Augustin,fr FRA,FW,RB Leipzig,21,1997,5.1,69,88,78.4,822,122,37,45,82.2,18,22,81.8,2,2,100.0,0,0.8,0.6,-0.8,8,3,2,1,3,Matches
Ludwig Augustinsson,se SWE,DF,Werder Bremen,24,1994,33.6,1546,1972,78.4,24560,9517,839,933,89.9,562,698,80.5,110,238,46.2,4,2.2,3.5,+1.8,26,108,44,20,154,Matches
Kaan Ayhan,tr TUR,DF,Düsseldorf,23,1994,27.2,1265,1440,87.8,26586,8739,421,451,93.3,605,654,92.5,222,304,73.0,1,0.4,1.3,+0.6,6,78,7,1,96,Matches
Florian Baak,de GER,MF,Hertha BSC,19,1999,0.0,0,0,,0,0,0,0,,0,0,,0,0,,0,0.0,0.0,0.0,0,0,0,0,0,Matches
Holger Badstuber,de GER,DF,Stuttgart,29,1989,5.8,243,266,91.4,4859,1630,92,97,94.8,115,123,93.5,35,43,81.4,0,0.0,0.0,0.0,0,5,0,0,13,Matches
Daniel Baier,de GER,MF,Augsburg,34,1984,31.3,1229,1626,75.6,22363,7481,510,610,83.6,515,634,81.2,159,275,57.8,1,1.2,1.2,-0.2,22,131,12,1,187,Matches
Leon Bailey,jm JAM,FW,Leverkusen,20,1997,21.3,623,950,65.6,9939,2836,327,403,81.1,194,277,70.0,63,170,37.1,1,4.4,4.7,-3.4,47,37,33,15,72,Matches
Marvin Bakalorz,de GER,MF,Hannover 96,28,1989,16.3,301,405,74.3,4514,1042,167,195,85.6,108,130,83.1,15,41,36.6,0,0.6,0.6,-0.6,8,16,5,1,29,Matches
Ridle Baku,de GER,MF,Mainz 05,20,1998,10.4,367,451,81.4,6827,1518,147,182,80.8,172,201,85.6,45,51,88.2,0,0.4,0.7,-0.4,6,32,3,0,45,Matches
Philipp Bargfrede,de GER,"MF,DF",Werder Bremen,29,1989,12.0,453,555,81.6,8653,3165,165,198,83.3,236,271,87.1,44,64,68.8,0,0.1,0.4,-0.1,4,58,4,0,57,Matches
Aymen Barkok,ma MAR,MF,Düsseldorf,20,1998,5.7,169,228,74.1,2891,805,77,98,78.6,56,67,83.6,22,35,62.9,0,0.2,0.5,-0.2,3,14,6,2,25,Matches
Leandro Barreiro Martins,lu LUX,MF,Mainz 05,18,2000,1.0,14,26,53.8,284,83,5,8,62.5,7,13,53.8,2,2,100.0,0,0.1,0.0,-0.1,1,2,0,0,3,Matches
Fin Bartels,de GER,"MF,FW",Werder Bremen,31,1987,0.3,3,6,50.0,125,58,0,1,0.0,1,2,50.0,2,2,100.0,0,0.0,0.0,0.0,0,1,0,0,1,Matches
Robert Bauer,de GER,DF,Nürnberg,23,1995,19.1,583,824,70.8,9851,4200,271,315,86.0,248,332,74.7,48,118,40.7,0,1.1,1.0,-1.1,12,54,10,4,72,Matches
Oliver Baumann,de GER,GK,Hoffenheim,28,1990,33.0,1023,1288,79.4,25971,18330,253,254,99.6,454,460,98.7,294,546,53.8,1,0.1,0.1,+0.9,2,17,2,0,0,Matches
Timo Baumgartl,de GER,DF,Stuttgart,22,1996,18.0,707,869,81.4,13616,5456,278,303,91.7,321,369,87.0,93,159,58.5,0,0.2,0.2,-0.2,5,38,3,2,43,Matches
Julian Baumgartlinger,at AUT,MF,Leverkusen,30,1988,17.3,1234,1380,89.4,20263,4912,614,670,91.6,439,477,92.0,116,133,87.2,1,0.6,2.1,+0.4,10,97,13,0,111,Matches
Christoph Baumgartner,at AUT,MF,Hoffenheim,18,1999,0.9,22,36,61.1,324,83,16,21,76.2,6,8,75.0,0,3,0.0,0,0.0,0.0,0.0,0,4,0,0,5,Matches
Noah Joel Sarenren Bazee,ng NGA,"FW,MF",Hannover 96,21,1996,1.7,7,20,35.0,96,31,4,6,66.7,3,6,50.0,0,3,0.0,0,0.0,0.0,0.0,0,0,0,0,2,Matches
Ihlas Bebou,tg TOG,"MF,FW",Hannover 96,24,1994,11.8,293,443,66.1,4523,1581,160,208,76.9,85,123,69.1,29,53,54.7,3,1.9,2.3,+1.1,16,18,17,5,48,Matches
Uffe Bech,dk DEN,FW,Hannover 96,25,1993,0.2,9,14,64.3,112,23,6,8,75.0,2,3,66.7,0,0,,0,0.7,0.5,-0.7,2,0,0,0,1,Matches
Andreas Beck,de GER,DF,Stuttgart,31,1987,19.7,602,856,70.3,10873,4433,252,296,85.1,273,355,76.9,62,140,44.3,2,1.4,1.3,+0.6,16,46,13,8,63,Matches
Hanno Behrens,de GER,MF,Nürnberg,28,1990,29.3,617,920,67.1,9110,2953,332,436,76.1,211,300,70.3,37,92,40.2,1,1.5,2.2,-0.5,21,45,13,0,78,Matches
Ishak Belfodil,dz ALG,"FW,MF",Hoffenheim,26,1992,20.7,323,463,69.8,3979,781,206,263,78.3,73,120,60.8,10,15,66.7,3,5.1,3.1,-2.1,30,20,10,2,30,Matches
Stefan Bell,de GER,DF,Mainz 05,26,1991,25.0,960,1218,78.8,21086,8839,270,309,87.4,494,564,87.6,193,315,61.3,0,1.2,2.0,-1.2,21,103,15,2,129,Matches
Karim Bellarabi,de GER,FW,Leverkusen,28,1990,11.7,332,495,67.1,4760,1448,186,224,83.0,107,159,67.3,21,49,42.9,4,5.1,5.0,-1.1,26,15,29,9,46,Matches
Lars Bender,de GER,"MF,DF",Leverkusen,29,1989,15.1,773,938,82.4,11424,4376,420,481,87.3,270,307,87.9,34,64,53.1,4,1.3,2.1,+2.7,14,65,8,1,95,Matches
Sven Bender,de GER,DF,Leverkusen,29,1989,22.1,1515,1676,90.4,29326,9731,502,549,91.4,831,881,94.3,165,205,80.5,0,0.2,0.3,-0.2,3,53,4,0,94,Matches
László Bénes,sk SVK,"MF,FW",M'Gladbach,20,1997,0.3,8,14,57.1,166,50,2,4,50.0,5,5,100.0,1,3,33.3,0,0.0,0.0,0.0,0,0,0,0,1,Matches
Nabil Bentaleb,dz ALG,MF,Schalke 04,23,1994,19.9,732,956,76.6,13251,3498,326,385,84.7,301,370,81.4,87,152,57.2,0,0.9,1.2,-0.9,17,84,8,2,101,Matches
Jordan Beyer,de GER,DF,M'Gladbach,18,2000,8.0,412,473,87.1,7444,1943,157,171,91.8,217,236,91.9,31,44,70.5,0,0.1,0.2,-0.1,2,19,1,1,31,Matches
Ermin Bičakčić,ba BIH,DF,Hoffenheim,28,1990,19.9,1034,1174,88.1,17920,6994,461,504,91.5,496,537,92.4,68,109,62.4,2,0.7,1.0,+1.3,5,108,6,1,133,Matches
Leonardo Bittencourt,de GER,MF,Hoffenheim,24,1993,11.9,356,478,74.5,5373,1400,192,226,85.0,115,142,81.0,26,53,49.1,3,2.8,2.1,+0.2,22,22,14,3,53,Matches
Pablo de Blasis,ar ARG,FW,Mainz 05,30,1988,1.0,18,33,54.5,302,97,12,14,85.7,3,8,37.5,3,5,60.0,0,0.1,0.1,-0.1,1,2,1,1,3,Matches
Danny Blum,de GER,MF,Eint Frankfurt,27,1991,0.0,1,1,100.0,15,0,0,0,,1,1,100.0,0,0,,0,0.0,0.0,0.0,0,0,0,0,0,Matches
Jérôme Boateng,de GER,DF,Bayern Munich,29,1988,18.8,1426,1616,88.2,31298,10937,361,389,92.8,818,874,93.6,240,328,73.2,2,1.0,2.0,+1.0,11,166,16,1,168,Matches
Adam Bodzek,de GER,"MF,DF",Düsseldorf,32,1985,17.7,579,690,83.9,11314,4028,222,252,88.1,230,258,89.1,100,135,74.1,1,1.1,0.7,-0.1,8,43,4,0,57,Matches
Jean-Paul Boëtius,nl NED,MF,Mainz 05,24,1994,23.6,652,869,75.0,10884,2879,344,421,81.7,214,281,76.2,75,103,72.8,7,4.9,3.6,+2.1,31,71,27,2,117,Matches
Robin Bormuth,de GER,DF,Düsseldorf,22,1995,6.8,218,273,79.9,4562,1418,67,72,93.1,118,136,86.8,32,57,56.1,0,0.0,0.0,0.0,1,14,0,0,19,Matches
Nassim Boujellab,ma MAR,MF,Schalke 04,19,1999,4.2,80,105,76.2,1343,355,42,54,77.8,28,34,82.4,9,12,75.0,1,0.5,0.4,+0.5,1,12,4,0,16,Matches
Julian Brandt,de GER,"MF,FW",Leverkusen,22,1996,29.6,1443,1877,76.9,22326,6507,767,878,87.4,430,538,79.9,145,265,54.7,11,9.3,8.9,+1.7,86,126,65,9,198,Matches
Fabian Bredlow,de GER,GK,Nürnberg,23,1995,12.5,340,474,71.7,9136,6612,62,62,100.0,182,182,100.0,91,222,41.0,0,0.0,0.0,0.0,0,10,1,0,1,Matches
Josip Brekalo,hr CRO,"FW,MF",Wolfsburg,20,1998,15.7,424,625,67.8,7920,2259,176,232,75.9,168,230,73.0,62,102,60.8,3,1.4,1.7,+1.6,20,45,19,1,78,Matches
Joshua Brenet,nl NED,DF,Hoffenheim,24,1994,10.1,404,517,78.1,6077,2112,239,260,91.9,131,168,78.0,22,52,42.3,1,1.9,2.5,-0.9,9,24,17,5,43,Matches
John Brooks,us USA,DF,Wolfsburg,25,1993,29.0,1499,1746,85.9,35867,11162,257,308,83.4,886,960,92.3,344,448,76.8,2,0.8,0.7,+1.2,4,93,3,0,135,Matches
Daniel Brosinski,de GER,DF,Mainz 05,30,1988,24.5,947,1352,70.0,18912,8673,379,441,85.9,412,557,74.0,148,296,50.0,5,4.1,5.1,+0.9,40,86,35,21,98,Matches
Bruma,pt POR,MF,RB Leipzig,23,1994,6.1,293,354,82.8,3783,977,177,196,90.3,79,94,84.0,13,23,56.5,1,1.3,0.5,-0.3,10,21,7,0,35,Matches
Jeffrey Bruma,nl NED,DF,Schalke 04,26,1991,6.9,255,321,79.4,5570,2039,66,78,84.6,138,153,90.2,48,75,64.0,0,0.0,0.1,0.0,0,18,2,0,34,Matches
Jacob Bruun Larsen,dk DEN,FW,Dortmund,19,1998,14.1,412,536,76.9,6307,1161,233,288,80.9,129,160,80.6,30,43,69.8,2,3.5,2.4,-1.5,18,15,14,1,39,Matches
Niko Bungert,de GER,DF,Mainz 05,31,1986,3.2,96,110,87.3,2035,540,24,27,88.9,58,63,92.1,13,19,68.4,0,0.0,0.0,0.0,1,6,0,0,5,Matches
Guido Burgstaller,at AUT,FW,Schalke 04,29,1989,17.0,190,308,61.7,2712,578,114,162,70.4,61,92,66.3,7,16,43.8,0,1.4,1.1,-1.4,10,12,8,2,22,Matches
Jonathan Burkardt,de GER,"FW,MF",Mainz 05,18,2000,2.9,29,51,56.9,487,160,15,18,83.3,12,17,70.6,1,9,11.1,0,0.5,0.5,-0.5,5,2,2,1,5,Matches
Roman Bürki,ch SUI,GK,Dortmund,27,1990,32.0,758,1078,70.3,21156,14700,109,111,98.2,386,391,98.7,261,570,45.8,0,0.0,0.0,0.0,0,11,0,0,0,Matches
Gaëtan Bussmann,fr FRA,DF,Mainz 05,27,1991,1.0,40,54,74.1,676,205,18,21,85.7,20,26,76.9,2,7,28.6,0,0.0,0.0,0.0,0,2,0,0,2,Matches
Jakub Błaszczykowski,pl POL,MF,Wolfsburg,32,1985,0.1,2,2,100.0,16,3,1,1,100.0,0,0,,0,0,,0,0.0,0.0,0.0,0,0,0,0,0,Matches
Caiuby,br BRA,"MF,FW",Augsburg,30,1988,11.2,267,390,68.5,4150,1023,137,183,74.9,81,112,72.3,29,43,67.4,1,1.0,0.9,0.0,14,19,12,4,31,Matches
Daniel Caligiuri,it ITA,"DF,FW",Schalke 04,30,1988,30.6,1101,1655,66.5,20743,10263,461,556,82.9,470,622,75.6,160,364,44.0,3,5.4,5.4,-2.4,58,101,45,10,155,Matches
Jan-Ingwer Callsen-Bracker,de GER,DF,Augsburg,33,1984,0.1,5,5,100.0,112,19,1,1,100.0,4,4,100.0,0,0,,0,0.0,0.0,0.0,0,0,0,0,0,Matches
Ignacio Camacho,es ESP,MF,Wolfsburg,28,1990,6.0,236,305,77.4,4828,1838,76,95,80.0,106,122,86.9,43,59,72.9,0,0.5,0.4,-0.5,2,38,2,0,43,Matches
Jonas Carls,de GER,FW,Schalke 04,21,1997,1.0,19,31,61.3,352,152,4,5,80.0,12,19,63.2,1,4,25.0,0,0.0,0.1,0.0,1,1,0,0,2,Matches
Koen Casteels,be BEL,GK,Wolfsburg,26,1992,25.5,938,1188,79.0,28662,18413,79,79,100.0,499,500,99.8,360,602,59.8,0,0.0,0.1,0.0,0,10,0,0,2,Matches
Gonzalo Castro,de GER,MF,Stuttgart,31,1987,18.8,663,907,73.1,11671,3786,307,358,85.8,250,316,79.1,80,167,47.9,4,2.2,2.5,+1.8,29,61,15,1,92,Matches
Timothy Chandler,us USA,DF,Eint Frankfurt,28,1990,0.2,3,4,75.0,68,52,1,1,100.0,1,2,50.0,1,1,100.0,0,0.1,0.1,-0.1,1,0,1,1,0,Matches
Per Ciljan Skjelbred,no NOR,MF,Hertha BSC,31,1987,11.1,494,576,85.8,7382,2122,285,318,89.6,160,188,85.1,29,40,72.5,1,0.3,0.8,+0.7,8,40,3,0,57,Matches
Kingsley Coman,fr FRA,"FW,MF",Bayern Munich,22,1996,15.3,539,680,79.3,7560,1229,317,355,89.3,171,209,81.8,23,46,50.0,4,4.0,3.9,0.0,28,15,35,11,55,Matches
Sergio Córdova,ve VEN,FW,Augsburg,20,1997,5.9,89,123,72.4,1169,225,51,66,77.3,22,27,81.5,5,9,55.6,0,0.2,0.3,-0.2,4,6,3,0,11,Matches
Danny da Costa,de GER,"DF,FW",Eint Frankfurt,25,1993,33.7,850,1354,62.8,14379,6775,435,529,82.2,329,532,61.8,73,184,39.7,4,5.4,4.3,-1.4,33,68,32,18,88,Matches
Mickaël Cuisance,fr FRA,MF,M'Gladbach,18,1999,3.1,119,154,77.3,1973,382,57,69,82.6,49,53,92.5,8,18,44.4,1,0.3,0.3,+0.7,5,11,3,0,20,Matches
Matheus Cunha,br BRA,"FW,MF",RB Leipzig,19,1999,9.5,155,236,65.7,1949,649,99,132,75.0,30,44,68.2,10,19,52.6,0,0.7,0.9,-0.7,7,16,7,0,30,Matches
Christoph Daferner,de GER,FW,Freiburg,20,1998,0.3,2,4,50.0,34,0,1,1,100.0,1,2,50.0,0,0,,0,0.0,0.0,0.0,0,0,0,0,0,Matches
Mahmoud Dahoud,de GER,MF,Dortmund,22,1996,7.7,374,457,81.8,7113,1887,165,188,87.8,154,182,84.6,51,63,81.0,0,1.0,1.2,-1.0,8,41,5,0,53,Matches
Leon Dajaku,de GER,"DF,MF",Stuttgart,17,2001,0.3,5,6,83.3,63,10,3,3,100.0,2,3,66.7,0,0,,0,0.0,0.1,0.0,0,0,1,0,1,Matches
Kevin Danso,at AUT,DF,Augsburg,19,1998,13.9,451,623,72.4,9525,4020,145,175,82.9,219,260,84.2,80,163,49.1,1,0.2,0.2,+0.8,2,31,1,0,36,Matches
Palkó Dárdai,hu HUN,"FW,MF",Hertha BSC,19,1999,1.3,30,44,68.2,425,144,20,25,80.0,6,9,66.7,2,3,66.7,0,0.1,0.4,-0.1,2,1,2,2,3,Matches
Vladimír Darida,cz CZE,MF,Hertha BSC,27,1990,4.2,204,238,85.7,3461,901,104,110,94.5,71,81,87.7,21,29,72.4,1,0.8,0.4,+0.2,7,25,5,3,34,Matches
Alphonso Davies,ca CAN,"MF,FW",Bayern Munich,17,2000,0.9,28,34,82.4,326,31,19,23,82.6,7,8,87.5,0,0,,0,0.0,0.0,0.0,0,1,1,0,1,Matches
Thomas Delaney,dk DEN,MF,Dortmund,26,1991,25.4,1380,1625,84.9,23204,5294,663,735,90.2,579,655,88.4,105,158,66.5,5,3.2,1.8,+1.8,15,137,10,1,126,Matches
Kerem Demirbay,de GER,MF,Hoffenheim,25,1993,22.4,1094,1423,76.9,19101,7357,498,566,88.0,412,507,81.3,132,246,53.7,9,7.4,7.7,+1.6,80,131,35,5,181,Matches
Diego Demme,de GER,MF,RB Leipzig,26,1991,22.8,1214,1531,79.3,18665,6376,647,722,89.6,401,505,79.4,96,175,54.9,2,2.7,2.6,-0.7,26,135,25,4,182,Matches
Franco Di Santo,ar ARG,"MF,FW",Schalke 04,29,1989,2.7,36,70,51.4,478,115,24,39,61.5,7,15,46.7,3,8,37.5,0,0.5,0.5,-0.5,4,1,3,3,2,Matches
Abdou Diallo,sn SEN,DF,Dortmund,22,1996,26.4,1730,1959,88.3,32502,11331,706,760,92.9,784,858,91.4,220,289,76.1,1,0.6,1.0,+0.4,11,123,11,8,125,Matches
Daniel Didavi,de GER,"MF,FW",Stuttgart,28,1990,10.6,327,466,70.2,5180,1565,167,192,87.0,102,137,74.5,35,85,41.2,2,2.7,2.8,-0.7,28,33,15,5,45,Matches
Tim Dierßen,de GER,MF,Hannover 96,22,1996,0.2,3,3,100.0,21,1,2,2,100.0,0,0,,0,0,,0,0.0,0.0,0.0,0,0,0,0,0,Matches
Javairô Dilrosun,nl NED,"FW,MF",Hertha BSC,20,1998,10.0,177,248,71.4,2482,781,105,121,86.8,50,74,67.6,9,25,36.0,3,1.9,1.5,+1.1,12,10,10,2,22,Matches
Giulio Donati,it ITA,DF,Mainz 05,28,1990,6.9,257,356,72.2,4640,2359,108,125,86.4,114,157,72.6,30,60,50.0,0,0.6,1.0,-0.6,7,28,10,6,32,Matches
Ji Dong-won,kr KOR,"MF,FW",Augsburg,27,1991,9.9,269,383,70.2,3780,961,154,192,80.2,77,114,67.5,16,33,48.5,1,1.0,1.0,0.0,10,21,6,3,42,Matches
Anastasios Donis,gr GRE,"FW,MF",Stuttgart,21,1996,10.7,139,195,71.3,1911,241,85,93,91.4,32,50,64.0,9,20,45.0,2,1.0,0.7,+1.0,7,3,5,2,8,Matches
Aleksandar Dragović,at AUT,DF,Leverkusen,27,1991,14.8,979,1093,89.6,20632,7234,295,319,92.5,497,534,93.1,174,212,82.1,0,0.1,0.3,-0.1,3,60,2,0,70,Matches
Josip Drmić,ch SUI,FW,M'Gladbach,25,1992,2.5,56,63,88.9,777,139,30,32,93.8,17,19,89.5,3,5,60.0,0,0.0,0.2,0.0,1,1,3,2,1,Matches
Jaroslav Drobný,cz CZE,GK,Düsseldorf,38,1979,2.0,28,37,75.7,973,852,3,3,100.0,7,7,100.0,18,27,66.7,0,0.0,0.0,0.0,0,1,0,0,0,Matches
Marvin Ducksch,de GER,FW,Düsseldorf,24,1994,9.1,183,285,64.2,2752,818,98,131,74.8,48,84,57.1,20,35,57.1,1,1.8,1.8,-0.8,19,20,8,1,33,Matches
Ondrej Duda,sk SVK,MF,Hertha BSC,23,1994,28.5,947,1266,74.8,14111,4031,527,639,82.5,282,370,76.2,80,135,59.3,5,5.8,4.3,-0.8,40,87,26,1,141,Matches
Johannes Eggestein,de GER,"FW,MF",Werder Bremen,20,1998,12.4,230,331,69.5,3031,873,154,190,81.1,59,82,72.0,7,21,33.3,1,1.8,1.6,-0.8,11,23,10,1,35,Matches
Maximilian Eggestein,de GER,MF,Werder Bremen,21,1996,33.9,1275,1615,78.9,20418,6969,645,754,85.5,501,607,82.5,86,140,61.4,4,4.6,4.2,-0.6,46,137,31,5,199,Matches
Josip Elez,hr CRO,DF,Hannover 96,24,1994,7.2,243,316,76.9,4724,1854,86,105,81.9,126,148,85.1,28,58,48.3,0,0.1,0.1,-0.1,2,31,1,0,29,Matches
Nico Elvedi,ch SUI,DF,M'Gladbach,21,1996,29.1,1932,2086,92.6,37150,10560,594,642,92.5,1153,1204,95.8,167,202,82.7,1,0.7,0.6,+0.3,3,80,3,0,118,Matches
Breel Embolo,ch SUI,FW,Schalke 04,21,1997,14.9,165,262,63.0,2335,492,103,139,74.1,46,71,64.8,8,12,66.7,1,2.9,1.6,-1.9,19,14,8,0,23,Matches
Patrick Erras,de GER,MF,Nürnberg,23,1995,13.6,372,468,79.5,6019,1690,179,218,82.1,155,181,85.6,23,40,57.5,1,0.8,0.3,+0.2,8,27,2,0,37,Matches
Michael Esser,de GER,GK,Hannover 96,30,1987,32.0,881,1242,70.9,28914,21912,108,108,100.0,358,368,97.3,411,756,54.4,0,0.5,0.4,-0.5,2,29,1,0,0,Matches
Alexander Esswein,de GER,"MF,FW",Stuttgart,28,1990,13.9,295,454,65.0,4575,927,145,184,78.8,99,151,65.6,24,52,46.2,0,1.3,1.8,-1.3,19,14,16,11,24,Matches
Ewerton,br BRA,DF,Nürnberg,29,1989,14.9,508,608,83.6,9814,3022,148,161,91.9,306,339,90.3,43,86,50.0,0,0.1,0.1,-0.1,2,10,2,0,20,Matches
Marco Fabián,mx MEX,FW,Eint Frankfurt,29,1989,0.7,8,13,61.5,125,16,4,5,80.0,2,4,50.0,1,3,33.3,0,0.0,0.0,0.0,0,0,0,0,0,Matches
Ralf Fährmann,de GER,GK,Schalke 04,29,1988,16.3,375,516,72.7,12140,9021,30,31,96.8,175,178,98.3,170,305,55.7,0,0.0,0.0,0.0,0,12,0,0,0,Matches
Simon Falette,gn GUI,DF,Eint Frankfurt,26,1992,6.7,220,302,72.8,4283,1318,71,91,78.0,123,149,82.6,25,56,44.6,0,0.0,0.0,0.0,0,6,0,0,16,Matches
Felipe,br BRA,DF,Hannover 96,31,1987,12.2,371,499,74.3,7845,2939,112,134,83.6,194,232,83.6,63,117,53.8,0,0.0,0.1,0.0,0,23,2,0,24,Matches
Ohis Felix Uduokhai,de GER,DF,Wolfsburg,20,1997,2.7,113,141,80.1,2224,921,40,45,88.9,52,66,78.8,19,25,76.0,0,0.0,0.0,0.0,0,4,1,0,15,Matches
Gelson Fernandes,ch SUI,MF,Eint Frankfurt,31,1986,24.7,704,845,83.3,10863,2855,365,415,88.0,296,332,89.2,26,42,61.9,0,0.3,0.4,-0.3,4,50,2,0,72,Matches
Oliver Fink,de GER,MF,Düsseldorf,36,1982,11.7,230,400,57.5,3267,1610,132,189,69.8,69,120,57.5,12,30,40.0,0,0.6,0.7,-0.6,6,30,5,1,51,Matches
Alfreð Finnbogason,is ISL,FW,Augsburg,29,1989,14.8,220,327,67.3,3132,570,124,158,78.5,66,97,68.0,12,14,85.7,1,2.4,2.6,-1.4,20,19,9,1,27,Matches
Mark Flekken,nl NED,GK,Freiburg,25,1993,1.0,23,29,79.3,758,589,1,1,100.0,14,14,100.0,8,14,57.1,0,0.0,0.0,0.0,0,2,0,0,0,Matches
Emil Forsberg,se SWE,"MF,FW",RB Leipzig,26,1991,13.9,406,536,75.7,6134,2066,214,246,87.0,136,171,79.5,30,61,49.2,7,4.5,3.4,+2.5,39,52,30,1,84,Matches
Iver Fossum,no NOR,MF,Hannover 96,22,1996,5.1,188,247,76.1,2892,724,99,107,92.5,72,89,80.9,11,35,31.4,0,1.1,1.0,-1.1,9,11,6,3,12,Matches
Raphael Framberger,de GER,"DF,MF",Augsburg,22,1995,6.1,178,273,65.2,2895,1457,86,103,83.5,60,92,65.2,18,40,45.0,0,1.5,1.0,-1.5,7,15,7,4,22,Matches
Mike Frantz,de GER,"MF,FW",Freiburg,31,1986,24.6,502,671,74.8,8728,2646,200,254,78.7,236,287,82.2,45,77,58.4,1,1.5,1.2,-0.5,16,30,14,10,33,Matches
Marco Friedl,at AUT,DF,Werder Bremen,20,1998,5.3,230,270,85.2,4651,1521,80,86,93.0,117,135,86.7,31,41,75.6,0,0.0,0.1,0.0,0,18,0,0,24,Matches
Alexander Fuchs,de GER,"MF,FW",Nürnberg,21,1997,7.3,182,240,75.8,2755,622,96,119,80.7,70,80,87.5,8,15,53.3,0,0.7,0.8,-0.7,9,23,2,0,30,Matches
Niclas Füllkrug,de GER,FW,Hannover 96,25,1993,12.4,262,392,66.8,3554,743,166,218,76.1,59,102,57.8,19,27,70.4,1,0.9,1.0,+0.1,13,29,7,1,46,Matches
Mijat Gaćinović,rs SRB,MF,Eint Frankfurt,23,1995,18.1,429,617,69.5,6903,1976,207,271,76.4,159,211,75.4,36,61,59.0,1,1.8,1.6,-0.8,19,46,16,1,75,Matches
Jean-Philippe Gbamin,ci CIV,MF,Mainz 05,22,1995,29.7,1080,1367,79.0,18681,5099,568,663,85.7,369,430,85.8,119,191,62.3,1,1.9,2.6,-0.9,23,111,19,4,135,Matches
Theodor Gebre Selassie,cz CZE,DF,Werder Bremen,31,1986,31.3,1354,1674,80.9,19474,7768,788,892,88.3,492,604,81.5,41,79,51.9,2,2.0,2.7,0.0,21,82,28,8,131,Matches
Dennis Geiger,de GER,MF,Hoffenheim,20,1998,2.7,127,144,88.2,2190,541,62,69,89.9,51,55,92.7,11,13,84.6,1,0.9,0.5,+0.1,7,9,4,1,18,Matches
Christian Gentner,de GER,"MF,FW",Stuttgart,32,1985,22.4,715,1025,69.8,12443,3935,331,407,81.3,264,359,73.5,86,144,59.7,5,2.1,2.8,+2.9,17,93,25,10,134,Matches
Yannick Gerhardt,de GER,MF,Wolfsburg,24,1994,27.3,776,1037,74.8,12251,2768,400,499,80.2,277,344,80.5,61,100,61.0,2,3.1,2.1,-1.1,26,58,20,7,95,Matches
Fabian Giefer,de GER,GK,Augsburg,28,1990,4.0,82,119,68.9,2773,2209,10,10,100.0,36,37,97.3,35,68,51.5,0,0.0,0.0,0.0,1,3,0,0,0,Matches
Niko Gießelmann,de GER,DF,Düsseldorf,26,1991,28.8,997,1373,72.6,18230,7745,429,502,85.5,431,557,77.4,115,241,47.7,3,3.2,3.1,-0.2,26,89,28,11,116,Matches
Daniel Ginczek,de GER,FW,Wolfsburg,27,1991,14.2,203,358,56.7,3183,840,115,172,66.9,57,100,57.0,21,30,70.0,2,1.6,1.1,+0.4,13,21,8,3,25,Matches
Matthias Ginter,de GER,DF,M'Gladbach,24,1994,26.4,1537,1790,85.9,31980,9493,432,481,89.8,890,955,93.2,198,314,63.1,0,1.0,1.0,-1.0,9,129,9,2,151,Matches
Serge Gnabry,de GER,"FW,MF",Bayern Munich,23,1995,19.6,685,843,81.3,9610,2081,408,462,88.3,196,235,83.4,37,57,64.9,5,6.9,6.6,-1.9,27,31,32,4,69,Matches
Kevin Goden,de GER,"DF,MF",Nürnberg,19,1999,3.0,66,109,60.6,1053,597,35,46,76.1,22,42,52.4,7,15,46.7,0,0.1,0.1,-0.1,1,4,1,1,4,Matches
Mario Gómez,de GER,FW,Stuttgart,33,1985,24.6,321,495,64.8,4290,945,195,267,73.0,93,140,66.4,11,26,42.3,2,2.7,1.4,-0.7,25,25,4,0,37,Matches
Jérôme Gondorf,de GER,"MF,FW",Freiburg,30,1988,14.4,349,518,67.4,5918,2151,167,203,82.3,117,167,70.1,45,90,50.0,2,3.1,3.0,-1.1,20,29,14,2,54,Matches
Nicolás González,ar ARG,"FW,MF",Stuttgart,20,1998,24.0,367,627,58.5,5269,1379,227,327,69.4,89,157,56.7,25,58,43.1,3,3.9,2.7,-0.9,29,31,13,6,51,Matches
Leon Goretzka,de GER,MF,Bayern Munich,23,1995,22.5,1022,1181,86.5,15749,3064,531,587,90.5,374,415,90.1,63,85,74.1,4,2.5,2.0,+1.5,18,92,16,0,112,Matches
Felix Götze,de GER,MF,Augsburg,20,1998,1.4,24,34,70.6,311,77,12,13,92.3,8,12,66.7,0,3,0.0,0,0.0,0.0,0.0,0,1,1,0,4,Matches
Mario Götze,de GER,"FW,MF",Dortmund,26,1992,18.6,720,903,79.7,8621,2054,515,588,87.6,119,165,72.1,27,36,75.0,7,6.2,5.1,+0.8,40,49,26,6,80,Matches
Jeffrey Gouweleeuw,nl NED,DF,Augsburg,27,1991,23.2,933,1220,76.5,19130,8878,348,395,88.1,417,488,85.5,155,292,53.1,2,2.0,1.7,0.0,8,100,16,1,127,Matches
Michael Gregoritsch,at AUT,"MF,FW",Augsburg,24,1994,27.6,653,940,69.5,9384,2750,364,463,78.6,181,253,71.5,52,101,51.5,2,2.5,3.4,-0.5,28,64,24,2,102,Matches
Vincenzo Grifo,it ITA,"MF,FW",Hoffenheim,25,1993,3.7,123,185,66.5,1932,619,61,79,77.2,45,61,73.8,9,30,30.0,2,0.6,0.7,+1.4,10,11,9,0,22,Matches
Vincenzo Grifo,it ITA,"MF,FW",Freiburg,25,1993,15.9,578,775,74.6,10045,2620,272,321,84.7,198,251,78.9,77,147,52.4,3,3.2,2.8,-0.2,35,47,16,6,68,Matches
Florian Grillitsch,at AUT,MF,Hoffenheim,22,1995,26.6,1309,1579,82.9,25026,7369,500,573,87.3,598,673,88.9,184,248,74.2,3,2.9,2.5,+0.1,27,125,20,4,177,Matches
Marko Grujić,rs SRB,MF,Hertha BSC,22,1996,19.8,776,961,80.7,12529,3428,383,442,86.7,289,346,83.5,66,104,63.5,1,1.7,1.9,-0.7,16,82,8,1,112,Matches
Raphaël Guerreiro,pt POR,"FW,DF",Dortmund,24,1993,17.0,956,1165,82.1,13317,3920,591,655,90.2,258,323,79.9,57,94,60.6,6,3.6,3.6,+2.4,38,86,18,0,100,Matches
Josuha Guilavogui,fr FRA,MF,Wolfsburg,27,1990,17.4,654,805,81.2,12024,3292,246,299,82.3,320,366,87.4,67,100,67.0,1,0.3,0.8,+0.7,8,48,3,1,69,Matches
Péter Gulácsi,hu HUN,GK,RB Leipzig,28,1990,32.5,651,1022,63.7,22764,18646,73,73,100.0,246,248,99.2,329,696,47.3,0,0.2,0.2,-0.2,1,21,1,0,0,Matches
Manuel Gulde,de GER,DF,Freiburg,27,1991,19.0,717,876,81.8,15193,5413,199,221,90.0,398,438,90.9,112,192,58.3,0,0.1,0.3,-0.1,3,43,3,0,58,Matches
Christian Günter,de GER,"DF,MF",Freiburg,25,1993,32.0,1063,1474,72.1,18182,7145,499,569,87.7,430,563,76.4,100,220,45.5,5,3.6,4.3,+1.4,49,39,38,19,89,Matches
Ahmet Gürleyen,de GER,DF,Mainz 05,19,1999,0.1,2,2,100.0,42,25,0,0,,2,2,100.0,0,0,,0,0.0,0.0,0.0,0,0,0,0,0,Matches
Jonathan de Guzmán,nl NED,MF,Eint Frankfurt,30,1987,17.4,690,952,72.5,12047,4076,321,381,84.3,267,335,79.7,80,173,46.2,6,4.2,3.9,+1.8,37,75,20,7,91,Matches
Janik Haberer,de GER,"MF,FW",Freiburg,24,1994,26.0,842,1076,78.3,15304,3781,354,418,84.7,365,433,84.3,95,134,70.9,3,3.3,1.8,-0.3,46,72,17,4,105,Matches
Alexander Hack,de GER,DF,Mainz 05,24,1993,11.3,420,558,75.3,8422,3809,156,189,82.5,192,230,83.5,68,113,60.2,1,0.5,0.4,+0.5,2,46,4,0,46,Matches
Benjamin Hadžić,ba BIH,"FW,MF",Hannover 96,19,1999,0.3,3,5,60.0,18,2,1,3,33.3,0,0,,0,0,,1,0.0,0.0,+1.0,1,1,0,0,0,Matches
André Hahn,de GER,"FW,MF",Augsburg,27,1990,22.8,299,562,53.2,5230,1496,143,209,68.4,103,173,59.5,39,93,41.9,4,4.1,2.6,-0.1,30,18,22,16,29,Matches
Amadou Haidara,ml MLI,MF,RB Leipzig,20,1998,4.2,150,196,76.5,2217,724,78,91,85.7,43,56,76.8,12,20,60.0,0,0.6,0.5,-0.6,6,23,7,0,32,Matches
Achraf Hakimi,ma MAR,DF,Dortmund,19,1998,19.3,1341,1577,85.0,19609,6994,815,886,92.0,413,473,87.3,70,113,61.9,4,2.9,2.4,+1.1,11,95,27,7,107,Matches
Sébastien Haller,ci CIV,FW,Eint Frankfurt,24,1994,24.2,501,800,62.6,6498,1524,313,436,71.8,136,226,60.2,16,32,50.0,9,6.1,4.4,+2.9,38,54,13,1,57,Matches
Marcel Halstenberg,de GER,"DF,FW",RB Leipzig,26,1991,26.8,1152,1597,72.1,17034,8465,649,741,87.6,363,503,72.2,80,222,36.0,6,7.5,6.6,-1.5,55,78,30,7,124,Matches
Genki Haraguchi,jp JPN,"MF,DF",Hannover 96,27,1991,23.7,657,869,75.6,9839,3286,379,438,86.5,212,283,74.9,43,86,50.0,3,2.8,2.4,+0.2,27,53,21,8,82,Matches
Amine Harit,ma MAR,"MF,FW",Schalke 04,21,1997,12.0,347,436,79.6,5328,1398,197,232,84.9,109,131,83.2,28,36,77.8,1,1.2,1.3,-0.2,21,38,12,1,59,Matches
Martin Harnik,at AUT,"FW,MF",Werder Bremen,31,1987,9.2,164,269,61.0,2269,442,102,139,73.4,47,79,59.5,7,13,53.8,2,1.7,1.1,+0.3,13,12,4,1,17,Matches
Makoto Hasebe,jp JPN,"DF,MF",Eint Frankfurt,34,1984,28.0,1244,1467,84.8,26646,11157,333,368,90.5,700,782,89.5,200,283,70.7,0,1.0,1.1,-1.0,7,107,12,1,141,Matches
Kai Havertz,de GER,"MF,FW",Leverkusen,19,1999,32.2,1573,1827,86.1,23164,4753,863,959,90.0,488,544,89.7,109,133,82.0,3,3.0,5.0,0.0,35,123,45,2,207,Matches
Thorgan Hazard,be BEL,"FW,MF",M'Gladbach,25,1993,31.9,975,1392,70.0,16305,5263,500,602,83.1,322,440,73.2,109,228,47.8,11,8.9,9.7,+2.1,73,74,53,9,130,Matches
Dominique Heintz,de GER,DF,Freiburg,24,1993,33.9,1361,1671,81.4,28365,10721,424,457,92.8,718,792,90.7,208,378,55.0,1,1.0,0.9,0.0,8,121,7,4,137,Matches
Rouwen Hennings,de GER,FW,Düsseldorf,30,1987,20.4,296,452,65.5,4468,1053,164,230,71.3,86,124,69.4,25,39,64.1,4,3.1,2.9,+0.9,28,28,13,0,53,Matches
Benjamin Henrichs,de GER,DF,Leverkusen,21,1997,0.7,32,40,80.0,553,181,13,18,72.2,17,19,89.5,2,2,100.0,0,0.0,0.1,0.0,0,1,2,1,3,Matches
Patrick Herrmann,de GER,"FW,DF",M'Gladbach,27,1991,12.0,393,529,74.3,6693,1992,185,221,83.7,155,195,79.5,37,76,48.7,2,3.0,2.3,-1.0,25,21,20,12,43,Matches
Martin Hinteregger,at AUT,DF,Augsburg,25,1992,17.5,643,860,74.8,13126,5368,211,241,87.6,317,373,85.0,104,208,50.0,0,0.7,0.6,-0.7,7,38,7,1,65,Matches
Martin Hinteregger,at AUT,DF,Eint Frankfurt,25,1992,12.7,430,590,72.9,8472,4293,147,173,85.0,222,270,82.2,55,126,43.7,0,0.2,0.5,-0.2,3,48,3,0,47,Matches
Marwin Hitz,ch SUI,GK,Dortmund,30,1987,2.0,51,64,79.7,1377,876,5,5,100.0,34,34,100.0,12,25,48.0,0,0.0,0.0,0.0,0,0,0,0,0,Matches
André Hoffmann,de GER,"DF,MF",Düsseldorf,25,1993,11.7,431,494,87.2,8592,2824,140,153,91.5,215,229,93.9,64,91,70.3,0,0.1,0.3,-0.1,1,15,6,0,24,Matches
Nicolas Höfler,de GER,MF,Freiburg,28,1990,17.9,758,885,85.6,12449,3721,336,372,90.3,339,379,89.4,47,67,70.1,0,1.2,0.4,-1.2,12,67,1,0,92,Matches
Jonas Hofmann,de GER,MF,M'Gladbach,26,1992,21.2,910,1125,80.9,15993,4278,445,515,86.4,334,386,86.5,108,160,67.5,5,3.3,3.0,+1.7,34,103,31,2,145,Matches
Lucas Höler,de GER,FW,Freiburg,24,1994,11.2,170,258,65.9,2132,434,99,140,70.7,40,56,71.4,9,13,69.2,0,0.4,0.5,-0.4,7,12,11,2,25,Matches
Gerrit Holtmann,ph PHI,"FW,MF",Mainz 05,23,1995,1.6,16,30,53.3,215,61,8,9,88.9,7,10,70.0,0,1,0.0,0,0.4,0.1,-0.4,2,0,1,0,3,Matches
Justin Hoogma,nl NED,"DF,MF",Hoffenheim,20,1998,1.2,92,105,87.6,2018,703,20,20,100.0,51,57,89.5,17,22,77.3,0,0.0,0.0,0.0,0,11,1,0,10,Matches
Lukáš Hrádecký,fi FIN,GK,Leverkusen,28,1989,32.0,1066,1355,78.7,29888,21458,154,154,100.0,523,535,97.8,387,659,58.7,0,0.1,0.3,-0.1,1,17,1,0,0,Matches
Branimir Hrgota,se SWE,FW,Eint Frankfurt,25,1993,0.1,1,1,100.0,14,0,1,1,100.0,0,0,,0,0,,0,0.0,0.0,0.0,0,0,0,0,0,Matches
Benjamin Hübner,de GER,DF,Hoffenheim,29,1989,9.0,416,507,82.1,7117,3577,177,192,92.2,184,216,85.2,38,72,52.8,0,0.0,0.1,0.0,0,31,1,0,32,Matches
Mats Hummels,de GER,DF,Bayern Munich,29,1988,19.7,1558,1751,89.0,30421,10805,509,542,93.9,887,947,93.7,153,231,66.2,1,1.0,1.6,0.0,13,114,11,0,138,Matches
Vedad Ibišević,ba BIH,FW,Hertha BSC,33,1984,20.1,313,437,71.6,4476,823,182,245,74.3,87,111,78.4,19,32,59.4,2,1.4,1.7,+0.6,17,25,13,1,38,Matches
Ivo Iličević,hr CRO,MF,Nürnberg,31,1986,0.4,11,14,78.6,115,24,8,9,88.9,1,2,50.0,0,0,,0,0.0,0.0,0.0,0,2,0,0,1,Matches
Stefan Ilsanker,at AUT,"DF,MF",RB Leipzig,29,1989,10.4,363,464,78.2,6801,2558,138,166,83.1,169,201,84.1,43,78,55.1,0,0.3,0.2,-0.3,4,25,1,0,39,Matches
Emiliano Insúa,ar ARG,DF,Stuttgart,29,1989,23.5,991,1356,73.1,15498,5828,534,612,87.3,345,454,76.0,73,193,37.8,2,2.5,3.5,-0.5,28,83,34,23,105,Matches
Mikael Ishak,se SWE,FW,Nürnberg,25,1993,21.3,293,425,68.9,4042,721,170,224,75.9,91,124,73.4,13,22,59.1,3,2.1,2.1,+0.9,21,11,10,3,27,Matches
Gian-Luca Itter,de GER,DF,Wolfsburg,19,1999,1.0,41,49,83.7,670,190,23,24,95.8,12,13,92.3,5,8,62.5,0,0.0,0.0,0.0,0,3,0,0,2,Matches
Koo Ja-cheol,kr KOR,MF,Augsburg,29,1989,18.2,505,637,79.3,6816,1887,278,313,88.8,120,149,80.5,35,53,66.0,1,0.8,1.0,+0.2,23,37,11,0,65,Matches
Lukas Jäger,at AUT,"FW,MF",Nürnberg,24,1994,0.3,3,8,37.5,51,6,2,3,66.7,1,4,25.0,0,0,,0,0.0,0.0,0.0,0,0,0,0,0,Matches
Christoph Janker,de GER,"MF,FW",Augsburg,33,1985,0.8,24,29,82.8,283,64,19,20,95.0,4,6,66.7,0,2,0.0,0,0.0,0.0,0.0,0,1,0,0,0,Matches
Tony Jantschke,de GER,DF,M'Gladbach,28,1990,10.4,726,809,89.7,15036,5025,182,200,91.0,447,472,94.7,92,123,74.8,1,0.4,0.1,+0.6,1,20,1,0,36,Matches
Rune Jarstein,no NOR,GK,Hertha BSC,33,1984,30.5,702,1160,60.5,26311,23222,78,78,100.0,204,206,99.0,414,861,48.1,0,0.0,0.1,0.0,0,28,0,0,0,Matches
Dennis Jastrzembski,pl POL,"FW,DF",Hertha BSC,18,2000,0.7,13,19,68.4,165,21,6,8,75.0,5,7,71.4,0,0,,0,0.1,0.0,-0.1,1,1,0,0,1,Matches
Tin Jedvaj,hr CRO,DF,Leverkusen,22,1995,12.5,564,717,78.7,9400,3537,284,330,86.1,212,251,84.5,49,83,59.0,0,0.2,0.8,-0.2,3,42,6,0,54,Matches
Fredrik Jensen,fi FIN,"FW,MF",Augsburg,20,1997,2.3,31,57,54.4,407,100,20,26,76.9,7,16,43.8,2,6,33.3,0,0.8,0.9,-0.8,2,1,1,0,3,Matches
Joelinton,br BRA,"FW,MF",Hoffenheim,21,1996,23.7,558,711,78.5,7047,1802,359,422,85.1,140,174,80.5,14,25,56.0,5,5.2,4.6,-0.2,43,42,32,4,72,Matches
Aron Jóhannsson,us USA,MF,Werder Bremen,27,1990,0.0,0,1,0.0,0,0,0,1,0.0,0,0,,0,0,,0,0.0,0.0,0.0,0,0,0,0,0,Matches
Fabian Johnson,us USA,"DF,FW",M'Gladbach,30,1987,11.2,448,561,79.9,6835,1758,232,262,88.5,185,212,87.3,15,39,38.5,0,0.5,0.5,-0.5,4,28,9,0,43,Matches
Jonathas,br BRA,FW,Hannover 96,29,1989,6.7,97,152,63.8,1338,265,56,78,71.8,30,49,61.2,5,6,83.3,1,0.1,0.2,+0.9,1,5,2,0,8,Matches
Luka Jović,rs SRB,"FW,MF",Eint Frankfurt,20,1997,24.9,426,623,68.4,6798,1687,212,287,73.9,140,188,74.5,41,67,61.2,5,3.9,2.4,+1.1,26,52,17,4,64,Matches
Sebastian Jung,de GER,DF,Wolfsburg,28,1990,0.6,47,57,82.5,701,308,22,23,95.7,18,21,85.7,3,7,42.9,0,0.0,0.2,0.0,1,4,3,3,2,Matches
Ozan Kabak,tr TUR,DF,Stuttgart,18,2000,15.0,432,563,76.7,8559,2881,141,165,85.5,230,267,86.1,55,105,52.4,0,0.1,0.3,-0.1,2,39,3,0,44,Matches
Pavel Kadeřábek,cz CZE,DF,Hoffenheim,26,1992,27.9,1057,1417,74.6,16837,5973,568,650,87.4,378,512,73.8,84,172,48.8,4,6.1,5.8,-2.1,43,57,45,28,91,Matches
Shinji Kagawa,jp JPN,MF,Dortmund,29,1989,1.1,65,76,85.5,929,124,39,43,90.7,21,22,95.5,4,8,50.0,0,0.0,0.1,0.0,0,5,1,0,4,Matches
Florian Kainz,at AUT,FW,Werder Bremen,25,1992,4.1,131,204,64.2,2246,791,57,74,77.0,61,79,77.2,10,39,25.6,1,0.7,0.7,+0.3,6,13,11,2,27,Matches
Salomon Kalou,ci CIV,"FW,MF",Hertha BSC,32,1985,25.7,509,715,71.2,6959,2033,315,402,78.4,132,182,72.5,29,44,65.9,2,5.1,3.9,-3.1,30,52,27,3,87,Matches
Marcin Kamiński,pl POL,DF,Düsseldorf,26,1992,27.0,980,1169,83.8,20148,7288,310,340,91.2,504,555,90.8,158,247,64.0,1,0.4,0.6,+0.6,7,55,3,1,78,Matches
Patrick Kammerbauer,de GER,FW,Freiburg,21,1997,0.0,3,4,75.0,34,22,2,2,100.0,1,1,100.0,0,0,,0,0.0,0.0,0.0,0,0,2,1,1,Matches
Kevin Kampl,si SVN,MF,RB Leipzig,27,1990,23.5,1238,1515,81.7,19115,6181,629,698,90.1,401,472,85.0,116,198,58.6,5,4.4,3.9,+0.6,47,128,34,5,195,Matches
Stefanos Kapino,gr GRE,GK,Werder Bremen,24,1994,0.5,12,16,75.0,284,165,0,0,,11,11,100.0,1,5,20.0,0,0.0,0.0,0.0,0,0,0,0,0,Matches
Kenan Karaman,tr TUR,"FW,MF",Düsseldorf,24,1994,10.2,197,283,69.6,2979,621,113,148,76.4,62,81,76.5,15,21,71.4,1,2.1,1.5,-1.1,14,11,5,2,21,Matches
Marc-Oliver Kempf,de GER,DF,Stuttgart,23,1995,22.5,836,1036,80.7,16468,5592,270,317,85.2,444,509,87.2,110,178,61.8,0,0.3,0.6,-0.3,7,64,6,3,99,Matches
Sebastian Kerk,de GER,"MF,FW",Nürnberg,24,1994,13.1,308,484,63.6,5066,2063,152,187,81.3,96,146,65.8,41,109,37.6,1,2.9,2.8,-1.9,24,22,9,5,20,Matches
Rani Khedira,de GER,"DF,MF",Augsburg,24,1994,29.2,1029,1266,81.3,19530,6803,338,405,83.5,550,621,88.6,105,172,61.0,1,0.6,0.8,+0.4,8,43,10,2,72,Matches
Isaac Kiese Thelin,se SWE,"FW,MF",Leverkusen,26,1992,2.0,22,39,56.4,199,31,15,21,71.4,3,7,42.9,0,2,0.0,0,0.1,0.0,-0.1,1,3,0,0,1,Matches
Joshua Kimmich,de GER,"DF,MF",Bayern Munich,23,1995,34.0,2583,3026,85.4,44764,12442,1164,1236,94.2,1040,1188,87.5,289,437,66.1,13,12.2,14.3,+0.8,82,168,77,16,252,Matches
Davy Klaassen,nl NED,MF,Werder Bremen,25,1993,31.3,916,1251,73.2,14223,4711,506,625,81.0,310,404,76.7,62,121,51.2,4,3.6,3.7,+0.4,39,97,31,7,138,Matches
Felix Klaus,de GER,"FW,MF",Wolfsburg,25,1992,4.9,108,145,74.5,1407,322,73,85,85.9,25,37,67.6,4,10,40.0,1,2.2,1.1,-1.2,6,5,4,0,9,Matches
Tim Kleindienst,de GER,FW,Freiburg,22,1995,2.2,42,59,71.2,578,91,24,30,80.0,14,22,63.6,1,2,50.0,0,0.1,0.1,-0.1,1,3,1,0,5,Matches
Lukas Klostermann,de GER,DF,RB Leipzig,22,1996,22.3,754,1025,73.6,11290,4818,408,478,85.4,252,354,71.2,55,101,54.5,1,2.0,2.7,-1.0,19,48,17,8,78,Matches
Lukas Klünter,de GER,DF,Hertha BSC,22,1996,6.6,174,252,69.0,2901,972,82,98,83.7,83,109,76.1,7,28,25.0,0,0.5,0.5,-0.5,2,8,5,3,15,Matches
Robin Knoche,de GER,DF,Wolfsburg,26,1992,31.0,1756,2051,85.6,39970,12131,345,402,85.8,1078,1164,92.6,321,443,72.5,0,0.1,0.5,-0.1,1,97,3,1,129,Matches
Törles Knöll,de GER,"FW,MF",Nürnberg,20,1997,4.1,56,89,62.9,822,193,28,39,71.8,20,30,66.7,3,7,42.9,0,0.1,0.1,-0.1,2,6,1,1,4,Matches
Gregor Kobel,ch SUI,GK,Hoffenheim,20,1997,1.0,27,43,62.8,1126,956,3,3,100.0,7,7,100.0,17,32,53.1,0,0.0,0.0,0.0,0,2,0,0,0,Matches
Gregor Kobel,ch SUI,GK,Augsburg,20,1997,15.4,370,528,70.1,10325,7348,48,48,100.0,211,213,99.1,110,263,41.8,0,0.0,0.0,0.0,0,3,0,0,0,Matches
Robin Koch,de GER,"MF,DF",Freiburg,22,1996,21.1,731,892,82.0,14780,4947,217,260,83.5,404,455,88.8,97,138,70.3,0,0.4,0.4,-0.4,5,38,4,0,55,Matches
Dominik Kohr,de GER,MF,Leverkusen,24,1994,10.8,404,508,79.5,6584,1984,178,200,89.0,164,193,85.0,31,54,57.4,2,1.7,0.5,+0.3,9,32,8,1,53,Matches
Ibrahima Konaté,fr FRA,DF,RB Leipzig,19,1999,27.0,789,1042,75.7,14644,6121,299,364,82.1,378,466,81.1,92,159,57.9,1,0.4,0.4,+0.6,6,76,5,1,108,Matches
Yevhen Konoplyanka,ua UKR,"FW,MF",Schalke 04,28,1989,7.3,149,212,70.3,2217,421,89,102,87.3,45,65,69.2,11,27,40.7,1,0.9,0.9,+0.1,10,7,10,4,16,Matches
Pascal Köpke,de GER,"FW,MF",Hertha BSC,22,1995,0.8,23,28,82.1,299,129,14,16,87.5,3,5,60.0,3,3,100.0,0,0.0,0.1,0.0,0,2,1,1,3,Matches
Julian Korb,de GER,DF,Hannover 96,26,1992,11.2,382,541,70.6,6033,3048,196,223,87.9,151,207,72.9,24,64,37.5,0,0.4,1.3,-0.4,9,27,10,3,55,Matches
Filip Kostić,rs SRB,"DF,FW",Eint Frankfurt,25,1992,32.8,945,1589,59.5,17162,8380,408,544,75.0,418,655,63.8,106,272,39.0,10,9.8,8.7,+0.2,46,80,54,29,140,Matches
Dawid Kownacki,pl POL,"MF,FW",Düsseldorf,21,1997,6.4,102,153,66.7,1688,368,63,82,76.8,24,36,66.7,11,19,57.9,0,0.4,0.7,-0.4,5,8,5,3,10,Matches
Thomas Kraft,de GER,GK,Hertha BSC,30,1988,3.5,80,123,65.0,2999,2644,11,11,100.0,23,24,95.8,46,88,52.3,0,0.0,0.0,0.0,0,0,0,0,0,Matches
Andrej Kramarić,hr CRO,"MF,FW",Hoffenheim,27,1991,26.6,820,1077,76.1,12282,3175,467,537,87.0,237,298,79.5,64,133,48.1,4,5.7,7.6,-1.7,49,77,43,7,128,Matches
Christoph Kramer,de GER,MF,M'Gladbach,27,1991,12.6,652,742,87.9,10627,2807,313,340,92.1,281,308,91.2,40,59,67.8,1,0.8,1.0,+0.2,9,55,7,0,72,Matches
Max Kruse,de GER,"FW,MF",Werder Bremen,30,1988,31.5,1337,1797,74.4,24392,5685,632,767,82.4,493,635,77.6,181,289,62.6,9,6.2,5.6,+2.8,81,128,64,20,214,Matches
Lukas Kübler,de GER,"DF,MF",Freiburg,25,1992,13.2,382,561,68.1,7278,2479,159,192,82.8,165,233,70.8,51,103,49.5,2,1.1,1.0,+0.9,7,27,9,6,38,Matches
Yuya Kubo,jp JPN,"FW,MF",Nürnberg,24,1993,15.1,292,414,70.5,4638,948,138,172,80.2,95,128,74.2,34,52,65.4,0,0.8,0.7,-0.8,11,22,10,2,29,Matches
Pierre Kunde,cm CMR,MF,Mainz 05,23,1995,21.2,941,1182,79.6,19460,5962,369,415,88.9,364,426,85.4,190,283,67.1,0,0.7,1.4,-0.7,15,122,12,3,124,Matches
Ahmed Kutucu,tr TUR,"FW,MF",Schalke 04,18,2000,4.7,65,101,64.4,805,171,42,55,76.4,15,24,62.5,2,8,25.0,0,0.1,0.1,-0.1,2,5,0,0,4,Matches
Konrad Laimer,at AUT,"MF,DF",RB Leipzig,21,1997,20.8,579,821,70.5,7922,3325,328,413,79.4,167,235,71.1,33,65,50.8,1,2.1,2.4,-1.1,20,59,26,6,101,Matches
Michael Lang,ch SUI,DF,M'Gladbach,27,1991,13.9,647,803,80.6,10575,3170,319,357,89.4,257,325,79.1,53,77,68.8,0,0.4,0.5,-0.4,4,39,7,4,57,Matches
Sebastian Langkamp,de GER,DF,Werder Bremen,30,1988,15.7,858,970,88.5,16959,5377,268,292,91.8,489,534,91.6,93,126,73.8,0,0.7,0.8,-0.7,5,53,1,0,79,Matches
Danny Latza,de GER,MF,Mainz 05,28,1989,20.7,825,1039,79.4,14509,3913,374,444,84.2,340,405,84.0,87,132,65.9,3,2.0,2.3,+1.0,23,97,16,0,126,Matches
Valentino Lazaro,at AUT,"DF,FW",Hertha BSC,22,1996,30.5,1179,1634,72.2,19266,8435,600,703,85.3,441,588,75.0,105,240,43.8,6,6.4,5.8,-0.4,55,86,31,12,127,Matches
Mathew Leckie,au AUS,"FW,MF",Hertha BSC,27,1991,10.5,239,356,67.1,3229,787,163,204,79.9,59,96,61.5,9,23,39.1,0,1.0,1.5,-1.0,12,25,14,5,33,Matches
Tim Leibold,de GER,DF,Nürnberg,24,1993,30.7,1225,1594,76.9,20828,7777,623,696,89.5,427,532,80.3,129,259,49.8,2,2.7,3.4,-0.7,37,60,23,7,111,Matches
Robert Lewandowski,pl POL,FW,Bayern Munich,29,1988,32.9,565,742,76.1,7685,1666,311,365,85.2,161,204,78.9,33,40,82.5,7,8.9,6.9,-1.9,47,42,31,1,92,Matches
Philipp Lienhart,at AUT,DF,Freiburg,22,1996,6.8,244,301,81.1,5694,1820,47,55,85.5,154,168,91.7,42,71,59.2,0,0.1,0.2,-0.1,2,18,2,1,25,Matches
Davor Lovren,hr CRO,MF,Düsseldorf,19,1998,0.5,12,17,70.6,143,28,9,10,90.0,2,4,50.0,0,0,,0,0.0,0.0,0.0,0,2,0,0,2,Matches
Eduard Löwen,de GER,"MF,FW",Nürnberg,21,1997,18.0,540,729,74.1,9520,3427,254,309,82.2,204,251,81.3,66,112,58.9,2,1.9,1.9,+0.1,15,66,14,3,98,Matches
Derrick Luckassen,nl NED,DF,Hertha BSC,23,1995,2.8,168,187,89.8,3183,1142,62,66,93.9,86,91,94.5,18,27,66.7,0,0.0,0.0,0.0,0,6,0,0,14,Matches
Dodi Lukebakio,be BEL,"FW,MF",Düsseldorf,20,1997,21.9,425,591,71.9,6877,1172,228,266,85.7,138,194,71.1,42,77,54.5,3,2.2,2.2,+0.8,20,23,18,7,41,Matches
Fabian Lustenberger,ch SUI,"DF,MF",Hertha BSC,30,1988,24.1,1148,1332,86.2,22914,8135,386,418,92.3,602,668,90.1,148,219,67.6,1,0.6,0.3,+0.4,4,45,1,0,67,Matches
Andreas Luthe,de GER,GK,Augsburg,31,1987,14.6,330,483,68.3,10038,6785,19,19,100.0,184,186,98.9,127,276,46.0,0,0.0,0.0,0.0,0,2,0,0,0,Matches
Pablo Maffeo,es ESP,"DF,MF",Stuttgart,21,1997,6.6,214,291,73.5,3520,1142,107,122,87.7,63,87,72.4,29,54,53.7,0,0.6,0.6,-0.6,4,10,6,6,10,Matches
Arne Maier,de GER,MF,Hertha BSC,19,1999,22.9,1030,1201,85.8,16827,4444,491,551,89.1,422,471,89.6,80,97,82.5,0,1.8,1.6,-1.8,19,71,16,2,108,Matches
Linton Maina,de GER,"FW,MF",Hannover 96,19,1999,15.7,374,505,74.1,5082,1733,225,266,84.6,112,144,77.8,13,30,43.3,3,2.7,2.8,+0.3,15,19,23,4,52,Matches
Yunus Mallı,tr TUR,"MF,FW",Wolfsburg,26,1992,7.8,259,342,75.7,3791,1125,130,158,82.3,89,106,84.0,14,27,51.9,1,1.8,1.1,-0.8,17,23,14,2,36,Matches
Georg Margreitter,at AUT,DF,Nürnberg,29,1988,22.9,992,1216,81.6,20854,7967,299,327,91.4,533,606,88.0,151,260,58.1,0,0.3,0.7,-0.3,3,67,8,1,113,Matches
Aarón Martín,es ESP,DF,Mainz 05,21,1997,32.0,1284,1739,73.8,20885,7229,714,787,90.7,439,590,74.4,110,278,39.6,3,4.9,5.6,-1.9,63,74,38,23,106,Matches
Javi Martínez,es ESP,MF,Bayern Munich,29,1988,14.5,794,910,87.3,12476,3312,413,439,94.1,300,338,88.8,50,73,68.5,0,0.3,1.2,-0.3,7,60,3,0,69,Matches
Omar Mascarell,es ESP,MF,Schalke 04,25,1993,11.0,397,477,83.2,7548,1779,167,187,89.3,165,187,88.2,58,87,66.7,2,0.3,0.2,+1.7,5,40,3,0,43,Matches
Jean-Philippe Mateta,fr FRA,FW,Mainz 05,21,1997,27.6,322,479,67.2,4327,762,213,268,79.5,79,134,59.0,15,29,51.7,2,3.2,2.5,-1.2,30,17,12,2,37,Matches
Christian Mathenia,de GER,GK,Nürnberg,26,1992,21.5,565,888,63.6,18770,14715,60,61,98.4,254,260,97.7,250,560,44.6,0,0.1,0.1,-0.1,1,22,1,0,0,Matches
Rabbi Matondo,wls WAL,"FW,MF",Schalke 04,17,2000,2.1,27,35,77.1,346,106,17,19,89.5,9,10,90.0,0,2,0.0,0,0.5,0.4,-0.5,4,1,4,1,3,Matches
Philipp Max,de GER,"DF,MF",Augsburg,24,1993,28.5,844,1255,67.3,14487,6795,400,453,88.3,307,418,73.4,97,283,34.3,2,4.9,5.8,-2.9,60,66,44,28,89,Matches
Alexandru Maxim,ro ROU,"MF,FW",Mainz 05,28,1990,6.4,291,375,77.6,4951,1270,153,173,88.4,98,125,78.4,35,57,61.4,0,2.8,2.6,-2.8,16,25,13,3,48,Matches
Weston McKennie,us USA,"MF,FW",Schalke 04,19,1998,19.4,488,716,68.2,8410,2564,248,318,78.0,184,245,75.1,49,102,48.0,4,2.3,1.8,+1.7,19,33,10,2,59,Matches
Admir Mehmedi,ch SUI,"FW,MF",Wolfsburg,27,1991,18.8,562,784,71.7,8285,2441,315,381,82.7,153,207,73.9,47,101,46.5,5,3.6,4.3,+1.4,36,28,27,7,74,Matches
Hamza Mendyl,ma MAR,DF,Schalke 04,20,1997,6.0,181,259,69.9,2924,791,97,117,82.9,67,86,77.9,14,40,35.0,0,0.0,0.1,0.0,0,13,1,0,15,Matches
Virgil Misidjan,nl NED,"MF,FW",Nürnberg,25,1993,17.1,269,395,68.1,3858,943,170,203,83.7,64,106,60.4,21,39,53.8,1,0.9,2.6,+0.1,8,15,15,5,39,Matches
Maximilian Mittelstädt,de GER,"DF,MF",Hertha BSC,21,1997,20.0,649,898,72.3,11409,3489,330,379,87.1,224,320,70.0,80,144,55.6,1,1.8,1.7,-0.8,19,46,21,12,68,Matches
Kevin Möhwald,de GER,MF,Werder Bremen,25,1993,9.7,406,508,79.9,6029,1799,239,272,87.9,128,148,86.5,26,42,61.9,1,0.9,1.0,+0.1,9,36,9,1,56,Matches
Niklas Moisander,fi FIN,DF,Werder Bremen,32,1985,29.3,1669,1943,85.9,35883,14585,418,454,92.1,982,1068,91.9,261,388,67.3,0,1.0,1.4,-1.0,12,164,11,4,197,Matches
Alfredo Morales,us USA,MF,Düsseldorf,28,1990,17.0,501,679,73.8,9018,2730,219,285,76.8,203,263,77.2,61,91,67.0,1,1.1,1.0,-0.1,8,39,7,1,60,Matches
Jan Morávek,cz CZE,MF,Augsburg,28,1989,8.4,313,399,78.4,4872,1006,155,190,81.6,101,127,79.5,30,39,76.9,2,0.6,0.3,+1.4,8,21,3,0,28,Matches
Lukas Mühl,de GER,DF,Nürnberg,21,1997,31.0,1227,1465,83.8,25664,7797,340,377,90.2,702,764,91.9,171,292,58.6,0,0.8,0.8,-0.8,4,55,1,0,70,Matches
Nordi Mukiele,fr FRA,DF,RB Leipzig,20,1997,13.6,519,723,71.8,8089,3866,266,315,84.4,175,243,72.0,46,93,49.5,1,1.6,1.7,-0.6,11,40,18,8,75,Matches
Florian Müller,de GER,GK,Mainz 05,20,1997,24.0,545,838,65.0,18347,13805,41,41,100.0,249,251,99.2,255,542,47.0,0,0.0,0.0,0.0,2,10,0,0,0,Matches
Nicolai Müller,de GER,"MF,FW",Hannover 96,30,1987,10.0,184,269,68.4,2343,836,110,134,82.1,46,67,68.7,10,23,43.5,0,0.8,0.5,-0.8,13,13,4,0,21,Matches
Nicolai Müller,de GER,"FW,MF",Eint Frankfurt,30,1987,2.4,33,49,67.3,500,226,21,24,87.5,6,12,50.0,4,7,57.1,0,0.1,0.3,-0.1,1,5,1,1,5,Matches
Thomas Müller,de GER,"MF,FW",Bayern Munich,28,1989,26.4,923,1285,71.8,13679,2830,509,628,81.1,310,423,73.3,51,90,56.7,9,10.6,10.3,-1.6,61,67,44,6,141,Matches
Florent Muslija,xk KVX,"MF,FW",Hannover 96,20,1998,7.5,234,321,72.9,3488,902,122,147,83.0,77,104,74.0,19,41,46.3,0,0.7,0.8,-0.7,15,17,9,2,30,Matches
Yvon Mvogo,ch SUI,GK,RB Leipzig,24,1994,1.5,25,31,80.6,775,614,0,0,,16,16,100.0,9,15,60.0,0,0.0,0.0,0.0,0,2,0,0,0,Matches
Phillipp Mwene,at AUT,"DF,MF",Mainz 05,24,1994,3.0,89,134,66.4,1566,603,45,54,83.3,32,52,61.5,10,23,43.5,0,0.3,0.3,-0.3,3,8,6,3,13,Matches
Obite N'Dicka,ci CIV,DF,Eint Frankfurt,18,1999,25.6,883,1120,78.8,16294,5800,347,394,88.1,417,503,82.9,102,181,56.4,1,0.1,0.3,+0.9,4,84,2,1,105,Matches
Naldo,br BRA,DF,Schalke 04,35,1982,7.0,261,327,79.8,6143,2226,50,61,82.0,157,179,87.7,53,78,67.9,0,0.1,0.2,-0.1,2,23,3,0,28,Matches
Matija Nastasić,rs SRB,DF,Schalke 04,25,1993,27.2,1020,1242,82.1,21820,7748,271,304,89.1,578,643,89.9,166,279,59.5,0,0.2,0.4,-0.2,5,72,7,0,80,Matches
Reiss Nelson,eng ENG,"MF,FW",Hoffenheim,18,1999,7.1,201,245,82.0,2908,726,114,124,91.9,63,76,82.9,13,23,56.5,0,0.9,1.2,-0.9,16,16,10,1,28,Matches
Manuel Neuer,de GER,GK,Bayern Munich,32,1986,25.6,772,922,83.7,19434,12482,142,142,100.0,412,416,99.0,213,357,59.7,0,0.0,0.0,0.0,1,2,0,0,2,Matches
Florian Neuhaus,de GER,MF,M'Gladbach,21,1997,22.9,734,905,81.1,12546,2781,323,368,87.8,304,346,87.9,78,109,71.6,8,3.1,3.0,+4.9,29,66,30,5,120,Matches
Moussa Niakhate,sn SEN,DF,Mainz 05,22,1996,31.0,1262,1537,82.1,26721,9477,383,437,87.6,631,694,90.9,237,363,65.3,1,0.6,0.6,+0.4,10,67,2,0,73,Matches
Florian Niederlechner,de GER,"FW,MF",Freiburg,27,1990,10.8,120,179,67.0,1713,368,59,81,72.8,41,59,69.5,5,8,62.5,1,0.7,0.6,+0.3,10,9,6,0,18,Matches
Håvard Nordtveit,no NOR,"MF,DF",Hoffenheim,28,1990,5.2,230,277,83.0,4711,1470,74,85,87.1,123,136,90.4,29,47,61.7,0,0.0,0.2,0.0,2,32,4,0,31,Matches
Alexander Nübel,de GER,GK,Schalke 04,21,1996,17.6,349,522,66.9,11543,8421,38,38,100.0,147,151,97.4,162,328,49.4,0,0.0,0.0,0.0,0,5,0,0,0,Matches
Kasim Nuhu,gh GHA,DF,Hoffenheim,23,1995,10.0,428,534,80.1,8181,3741,174,198,87.9,200,239,83.7,50,83,60.2,1,0.1,0.2,+0.9,1,53,2,0,63,Matches
Hans Nunoo Sarpei,gh GHA,"FW,MF",Stuttgart,19,1998,0.5,7,14,50.0,98,11,3,5,60.0,1,3,33.3,1,3,33.3,0,0.0,0.0,0.0,0,1,0,0,0,Matches
Bastian Oczipka,de GER,"DF,FW",Schalke 04,29,1989,20.8,808,1077,75.0,13728,5275,400,453,88.3,309,400,77.3,78,148,52.7,5,4.2,3.9,+0.8,45,48,18,8,67,Matches
Chima Okoroji,ng NGA,"DF,MF",Freiburg,21,1997,1.2,18,31,58.1,305,79,9,15,60.0,8,10,80.0,1,6,16.7,0,0.0,0.0,0.0,0,0,0,0,0,Matches
Karim Onisiwo,at AUT,"FW,MF",Mainz 05,26,1992,12.9,151,254,59.4,2061,428,96,137,70.1,44,70,62.9,5,16,31.3,3,3.3,2.5,-0.3,21,9,10,5,17,Matches
Willi Orban,hu HUN,DF,RB Leipzig,25,1992,22.8,781,1002,77.9,14598,6278,292,345,84.6,389,484,80.4,81,128,63.3,0,0.0,0.3,0.0,0,75,1,0,79,Matches
Yuya Osako,jp JPN,"FW,MF",Werder Bremen,28,1990,15.0,360,506,71.1,5340,1560,198,239,82.8,131,180,72.8,17,44,38.6,2,2.2,2.3,-0.2,16,45,16,3,65,Matches
Matthias Ostrzolek,de GER,DF,Hannover 96,28,1990,16.3,563,758,74.3,10079,4628,255,292,87.3,232,293,79.2,65,132,49.2,0,0.3,0.4,-0.3,8,38,11,4,51,Matches
David Otto,de GER,"MF,FW",Hoffenheim,19,1999,0.3,6,11,54.5,83,40,2,4,50.0,3,5,60.0,0,0,,0,0.7,0.2,-0.7,2,2,1,0,2,Matches
Reece Oxford,eng ENG,DF,Augsburg,19,1998,5.6,243,303,80.2,5299,2268,72,82,87.8,127,147,86.4,42,68,61.8,1,0.1,0.0,+0.9,2,14,0,0,14,Matches
Berkay Özcan,tr TUR,"MF,DF",Stuttgart,20,1998,0.6,28,33,84.8,418,67,13,14,92.9,9,9,100.0,2,5,40.0,0,0.0,0.0,0.0,0,0,0,0,0,Matches
Ramazan Özcan,at AUT,GK,Leverkusen,34,1984,2.0,42,69,60.9,1378,1144,2,2,100.0,20,20,100.0,20,46,43.5,0,0.0,0.0,0.0,0,1,0,0,0,Matches
Levin Öztunalı,de GER,"MF,FW",Mainz 05,22,1996,10.2,189,283,66.8,2830,684,110,146,75.3,68,91,74.7,8,18,44.4,1,0.9,1.0,+0.1,6,17,12,4,28,Matches
Gonçalo Paciência,pt POR,FW,Eint Frankfurt,23,1994,4.3,59,103,57.3,859,177,40,52,76.9,12,25,48.0,4,10,40.0,1,1.0,0.2,0.0,4,6,1,0,6,Matches
Federico Palacios Martínez,de GER,"MF,FW",Nürnberg,23,1995,10.5,244,298,81.9,3279,911,142,162,87.7,69,82,84.1,10,12,83.3,0,0.4,0.9,-0.4,6,22,6,0,27,Matches
Paulinho,br BRA,"FW,MF",Leverkusen,18,2000,2.0,77,94,81.9,949,228,55,65,84.6,16,19,84.2,2,3,66.7,0,0.1,0.2,-0.1,2,0,3,0,10,Matches
Benjamin Pavard,fr FRA,DF,Stuttgart,22,1996,29.0,1275,1517,84.0,25232,8776,462,515,89.7,621,702,88.5,175,261,67.0,0,0.6,1.2,-0.6,11,74,12,5,92,Matches
Jiří Pavlenka,cz CZE,GK,Werder Bremen,26,1992,33.1,908,1232,73.7,27697,19442,94,96,97.9,422,428,98.6,390,702,55.6,0,0.0,0.0,0.0,0,10,0,0,1,Matches
Peter Pekarík,sk SVK,DF,Hertha BSC,31,1986,2.4,106,139,76.3,1679,900,62,67,92.5,32,40,80.0,10,20,50.0,0,0.0,0.2,0.0,1,12,2,2,15,Matches
Matheus Pereira,pt POR,"MF,FW",Nürnberg,22,1996,13.7,344,482,71.4,5558,1656,185,228,81.1,98,132,74.2,41,70,58.6,2,1.4,1.7,+0.6,14,33,18,2,63,Matches
Pavao Pervan,at AUT,GK,Wolfsburg,30,1987,8.5,267,348,76.7,8497,6060,20,20,100.0,131,132,99.2,116,193,60.1,0,0.1,0.0,-0.1,1,2,0,0,0,Matches
Nils Petersen,de GER,FW,Freiburg,29,1988,21.4,349,523,66.7,4426,846,196,270,72.6,77,119,64.7,21,42,50.0,3,1.8,1.9,+1.2,21,16,8,0,30,Matches
Ondřej Petrák,cz CZE,MF,Nürnberg,26,1992,18.0,608,715,85.0,9889,2903,277,319,86.8,263,289,91.0,40,64,62.5,0,0.3,0.3,-0.3,6,50,1,1,44,Matches
Maximilian Philipp,de GER,"FW,MF",Dortmund,24,1994,8.4,183,236,77.5,2301,254,117,139,84.2,42,56,75.0,7,9,77.8,1,0.2,0.3,+0.8,5,9,3,0,10,Matches
Łukasz Piszczek,pl POL,DF,Dortmund,33,1985,19.5,1084,1339,81.0,16670,6410,561,642,87.4,444,532,83.5,54,104,51.9,6,2.9,3.3,+3.1,21,72,20,11,113,Matches
Claudio Pizarro,pe PER,FW,Werder Bremen,39,1978,7.7,186,265,70.2,2673,705,108,145,74.5,55,75,73.3,12,16,75.0,2,0.7,0.8,+1.3,10,15,5,1,26,Matches
Marvin Plattenhardt,de GER,DF,Hertha BSC,26,1992,21.4,825,1140,72.4,14470,6051,412,444,92.8,302,418,72.2,94,217,43.3,2,3.1,3.5,-1.1,33,57,21,14,98,Matches
Alassane Pléa,fr FRA,FW,M'Gladbach,25,1993,27.8,450,641,70.2,6351,1594,261,335,77.9,116,158,73.4,31,44,70.5,4,2.8,2.1,+1.2,33,41,19,2,63,Matches
Luca Plogmann,de GER,GK,Werder Bremen,18,2000,0.4,6,6,100.0,180,157,2,2,100.0,2,2,100.0,2,2,100.0,0,0.0,0.0,0.0,0,0,0,0,0,Matches
Stefan Posch,at AUT,DF,Hoffenheim,21,1997,15.6,878,1001,87.7,15575,5293,361,392,92.1,433,466,92.9,63,107,58.9,0,0.4,0.5,-0.4,1,61,7,2,94,Matches
Yussuf Poulsen,dk DEN,FW,RB Leipzig,24,1994,27.2,477,795,60.0,5657,1347,305,452,67.5,86,171,50.3,21,33,63.6,3,4.2,2.7,-1.2,33,34,22,4,64,Matches
Edgar Prib,de GER,MF,Hannover 96,28,1989,2.2,71,107,66.4,1114,439,37,41,90.2,25,35,71.4,5,19,26.3,1,0.5,0.4,+0.5,6,8,3,1,10,Matches
Christian Pulisic,us USA,FW,Dortmund,19,1998,10.4,397,531,74.8,5479,1006,261,295,88.5,110,146,75.3,14,39,35.9,4,2.6,2.6,+1.4,18,17,7,1,20,Matches
Robin Quaison,se SWE,"FW,MF",Mainz 05,24,1993,24.4,329,463,71.1,4824,1012,190,235,80.9,105,134,78.4,21,34,61.8,3,2.1,1.4,+0.9,22,29,13,3,50,Matches
Raffael,br BRA,FW,M'Gladbach,33,1985,6.0,178,220,80.9,2296,461,102,118,86.4,47,54,87.0,9,17,52.9,1,1.3,0.9,-0.3,16,19,6,1,24,Matches
Rafinha,br BRA,DF,Bayern Munich,32,1985,10.0,812,877,92.6,12826,3532,448,460,97.4,292,318,91.8,57,67,85.1,1,0.6,0.8,+0.4,5,60,9,3,85,Matches
Baba Rahman,gh GHA,DF,Schalke 04,24,1994,1.8,71,93,76.3,1209,415,41,44,93.2,23,35,65.7,7,9,77.8,0,0.1,0.2,-0.1,3,9,2,2,11,Matches
Benito Raman,be BEL,"MF,FW",Düsseldorf,23,1994,18.7,307,462,66.5,5531,1788,145,192,75.5,118,159,74.2,37,68,54.4,4,2.7,2.8,+1.3,21,46,22,9,59,Matches
Milot Rashica,xk KVX,"FW,MF",Werder Bremen,22,1996,17.2,301,511,58.9,4959,1210,152,202,75.2,111,183,60.7,28,80,35.0,5,4.1,4.3,+0.9,30,9,23,13,27,Matches
Yoric Ravet,fr FRA,"FW,MF",Freiburg,28,1989,0.8,21,33,63.6,298,72,16,17,94.1,4,10,40.0,1,4,25.0,0,0.0,0.1,0.0,1,1,2,0,3,Matches
Ante Rebić,hr CRO,"FW,MF",Eint Frankfurt,24,1993,22.0,293,548,53.5,3970,1050,193,283,68.2,67,134,50.0,17,51,33.3,4,5.4,5.0,-1.4,32,24,17,7,59,Matches
Karim Rekik,nl NED,DF,Hertha BSC,23,1994,23.0,1031,1172,88.0,19833,6641,359,391,91.8,540,581,92.9,118,170,69.4,0,0.1,0.2,-0.1,2,37,4,0,76,Matches
Michael Rensing,de GER,GK,Düsseldorf,34,1984,32.0,652,1011,64.5,22515,17491,75,76,98.7,255,256,99.6,320,672,47.6,0,0.0,0.1,0.0,0,19,0,0,0,Matches
Marco Reus,de GER,"MF,FW",Dortmund,29,1989,25.7,842,1064,79.1,12487,2940,496,570,87.0,238,307,77.5,64,84,76.2,8,6.4,7.0,+1.6,38,85,36,0,125,Matches
Elvis Rexhbeçaj,de GER,MF,Wolfsburg,20,1997,12.7,287,411,69.8,4745,1584,149,184,81.0,86,123,69.9,34,61,55.7,2,1.2,1.1,+0.8,7,32,13,2,57,Matches
Simon Rhein,de GER,MF,Nürnberg,20,1998,5.5,241,294,82.0,3873,1166,122,133,91.7,95,105,90.5,16,35,45.7,0,0.0,0.1,0.0,1,19,2,0,24,Matches
Franck Ribéry,fr FRA,"MF,FW",Bayern Munich,35,1983,13.0,600,752,79.8,8898,2047,329,365,90.1,190,227,83.7,41,69,59.4,3,2.2,4.1,+0.8,21,40,34,3,91,Matches
Marco Richter,de GER,"MF,FW",Augsburg,20,1997,15.8,314,475,66.1,5114,1341,162,211,76.8,90,132,68.2,40,65,61.5,6,2.9,1.8,+3.1,16,31,18,5,45,Matches
Sascha Riether,de GER,FW,Schalke 04,35,1983,0.0,1,1,100.0,17,0,0,0,,1,1,100.0,0,0,,0,0.0,0.0,0.0,0,0,0,0,0,Matches
Arjen Robben,nl NED,"FW,MF",Bayern Munich,34,1984,6.3,252,333,75.7,3649,936,146,177,82.5,78,101,77.2,14,28,50.0,0,1.9,2.3,-1.9,16,15,16,2,38,Matches
Sebastian Rode,de GER,MF,Eint Frankfurt,27,1990,10.3,445,547,81.4,7470,2135,235,266,88.3,159,188,84.6,43,71,60.6,0,1.3,1.9,-1.3,18,43,10,2,55,Matches
James Rodríguez,co COL,MF,Bayern Munich,27,1991,12.6,805,974,82.6,14271,3994,369,401,92.0,302,349,86.5,100,157,63.7,3,5.6,5.7,-2.6,51,74,36,5,135,Matches
Jérôme Roussillon,fr FRA,DF,Wolfsburg,25,1993,27.3,1018,1361,74.8,17273,6494,492,577,85.3,375,480,78.1,111,205,54.1,4,2.5,4.8,+1.5,30,86,39,24,113,Matches
Sebastian Rudy,de GER,MF,Schalke 04,28,1990,15.1,526,667,78.9,9105,2589,236,283,83.4,224,253,88.5,52,88,59.1,0,1.2,1.2,-1.2,13,39,8,1,65,Matches
Lukas Rupp,de GER,"MF,DF",Hoffenheim,27,1991,0.3,9,16,56.3,79,29,4,6,66.7,1,3,33.3,0,1,0.0,0,0.0,0.1,0.0,1,0,1,0,1,Matches
Marco Russ,de GER,DF,Eint Frankfurt,32,1985,4.2,80,111,72.1,1376,541,39,48,81.3,38,50,76.0,3,10,30.0,0,0.0,0.3,0.0,0,8,0,0,9,Matches
Frederik Rønnow,dk DEN,GK,Eint Frankfurt,25,1992,1.4,34,55,61.8,1474,1426,2,2,100.0,10,10,100.0,22,43,51.2,0,0.0,0.0,0.0,0,6,0,0,0,Matches
Marcel Sabitzer,at AUT,MF,RB Leipzig,24,1994,26.1,834,1230,67.8,12094,4622,451,569,79.3,257,361,71.2,53,128,41.4,3,4.9,5.0,-1.9,36,116,37,11,159,Matches
Nuri Şahin,tr TUR,MF,Werder Bremen,29,1988,16.4,940,1121,83.9,15723,5220,432,478,90.4,423,479,88.3,65,122,53.3,1,0.8,1.6,+0.2,15,105,8,1,101,Matches
Samuel Şahin-Radlinger,at AUT,GK,Hannover 96,25,1992,1.0,19,26,73.1,743,714,4,4,100.0,3,4,75.0,12,18,66.7,0,0.0,0.0,0.0,0,1,0,0,0,Matches
Carlos Salcedo,mx MEX,DF,Eint Frankfurt,24,1993,5.1,215,269,79.9,4696,1688,62,71,87.3,112,125,89.6,39,67,58.2,0,0.0,0.0,0.0,0,15,0,0,25,Matches
Roland Sallai,hu HUN,MF,Freiburg,21,1997,5.9,114,150,76.0,1509,421,64,76,84.2,34,40,85.0,4,14,28.6,0,0.4,0.4,-0.4,5,7,5,3,20,Matches
Edgar Salli,cm CMR,"FW,MF",Nürnberg,25,1992,1.3,21,21,100.0,244,82,16,16,100.0,3,3,100.0,1,1,100.0,0,0.0,0.0,0.0,1,1,1,0,3,Matches
Renato Sanches,pt POR,MF,Bayern Munich,20,1997,6.4,323,368,87.8,5304,1180,159,177,89.8,121,131,92.4,29,38,76.3,1,0.9,0.6,+0.1,9,32,5,2,38,Matches
Jadon Sancho,eng ENG,"FW,MF",Dortmund,18,2000,27.3,1148,1441,79.7,15961,4154,726,816,89.0,326,412,79.1,56,122,45.9,14,7.7,9.5,+6.3,62,68,56,0,130,Matches
Salif Sané,sn SEN,DF,Schalke 04,27,1990,29.0,1281,1541,83.1,26775,9516,336,383,87.7,771,857,90.0,165,274,60.2,0,0.3,0.7,-0.3,6,77,13,4,97,Matches
Marcelo Saracchi,uy URU,DF,RB Leipzig,20,1998,7.3,335,478,70.1,5052,2010,185,212,87.3,102,165,61.8,27,59,45.8,1,1.0,1.6,0.0,10,17,22,11,36,Matches
Josh Sargent,us USA,FW,Werder Bremen,18,2000,2.4,48,62,77.4,623,40,29,34,85.3,12,16,75.0,3,3,100.0,0,0.1,0.1,-0.1,2,2,0,0,1,Matches
Julian Schieber,de GER,FW,Augsburg,29,1989,2.9,56,78,71.8,668,93,36,44,81.8,14,20,70.0,1,4,25.0,0,0.6,0.7,-0.6,1,3,2,0,7,Matches
Keven Schlotterbeck,de GER,DF,Freiburg,21,1997,8.6,390,450,86.7,8226,2974,95,109,87.2,242,257,94.2,49,73,67.1,0,0.0,0.2,0.0,0,20,1,0,24,Matches
Nico Schlotterbeck,de GER,DF,Freiburg,18,1999,2.5,80,102,78.4,1682,559,25,28,89.3,40,46,87.0,14,24,58.3,0,0.0,0.0,0.0,0,4,1,0,7,Matches
Marcel Schmelzer,de GER,DF,Dortmund,30,1988,6.3,389,462,84.2,5800,1811,241,263,91.6,128,147,87.1,17,26,65.4,1,0.3,0.3,+0.7,3,27,4,2,26,Matches
Jonathan Schmid,fr FRA,DF,Augsburg,28,1990,28.0,1104,1406,78.5,16871,7832,630,686,91.8,326,422,77.3,93,190,48.9,7,3.3,3.5,+3.7,46,69,31,13,109,Matches
Alessandro Schöpf,at AUT,"MF,DF",Schalke 04,24,1994,11.2,380,479,79.3,5882,1365,209,242,86.4,142,171,83.0,24,38,63.2,0,1.4,1.5,-1.4,13,29,9,3,35,Matches
Nico Schulz,de GER,DF,Hoffenheim,25,1993,28.2,1170,1565,74.8,18979,6679,624,724,86.2,422,553,76.3,100,172,58.1,5,10.5,10.3,-5.5,61,77,48,26,103,Matches
Pirmin Schwegler,ch SUI,MF,Hannover 96,31,1987,23.1,924,1207,76.6,15978,5513,415,474,87.6,363,444,81.8,104,216,48.1,1,3.0,2.9,-2.0,41,75,10,0,117,Matches
Alexander Schwolow,de GER,GK,Freiburg,26,1992,33.0,848,1273,66.6,29163,21960,83,83,100.0,346,356,97.2,418,828,50.5,1,0.1,0.1,+0.9,2,10,0,0,0,Matches
Davie Selke,de GER,FW,Hertha BSC,23,1995,19.3,275,479,57.4,3440,600,183,286,64.0,65,108,60.2,8,21,38.1,5,3.4,2.4,+1.6,19,15,10,3,22,Matches
Suat Serdar,de GER,MF,Schalke 04,21,1997,19.2,315,446,70.6,5582,1749,130,178,73.0,141,174,81.0,32,58,55.2,1,2.4,0.9,-1.4,15,37,8,1,67,Matches
Meritan Shabani,al ALB,MF,Bayern Munich,19,1999,0.0,2,3,66.7,13,5,1,1,100.0,0,0,,0,0,,0,0.0,0.0,0.0,0,0,0,0,0,Matches
Steven Skrzybski,de GER,"FW,MF",Schalke 04,25,1992,7.4,94,138,68.1,1389,358,52,66,78.8,29,43,67.4,5,9,55.6,1,1.1,0.5,-0.1,8,8,1,0,12,Matches
Emile Smith Rowe,eng ENG,MF,RB Leipzig,18,2000,0.3,14,18,77.8,162,38,10,11,90.9,1,2,50.0,1,1,100.0,0,0.5,0.0,-0.5,1,1,0,0,1,Matches
Marcel Sobottka,de GER,MF,Düsseldorf,24,1994,10.5,267,340,78.5,4356,1432,123,149,82.6,113,129,87.6,21,34,61.8,0,0.1,0.1,-0.1,2,18,1,0,27,Matches
Yann Sommer,ch SUI,GK,M'Gladbach,29,1988,34.0,1281,1607,79.7,33859,20939,201,201,100.0,698,706,98.9,378,689,54.9,0,0.0,0.1,0.0,1,17,1,0,1,Matches
Oliver Sorg,de GER,DF,Hannover 96,28,1990,17.6,618,841,73.5,11845,4157,263,294,89.5,250,339,73.7,94,166,56.6,0,0.5,0.7,-0.5,6,54,11,4,65,Matches
Borna Sosa,hr CRO,"DF,MF",Stuttgart,20,1998,6.8,270,388,69.6,4517,2145,136,163,83.4,100,136,73.5,27,63,42.9,1,1.5,0.9,-0.5,15,23,12,9,38,Matches
Sebastian Soto,us USA,"MF,FW",Hannover 96,18,2000,0.3,3,4,75.0,23,8,3,3,100.0,0,1,0.0,0,0,,0,0.0,0.0,0.0,1,1,0,0,0,Matches
Kostas Stafylidis,gr GRE,DF,Augsburg,24,1993,10.2,434,561,77.4,8418,2964,184,200,92.0,180,224,80.4,66,118,55.9,0,1.0,0.5,-1.0,9,27,5,3,39,Matches
Benjamin Stambouli,fr FRA,"DF,MF",Schalke 04,27,1990,19.6,759,1001,75.8,14386,5787,265,302,87.7,418,490,85.3,68,176,38.6,2,0.4,0.9,+1.6,9,75,15,2,105,Matches
Jozo Stanić,hr CRO,MF,Augsburg,19,1999,0.0,3,3,100.0,56,24,1,1,100.0,2,2,100.0,0,0,,0,0.0,0.0,0.0,0,0,0,0,0,Matches
Niklas Stark,de GER,DF,Hertha BSC,23,1995,20.8,864,1035,83.5,16090,6403,346,389,88.9,430,483,89.0,85,141,60.3,0,0.2,0.5,-0.2,3,59,4,1,76,Matches
Renato Steffen,ch SUI,"FW,MF",Wolfsburg,26,1991,16.7,432,580,74.5,6968,1790,197,245,80.4,169,207,81.6,37,56,66.1,1,1.8,2.3,-0.8,13,32,24,8,59,Matches
Marc Stendera,de GER,MF,Eint Frankfurt,22,1995,1.2,81,97,83.5,1327,524,45,52,86.5,28,30,93.3,7,12,58.3,0,0.2,0.0,-0.2,1,10,0,0,16,Matches
Pascal Stenzel,de GER,"DF,MF",Freiburg,22,1996,16.1,723,899,80.4,15843,4674,248,272,91.2,307,381,80.6,162,217,74.7,2,1.5,1.5,+0.5,16,46,20,10,60,Matches
Lars Stindl,de GER,"FW,MF",M'Gladbach,29,1988,16.8,624,766,81.5,10441,1791,305,352,86.6,226,264,85.6,65,81,80.2,1,2.5,2.0,-1.5,22,65,17,1,85,Matches
Kevin Stöger,at AUT,MF,Düsseldorf,24,1993,23.5,1204,1467,82.1,23340,7240,501,564,88.8,453,532,85.2,217,300,72.3,7,5.6,5.0,+1.4,54,134,32,5,179,Matches
Tobias Strobl,de GER,"MF,DF",M'Gladbach,28,1990,25.5,1340,1493,89.8,27795,8710,401,435,92.2,704,739,95.3,218,279,78.1,4,1.6,2.1,+2.4,17,132,13,0,121,Matches
Niklas Süle,de GER,DF,Bayern Munich,22,1995,29.5,2385,2570,92.8,48632,15821,709,756,93.8,1312,1361,96.4,335,405,82.7,0,0.3,1.1,-0.3,6,182,13,0,198,Matches
Markus Suttner,at AUT,"DF,MF",Düsseldorf,31,1987,5.4,175,254,68.9,3581,1421,73,82,89.0,64,90,71.1,36,74,48.6,1,0.7,0.7,+0.3,9,11,4,1,15,Matches
Ádám Szalai,hu HUN,FW,Hoffenheim,30,1987,18.1,299,427,70.0,3620,737,181,234,77.4,57,88,64.8,15,23,65.2,3,3.8,1.2,-0.8,27,23,7,0,30,Matches
Jonathan Tah,de GER,DF,Leverkusen,22,1996,32.6,2242,2503,89.6,43318,11330,723,783,92.3,1257,1354,92.8,223,298,74.8,1,0.6,0.9,+0.4,7,187,9,1,214,Matches
Taleb Tawatha,il ISR,"FW,DF",Eint Frankfurt,26,1992,1.4,32,51,62.7,568,270,17,22,77.3,11,18,61.1,4,8,50.0,0,0.0,0.0,0.0,0,3,0,0,4,Matches
Georg Teigl,at AUT,"MF,FW",Augsburg,27,1991,3.3,36,64,56.3,488,139,22,27,81.5,10,18,55.6,1,5,20.0,0,0.1,0.0,-0.1,2,3,0,0,2,Matches
Marco Terrazzino,de GER,"MF,FW",Freiburg,27,1991,5.7,161,219,73.5,2360,706,91,111,82.0,51,66,77.3,9,17,52.9,0,0.4,0.5,-0.4,10,19,7,0,23,Matches
Cedric Teuchert,de GER,"FW,MF",Schalke 04,21,1997,1.8,9,15,60.0,152,2,5,10,50.0,3,4,75.0,1,1,100.0,0,0.0,0.0,0.0,1,0,0,0,0,Matches
Erik Thommy,de GER,"MF,FW",Stuttgart,23,1994,8.8,231,325,71.1,3503,1035,122,137,89.1,72,92,78.3,19,44,43.2,1,1.5,1.3,-0.5,18,18,8,1,33,Matches
Timothy Tillman,de GER,"FW,MF",Nürnberg,19,1999,2.3,40,54,74.1,611,166,23,24,95.8,15,21,71.4,2,4,50.0,0,0.5,0.3,-0.5,3,5,1,0,3,Matches
George Timotheou,au AUS,DF,Schalke 04,21,1997,1.0,37,46,80.4,764,398,10,11,90.9,21,26,80.8,6,9,66.7,0,0.0,0.0,0.0,0,1,0,0,1,Matches
Marcel Tisserand,cd COD,DF,Wolfsburg,25,1993,9.8,468,602,77.7,10788,2969,117,148,79.1,237,273,86.8,108,157,68.8,0,0.1,0.2,-0.1,2,35,2,2,36,Matches
Corentin Tolisso,fr FRA,MF,Bayern Munich,23,1994,0.6,34,43,79.1,545,111,18,21,85.7,13,17,76.5,3,4,75.0,0,0.1,0.1,-0.1,2,4,1,0,4,Matches
Ömer Toprak,tr TUR,DF,Dortmund,29,1989,2.6,178,183,97.3,3212,915,67,69,97.1,101,102,99.0,10,12,83.3,0,0.0,0.1,0.0,0,8,0,0,7,Matches
Lucas Torró,es ESP,MF,Eint Frankfurt,24,1994,6.2,188,263,71.5,3238,1144,83,107,77.6,88,116,75.9,14,28,50.0,0,0.1,0.1,-0.1,2,13,1,0,28,Matches
Jordan Torunarigha,de GER,DF,Hertha BSC,20,1997,12.9,392,500,78.4,8145,2442,122,144,84.7,211,243,86.8,55,99,55.6,2,0.8,0.5,+1.2,5,17,2,2,24,Matches
Almamy Touré,ml MLI,"DF,MF",Eint Frankfurt,22,1996,5.8,182,252,72.2,3128,1194,80,101,79.2,75,101,74.3,20,30,66.7,0,0.0,0.2,0.0,1,24,1,0,23,Matches
Ibrahima Traoré,gn GUI,"FW,MF",M'Gladbach,30,1988,6.1,207,290,71.4,3937,1082,87,103,84.5,85,111,76.6,30,56,53.6,2,2.7,3.0,-0.7,14,17,15,6,29,Matches
Kevin Trapp,de GER,GK,Eint Frankfurt,28,1990,32.6,802,1213,66.1,28217,24350,115,115,100.0,263,267,98.5,421,818,51.5,0,0.0,0.1,0.0,0,40,0,0,0,Matches
Philipp Tschauner,de GER,GK,Hannover 96,32,1985,1.0,20,28,71.4,463,312,4,4,100.0,13,13,100.0,3,11,27.3,0,0.0,0.0,0.0,0,0,0,0,0,Matches
Anthony Ujah,ng NGA,FW,Mainz 05,27,1990,8.2,116,181,64.1,1572,428,78,109,71.6,25,44,56.8,8,11,72.7,0,2.1,1.0,-2.1,12,17,4,0,16,Matches
Sven Ulreich,de GER,GK,Bayern Munich,29,1988,8.4,214,256,83.6,4974,3199,47,47,100.0,124,127,97.6,43,81,53.1,0,0.0,0.0,0.0,0,0,0,0,0,Matches
Dayot Upamecano,fr FRA,DF,RB Leipzig,19,1998,14.4,617,752,82.0,11234,4747,264,293,90.1,281,322,87.3,63,105,60.0,0,0.1,0.2,-0.1,3,44,4,0,59,Matches
Takashi Usami,jp JPN,"MF,FW",Düsseldorf,26,1992,9.8,181,269,67.3,3295,1084,86,100,86.0,60,86,69.8,30,60,50.0,2,0.6,0.7,+1.4,13,18,6,3,30,Matches
Mark Uth,de GER,"FW,MF",Schalke 04,26,1991,15.6,274,387,70.8,4444,747,154,192,80.2,76,95,80.0,35,55,63.6,1,1.6,1.1,-0.6,13,20,8,1,25,Matches
Enrico Valentini,it ITA,DF,Nürnberg,29,1989,14.4,503,778,64.7,9239,3922,237,273,86.8,181,276,65.6,77,194,39.7,2,1.4,1.6,+0.6,24,42,13,6,62,Matches
Miloš Veljković,rs SRB,DF,Werder Bremen,22,1995,20.9,1050,1246,84.3,23370,7101,262,290,90.3,581,635,91.5,198,298,66.4,0,0.5,0.8,-0.5,5,84,10,3,122,Matches
Paul Verhaegh,nl NED,DF,Wolfsburg,34,1983,2.0,90,114,78.9,1441,567,46,50,92.0,36,46,78.3,7,13,53.8,0,0.0,0.1,0.0,1,6,1,0,9,Matches
Kevin Vogt,de GER,DF,Hoffenheim,26,1991,26.6,1658,1860,89.1,35178,13536,453,486,93.2,930,1000,93.0,263,349,75.4,0,0.2,0.6,-0.2,6,107,2,0,126,Matches
Kevin Volland,de GER,FW,Leverkusen,26,1992,31.3,675,929,72.7,9794,2590,366,440,83.2,208,273,76.2,43,77,55.8,9,8.4,6.8,+0.6,43,54,41,14,93,Matches
Sandro Wagner,de GER,FW,Bayern Munich,30,1987,1.6,24,36,66.7,394,62,10,14,71.4,6,9,66.7,4,5,80.0,0,0.1,0.0,-0.1,1,1,0,0,3,Matches
Walace,br BRA,MF,Hannover 96,23,1995,22.2,914,1078,84.8,14511,3795,469,536,87.5,334,373,89.5,66,90,73.3,1,0.6,0.8,+0.4,15,67,8,0,88,Matches
Luca Waldschmidt,de GER,"FW,MF",Freiburg,22,1996,19.1,479,618,77.5,8090,1957,217,245,88.6,190,229,83.0,53,94,56.4,1,2.3,2.7,-1.3,23,62,12,3,75,Matches
Wout Weghorst,nl NED,FW,Wolfsburg,25,1992,32.5,566,819,69.1,7507,1473,330,447,73.8,152,216,70.4,27,39,69.2,7,4.9,4.2,+2.1,37,34,15,3,55,Matches
Julian Weigl,de GER,"DF,MF",Dortmund,22,1995,16.2,1123,1207,93.0,23962,6713,310,335,92.5,631,653,96.6,176,195,90.3,0,0.1,0.5,-0.1,2,50,3,0,79,Matches
Mitchell Weiser,de GER,DF,Leverkusen,24,1994,23.5,1271,1601,79.4,17889,7146,769,844,91.1,378,477,79.2,56,132,42.4,3,3.6,4.3,-0.6,30,82,41,15,113,Matches
Wendell,br BRA,DF,Leverkusen,25,1993,25.3,1614,1917,84.2,25850,8645,803,870,92.3,650,756,86.0,98,168,58.3,2,1.9,2.5,+0.1,16,95,14,5,128,Matches
Oscar Wendt,se SWE,DF,M'Gladbach,32,1985,30.3,1478,1862,79.4,25090,8648,687,760,90.4,641,772,83.0,125,249,50.2,1,2.5,3.0,-1.5,28,104,26,15,151,Matches
Timo Werner,de GER,FW,RB Leipzig,22,1996,27.9,609,855,71.2,7287,1597,378,473,79.9,135,188,71.8,20,41,48.8,7,5.5,4.5,+1.5,36,18,23,3,59,Matches
Hendrik Weydandt,de GER,FW,Hannover 96,23,1995,19.1,251,446,56.3,3127,775,159,241,66.0,56,121,46.3,9,19,47.4,1,4.5,2.0,-3.5,27,23,10,4,31,Matches
Jetro Willems,nl NED,"MF,DF",Eint Frankfurt,24,1994,8.1,233,357,65.3,4625,1977,93,117,79.5,100,143,69.9,38,77,49.4,1,2.0,2.0,-1.0,20,25,6,2,37,Matches
William,br BRA,DF,Wolfsburg,23,1995,29.7,1309,1793,73.0,23707,8148,616,719,85.7,460,629,73.1,190,318,59.7,1,2.6,3.9,-1.6,39,85,44,24,132,Matches
Kevin Wimmer,at AUT,DF,Hannover 96,25,1992,18.7,844,1046,80.7,17953,7169,245,281,87.2,444,488,91.0,144,256,56.3,0,0.5,0.8,-0.5,7,63,12,1,79,Matches
Axel Witsel,be BEL,MF,Dortmund,29,1989,31.9,2248,2422,92.8,36881,8785,1109,1171,94.7,924,970,95.3,162,189,85.7,1,2.1,2.1,-1.1,16,231,13,0,221,Matches
Marius Wolf,de GER,"DF,FW",Dortmund,23,1995,9.2,547,657,83.3,7807,2632,309,341,90.6,194,225,86.2,21,42,50.0,0,0.9,1.1,-0.9,7,55,4,2,63,Matches
Jeong Woo-yeong,kr KOR,FW,Bayern Munich,18,1999,0.1,1,2,50.0,28,26,0,0,,1,1,100.0,0,1,0.0,0,0.0,0.0,0.0,0,0,1,0,1,Matches
Bobby Wood,us USA,"FW,MF",Hannover 96,25,1992,13.1,228,301,75.7,2966,576,144,174,82.8,53,67,79.1,13,21,61.9,1,1.8,1.8,-0.8,12,13,8,2,24,Matches
Haji Wright,us USA,FW,Schalke 04,20,1998,2.2,20,32,62.5,198,32,17,22,77.3,2,4,50.0,0,0,,0,0.0,0.0,0.0,1,2,1,0,1,Matches
John Yeboah,de GER,"MF,FW",Wolfsburg,18,2000,0.6,18,23,78.3,337,97,8,10,80.0,4,6,66.7,5,5,100.0,0,0.4,0.3,-0.4,2,1,3,1,4,Matches
Dan-Axel Zagadou,fr FRA,DF,Dortmund,19,1999,14.1,918,1045,87.8,18873,6290,248,275,90.2,548,601,91.2,116,153,75.8,0,0.1,0.2,-0.1,2,67,0,0,70,Matches
Denis Zakaria,ch SUI,MF,M'Gladbach,21,1996,21.8,629,768,81.9,10633,2609,274,309,88.7,278,315,88.3,46,74,62.2,0,0.7,0.7,-0.7,16,67,11,2,90,Matches
Robin Zentner,de GER,GK,Mainz 05,23,1994,10.0,208,344,60.5,6396,4941,28,28,100.0,101,101,100.0,79,211,37.4,0,0.0,0.0,0.0,0,7,0,0,0,Matches
Ron-Robert Zieler,de GER,GK,Stuttgart,29,1989,34.0,737,1220,60.4,25592,20128,74,74,100.0,267,269,99.3,392,869,45.1,0,0.0,0.1,0.0,1,18,2,0,0,Matches
Jean Zimmer,de GER,"DF,FW",Düsseldorf,24,1993,15.9,424,610,69.5,7334,3317,207,250,82.8,152,216,70.4,51,106,48.1,2,2.9,2.7,-0.9,35,44,17,9,57,Matches
Matthias Zimmermann,de GER,"DF,MF",Düsseldorf,26,1992,33.9,1233,1646,74.9,20711,9109,608,703,86.5,464,620,74.8,118,220,53.6,3,2.8,2.2,+0.2,20,115,21,11,149,Matches
Adam Zreľák,sk SVK,FW,Nürnberg,24,1994,10.5,108,193,56.0,1225,159,60,91,65.9,25,56,44.6,4,7,57.1,1,0.6,0.7,+0.4,9,7,1,0,9,Matches
Steven Zuber,ch SUI,"MF,FW",Hoffenheim,26,1991,6.3,223,302,73.8,3363,1062,119,143,83.2,87,114,76.3,11,22,50.0,1,1.0,1.5,0.0,10,18,13,1,33,Matches
Steven Zuber,ch SUI,"MF,FW",Stuttgart,26,1991,11.7,299,413,72.4,4520,1245,148,174,85.1,101,132,76.5,23,40,57.5,1,1.3,1.8,-0.3,9,24,14,3,44,Matches
