player,nationality,position,team,age,birth_year,minutes_90s,touches,touches_def_pen_area,touches_def_3rd,touches_mid_3rd,touches_att_3rd,touches_att_pen_area,touches_live_ball,take_ons,take_ons_won,take_ons_won_pct,take_ons_tackled,take_ons_tackled_pct,carries,carries_distance,carries_progressive_distance,progressive_carries,carries_into_final_third,carries_into_penalty_area,miscontrols,dispossessed,passes_received,progressive_passes_received,matches
Dickson Abiama,ng NGA,FW,Greuther Fürth,22,1998,8.1,246,6,24,108,115,23,246,20,7,35.0,13,65.0,131,629,266,14,5,6,29,10,160,38,Matches
Ragnar Ache,de GER,"MF,FW",Eint Frankfurt,23,1998,2.9,117,1,7,46,65,17,117,11,6,54.5,5,45.5,72,450,176,8,5,3,16,9,97,29,Matches
Tyler Adams,us USA,MF,RB Leipzig,22,1999,15.0,1062,28,184,739,150,10,1062,23,13,56.5,10,43.5,607,2825,1319,20,21,3,20,9,750,23,Matches
Sargis Adamyan,am ARM,"FW,MF",Hoffenheim,28,1993,3.7,149,2,17,72,63,9,149,12,6,50.0,6,50.0,89,547,224,9,3,0,12,5,95,26,Matches
Amine Adli,ma MAR,"FW,MF",Leverkusen,21,2000,14.0,729,9,116,347,282,57,729,37,21,56.8,16,43.2,456,2836,1731,51,29,15,47,18,531,105,Matches
Naouirou Ahamada,fr FRA,"MF,DF",Stuttgart,19,2002,0.7,38,0,5,27,6,0,38,0,0,,0,,33,120,57,0,0,0,3,0,31,1,Matches
Manuel Akanji,ch SUI,DF,Dortmund,26,1995,25.1,2195,198,963,1182,65,21,2195,9,8,88.9,1,11.1,1517,7984,4478,18,12,0,8,1,1649,8,Matches
Kevin Akpoguma,ng NGA,"DF,FW",Hoffenheim,26,1995,17.0,1139,54,364,525,257,34,1139,47,21,44.7,26,55.3,567,2745,1419,36,17,11,30,9,628,40,Matches
Lucas Alario,ar ARG,FW,Leverkusen,28,1992,7.3,261,6,17,113,134,43,260,14,12,85.7,2,14.3,153,635,245,6,5,3,30,13,200,44,Matches
Nadiem Amiri,de GER,"MF,FW",Leverkusen,24,1996,4.1,277,1,44,155,81,6,277,12,3,25.0,9,75.0,183,1290,575,17,15,1,9,9,208,29,Matches
Sebastian Andersson,se SWE,FW,Köln,30,1991,14.0,397,14,26,162,211,67,397,15,6,40.0,9,60.0,199,748,221,10,4,2,53,19,304,86,Matches
Andrés Andrade Cedeño,pa PAN,DF,Arminia,22,1998,11.6,686,66,269,305,116,12,686,18,9,50.0,9,50.0,293,1614,864,18,9,2,15,7,290,15,Matches
Fredrik André Bjørkan,no NOR,DF,Hertha BSC,22,1998,3.9,215,14,91,93,37,2,215,9,4,44.4,5,55.6,88,755,449,11,6,0,7,3,104,10,Matches
Robert Andrich,de GER,MF,Leverkusen,26,1994,20.2,1216,66,329,727,170,26,1216,14,13,92.9,1,7.1,592,2502,1261,19,14,2,13,9,745,27,Matches
Angeliño,es ESP,DF,RB Leipzig,24,1997,25.5,1708,46,401,703,617,60,1708,19,14,73.7,5,26.3,782,2986,1429,35,21,11,30,19,1039,177,Matches
Waldemar Anton,de GER,DF,Stuttgart,25,1996,28.8,2152,295,1116,969,95,34,2152,22,17,77.3,5,22.7,1356,7662,3975,26,14,0,25,13,1405,12,Matches
Christopher Antwi-Adjei,gh GHA,"FW,MF",Bochum,27,1994,12.6,430,4,40,150,246,46,430,32,13,40.6,19,59.4,237,1673,772,35,16,13,51,18,273,85,Matches
Charles Aránguiz,cl CHI,MF,Leverkusen,32,1989,17.5,1281,32,322,814,152,14,1281,9,7,77.8,2,22.2,675,2342,915,6,12,0,22,8,830,14,Matches
Maximilian Arnold,de GER,MF,Wolfsburg,27,1994,33.3,2158,104,510,1276,397,5,2158,14,12,85.7,2,14.3,1104,4711,2079,18,28,2,31,17,1267,24,Matches
Takuma Asano,jp JPN,"FW,MF",Bochum,26,1994,17.9,580,6,67,248,285,56,580,36,20,55.6,16,44.4,371,2795,1284,48,26,16,60,19,396,109,Matches
Santiago Ascacíbar,ar ARG,MF,Hertha BSC,24,1997,26.4,1460,81,457,863,155,16,1460,23,12,52.2,11,47.8,620,2369,998,13,8,2,26,13,769,20,Matches
Fisnik Asllani,xk KVX,"MF,FW",Hoffenheim,18,2002,0.1,9,0,0,4,5,0,9,1,0,0.0,1,100.0,7,15,3,0,0,0,0,0,9,2,Matches
Simon Asta,de GER,DF,Greuther Fürth,20,2001,8.7,481,22,156,215,115,11,481,5,4,80.0,1,20.0,191,966,472,7,6,3,8,3,225,37,Matches
Taiwo Awoniyi,ng NGA,FW,Union Berlin,23,1997,24.2,829,32,56,393,396,129,827,63,35,55.6,28,44.4,501,2643,1004,36,23,19,140,41,609,171,Matches
Sardar Azmoun,ir IRN,"FW,MF",Leverkusen,26,1995,4.0,151,9,20,78,54,16,151,6,4,66.7,2,33.3,73,457,279,8,4,2,6,2,105,22,Matches
Mitchel Bakker,nl NED,DF,Leverkusen,21,2000,20.2,1443,66,389,778,292,26,1443,49,28,57.1,21,42.9,768,3441,1719,38,30,4,36,14,894,95,Matches
Ridle Baku,de GER,"DF,FW",Wolfsburg,23,1998,27.2,1702,50,461,740,517,60,1702,71,36,50.7,35,49.3,920,4838,2368,74,40,16,60,23,991,171,Matches
Aymen Barkok,ma MAR,"MF,DF",Eint Frankfurt,23,1998,1.8,103,7,25,52,30,0,103,7,4,57.1,3,42.9,52,414,176,3,5,0,5,8,52,3,Matches
Leandro Barreiro Martins,lu LUX,MF,Mainz 05,21,2000,19.9,806,31,187,396,231,37,806,13,5,38.5,8,61.5,378,1542,636,15,13,1,41,13,410,53,Matches
Jacob Barrett Laursen,dk DEN,DF,Arminia,26,1994,18.1,945,59,295,444,214,7,945,23,12,52.2,11,47.8,364,1821,819,25,11,0,16,5,409,24,Matches
Abdourahmane Barry,gn GUI,DF,Greuther Fürth,21,2000,2.3,147,14,47,62,40,4,147,4,1,25.0,3,75.0,74,328,158,3,2,1,9,2,71,12,Matches
Maximilian Bauer,de GER,DF,Greuther Fürth,21,2000,18.8,1102,164,685,401,20,12,1102,2,1,50.0,1,50.0,601,2610,1135,4,3,0,5,2,634,0,Matches
Oliver Baumann,de GER,GK,Hoffenheim,31,1990,33.0,1609,1277,1592,23,0,0,1609,1,1,100.0,0,0.0,1005,4395,2397,0,0,0,0,0,895,0,Matches
Timo Baumgartl,de GER,DF,Union Berlin,25,1996,24.1,1453,135,683,695,87,31,1453,6,4,66.7,2,33.3,764,3588,1651,7,4,0,15,8,845,14,Matches
Julian Baumgartlinger,at AUT,"MF,FW",Leverkusen,33,1988,1.0,79,3,30,44,5,0,79,0,0,,0,,34,168,65,2,2,0,0,0,50,1,Matches
Christoph Baumgartner,at AUT,"MF,FW",Hoffenheim,21,1999,21.0,990,26,153,466,384,76,990,48,21,43.8,27,56.3,551,2845,1256,34,28,15,61,27,680,116,Matches
Noah Joel Sarenren Bazee,ng NGA,"MF,FW",Augsburg,24,1996,2.7,109,4,17,31,63,21,109,10,3,30.0,7,70.0,52,509,205,10,7,6,12,4,61,26,Matches
Ihlas Bebou,tg TOG,"FW,DF",Hoffenheim,27,1994,23.2,903,27,127,328,455,102,903,44,18,40.9,25,56.8,511,2782,1162,48,27,17,62,30,610,166,Matches
Sheraldo Becker,sr SUR,"FW,MF",Union Berlin,26,1995,19.5,774,3,61,292,440,62,774,39,24,61.5,15,38.5,513,3778,1941,82,54,31,45,19,586,195,Matches
Kevin Behrens,de GER,FW,Union Berlin,30,1991,5.5,273,9,25,130,120,38,273,8,4,50.0,3,37.5,134,711,230,9,2,6,18,6,200,48,Matches
Ishak Belfodil,dz ALG,FW,Hertha BSC,29,1992,18.2,643,17,56,296,295,80,642,40,18,45.0,22,55.0,370,2033,795,35,14,18,38,29,489,129,Matches
Stefan Bell,de GER,DF,Mainz 05,29,1991,31.8,1842,216,1045,698,112,46,1842,9,7,77.8,2,22.2,903,3630,1778,13,9,2,12,4,1040,15,Matches
Armel Bella Kotchap,de GER,DF,Bochum,19,2001,19.6,965,158,554,391,29,13,965,3,2,66.7,1,33.3,539,3098,1345,9,10,1,6,5,509,1,Matches
Karim Bellarabi,de GER,"FW,MF",Leverkusen,31,1990,7.6,366,10,58,156,160,35,366,33,17,51.5,16,48.5,239,1572,873,24,18,7,19,12,270,69,Matches
Jude Bellingham,eng ENG,MF,Dortmund,18,2003,31.0,1959,48,331,1124,515,84,1959,96,55,57.3,41,42.7,1242,6020,2770,78,44,23,82,62,1499,138,Matches
George Bello,us USA,DF,Arminia,19,2002,4.8,234,21,74,99,67,7,234,22,9,40.9,13,59.1,114,680,348,9,5,2,10,4,121,18,Matches
László Bénes,sk SVK,MF,M'Gladbach,23,1997,2.7,223,6,43,136,47,3,223,3,1,33.3,2,66.7,123,423,218,6,1,1,7,1,151,9,Matches
Keanan Bennetts,eng ENG,"FW,DF",M'Gladbach,22,1999,0.6,39,0,4,23,13,2,39,7,3,42.9,4,57.1,19,176,64,3,1,1,3,0,23,3,Matches
Ramy Bensebaini,dz ALG,DF,M'Gladbach,26,1995,22.4,1590,131,604,795,207,39,1588,29,16,55.2,13,44.8,843,3930,2085,26,17,4,28,13,964,66,Matches
Jordan Beyer,de GER,DF,M'Gladbach,21,2000,15.4,1110,80,491,542,80,11,1110,15,9,60.0,6,40.0,631,2799,1494,25,18,5,7,5,776,30,Matches
Bartosz Białek,pl POL,"FW,DF",Wolfsburg,19,2001,2.0,66,3,7,31,28,7,66,3,0,0.0,3,100.0,34,182,94,1,4,0,6,5,51,14,Matches
Ermin Bičakčić,ba BIH,DF,Hoffenheim,31,1990,0.1,3,1,2,1,0,0,3,0,0,,0,,2,7,3,0,0,0,0,0,3,0,Matches
Tom Bischof,de GER,MF,Hoffenheim,16,2005,0.2,6,1,1,1,4,0,6,0,0,,0,,5,21,7,0,0,0,0,1,5,1,Matches
Danny Blum,de GER,FW,Bochum,30,1991,3.8,215,1,18,90,110,14,215,8,5,62.5,3,37.5,105,537,244,9,7,1,8,3,142,34,Matches
Kevin-Prince Boateng,gh GHA,"MF,FW",Hertha BSC,34,1987,7.7,403,12,60,250,96,12,403,9,6,66.7,3,33.3,201,626,232,0,4,0,18,13,263,21,Matches
Herbert Bockhorn,de GER,DF,Bochum,26,1995,9.4,456,25,129,213,124,11,456,23,15,65.2,8,34.8,229,1728,875,31,17,5,17,9,219,27,Matches
Jean-Paul Boëtius,nl NED,MF,Mainz 05,27,1994,20.0,1165,20,226,675,273,13,1165,32,22,68.8,10,31.3,615,2721,1193,17,14,3,41,28,736,49,Matches
Tarsis Bonga,de GER,"MF,FW",Bochum,24,1997,0.2,17,0,1,6,10,2,17,1,1,100.0,0,0.0,10,61,16,1,0,0,3,1,12,2,Matches
Solomon Bonnah,nl NED,DF,RB Leipzig,17,2003,0.1,5,0,1,3,1,0,5,0,0,,0,,3,9,1,0,0,0,0,0,3,0,Matches
Sebastiaan Bornauw,be BEL,DF,Wolfsburg,22,1999,22.3,1419,205,849,545,31,26,1419,4,2,50.0,2,50.0,818,2979,1077,0,1,1,5,3,906,5,Matches
Rafael Borré,co COL,FW,Eint Frankfurt,25,1995,26.4,995,10,59,476,477,104,995,56,29,51.8,27,48.2,594,2536,1015,43,28,16,95,30,724,168,Matches
Dedryck Boyata,be BEL,DF,Hertha BSC,30,1990,21.1,1019,211,636,359,28,18,1019,4,3,75.0,1,25.0,510,2236,1089,4,3,1,8,0,591,0,Matches
Julian Brandt,de GER,"MF,FW",Dortmund,25,1996,23.1,1575,24,178,788,622,50,1575,65,38,58.5,27,41.5,929,5020,2137,66,50,19,58,31,1148,171,Matches
Iker Bravo,es ESP,FW,Leverkusen,16,2005,0.1,2,0,0,1,1,0,2,0,0,,0,,1,0,0,0,0,0,1,0,1,0,Matches
Fabian Bredlow,de GER,GK,Stuttgart,26,1995,4.0,141,116,139,2,0,0,141,0,0,,0,,74,310,215,0,0,0,2,0,56,0,Matches
Josip Brekalo,hr CRO,FW,Wolfsburg,23,1998,0.2,20,0,1,9,10,1,20,1,1,100.0,0,0.0,16,74,20,0,1,0,1,2,15,3,Matches
Brian Brobbey,nl NED,"FW,MF",RB Leipzig,19,2002,1.5,49,0,0,23,26,8,49,2,2,100.0,0,0.0,29,121,26,1,1,0,8,1,39,12,Matches
John Brooks,us USA,DF,Wolfsburg,28,1993,29.1,2047,217,1018,967,72,26,2047,13,9,69.2,4,30.8,1210,5970,3192,22,17,2,23,5,1283,4,Matches
Daniel Brosinski,de GER,DF,Mainz 05,33,1988,4.3,276,16,70,122,88,0,276,2,0,0.0,2,100.0,118,618,360,9,5,0,6,2,147,24,Matches
Cédric Brunner,ch SUI,DF,Arminia,27,1994,24.3,1417,105,482,647,303,6,1417,28,15,53.6,13,46.4,578,2755,1092,23,25,1,20,11,597,45,Matches
Jacob Bruun Larsen,dk DEN,"FW,MF",Hoffenheim,22,1998,9.0,384,6,55,149,186,46,384,21,9,42.9,12,57.1,244,1732,819,31,17,14,22,6,291,106,Matches
Sascha Burchert,de GER,GK,Greuther Fürth,31,1989,14.0,598,501,590,8,0,0,598,0,0,,0,,326,1688,1162,0,0,0,0,0,259,0,Matches
Delano Burgzorg,nl NED,MF,Mainz 05,22,1998,0.3,12,0,1,2,9,4,12,4,1,25.0,3,75.0,7,96,3,0,1,1,2,0,8,3,Matches
Jonathan Burkardt,de GER,"FW,MF",Mainz 05,21,2000,29.0,986,21,79,436,493,160,985,79,40,50.6,39,49.4,619,3444,1599,65,37,34,117,62,717,200,Matches
Roman Bürki,ch SUI,GK,Dortmund,30,1990,1.0,24,14,23,1,0,0,24,0,0,,0,,11,59,27,0,0,0,0,0,10,0,Matches
Jamie Bynoe-Gittens,eng ENG,FW,Dortmund,16,2004,1.5,72,3,8,27,39,7,72,21,13,61.9,8,38.1,56,456,209,8,7,4,6,5,59,18,Matches
Daniel Caligiuri,it ITA,"DF,MF",Augsburg,33,1988,22.3,1250,60,264,578,430,29,1247,64,40,62.5,24,37.5,585,3793,1725,52,44,9,69,37,601,90,Matches
Emre Can,de GER,"DF,MF",Dortmund,27,1994,18.8,1647,104,553,946,160,17,1643,27,18,66.7,9,33.3,1006,4937,2354,31,26,3,22,9,1140,19,Matches
Koen Casteels,be BEL,GK,Wolfsburg,29,1992,28.0,1143,916,1136,11,0,0,1143,2,2,100.0,0,0.0,681,3155,1653,0,0,0,1,0,605,0,Matches
Gonzalo Castro,de GER,"MF,FW",Arminia,34,1987,4.8,214,4,37,108,76,8,214,5,2,40.0,3,60.0,105,485,240,7,4,0,10,2,116,15,Matches
Julian Chabot,de GER,DF,Köln,23,1998,2.3,185,12,99,82,4,2,185,2,1,50.0,1,50.0,98,355,157,0,1,0,3,0,108,0,Matches
Timothy Chandler,us USA,DF,Eint Frankfurt,31,1990,13.5,694,39,192,287,217,26,694,8,3,37.5,5,62.5,297,1203,564,16,16,5,15,6,353,63,Matches
Justin Che,us USA,"FW,DF",Hoffenheim,17,2003,0.5,30,0,5,17,8,2,30,0,0,,0,,17,92,52,0,0,0,0,0,19,5,Matches
Max Christiansen,de GER,MF,Greuther Fürth,24,1996,22.8,1234,102,384,758,103,7,1234,12,5,41.7,7,58.3,561,2483,990,8,12,0,16,8,634,9,Matches
Kingsley Coman,fr FRA,"FW,DF",Bayern Munich,25,1996,15.1,924,11,73,317,547,110,924,85,48,56.5,37,43.5,611,4030,2080,83,40,41,51,29,742,233,Matches
Lucas Copado,de GER,FW,Bayern Munich,17,2004,0.2,8,0,2,2,4,2,8,1,1,100.0,0,0.0,2,5,1,0,0,0,1,0,3,0,Matches
Sergio Córdova,ve VEN,"FW,MF",Augsburg,23,1997,3.6,95,4,12,37,48,16,95,8,2,25.0,6,75.0,48,264,105,6,2,2,8,9,63,16,Matches
Danny da Costa,de GER,"DF,MF",Eint Frankfurt,28,1993,8.1,408,28,117,176,119,9,408,11,5,45.5,6,54.5,170,904,442,12,7,5,11,2,174,29,Matches
Tanguy Coulibaly,fr FRA,"FW,MF",Stuttgart,20,2001,12.0,499,10,99,212,197,25,499,43,22,51.2,21,48.8,286,1857,807,27,21,7,43,15,307,88,Matches
Mickaël Cuisance,fr FRA,MF,Bayern Munich,21,1999,0.1,13,0,2,8,3,1,13,1,1,100.0,0,0.0,10,74,13,0,0,0,0,2,10,1,Matches
Matheus Cunha,br BRA,FW,Hertha BSC,22,1999,0.7,21,0,2,11,8,4,21,2,1,50.0,1,50.0,13,66,36,2,1,0,3,2,11,1,Matches
Rafael Czichos,de GER,DF,Köln,31,1990,15.6,1223,141,648,555,31,15,1223,6,4,66.7,2,33.3,741,4430,2806,19,2,1,8,0,796,3,Matches
Lennart-Marten Czyborra,de GER,DF,Arminia,22,1999,1.5,66,4,20,27,21,0,66,4,1,25.0,3,75.0,24,162,99,2,5,0,1,3,25,3,Matches
Moanes Dabbur,il ISR,"FW,MF",Hoffenheim,29,1992,14.6,686,5,60,330,306,78,686,44,16,36.4,28,63.6,388,1488,505,11,11,4,41,36,483,96,Matches
Finn Dahmen,de GER,GK,Mainz 05,23,1998,2.0,83,69,83,0,0,0,83,0,0,,0,,44,242,110,0,0,0,0,0,42,0,Matches
Mahmoud Dahoud,de GER,MF,Dortmund,25,1996,18.4,1263,43,235,745,296,24,1263,41,26,63.4,15,36.6,711,3499,1624,28,24,6,31,13,877,46,Matches
Márton Dárdai,de GER,DF,Hertha BSC,19,2002,8.4,480,47,289,164,29,7,480,3,3,100.0,0,0.0,254,1348,853,7,1,0,5,4,282,2,Matches
Vladimír Darida,cz CZE,MF,Hertha BSC,30,1990,19.8,1153,32,255,637,268,20,1153,29,18,62.1,11,37.9,567,2746,1018,15,14,0,37,23,744,69,Matches
Alphonso Davies,ca CAN,DF,Bayern Munich,20,2000,19.3,1592,45,358,678,594,80,1592,125,80,64.0,45,36.0,980,6590,4087,113,73,38,47,24,1030,201,Matches
Saulo Decarli,ch SUI,DF,Bochum,29,1992,0.1,7,0,1,4,2,1,7,0,0,,0,,5,11,6,0,0,0,0,0,5,0,Matches
Thomas Delaney,dk DEN,MF,Dortmund,29,1991,0.2,14,0,2,10,2,0,14,1,0,0.0,1,100.0,5,8,1,0,0,0,0,0,8,0,Matches
Kerem Demirbay,de GER,MF,Leverkusen,28,1993,22.8,1681,73,350,935,411,34,1679,42,28,66.7,14,33.3,947,4749,2165,34,35,6,34,23,1039,47,Matches
Ermedin Demirović,ba BIH,FW,Freiburg,23,1998,9.7,303,8,35,100,172,56,303,19,10,52.6,9,47.4,165,806,314,16,11,8,31,14,195,74,Matches
Mike van der Hoorn,nl NED,DF,Arminia,28,1992,0.2,5,2,4,1,0,0,5,0,0,,0,,2,3,3,0,0,0,0,0,2,0,Matches
Moussa Diaby,fr FRA,"FW,MF",Leverkusen,22,1999,30.7,1318,6,97,602,645,133,1317,129,56,43.4,73,56.6,937,5928,3138,131,71,45,71,30,1031,261,Matches
Daniel Didavi,de GER,"MF,FW",Stuttgart,31,1990,3.1,146,1,13,68,68,8,146,7,5,71.4,2,28.6,94,552,276,6,5,2,9,6,106,25,Matches
Javairô Dilrosun,nl NED,FW,Hertha BSC,23,1998,1.5,51,1,14,28,11,0,51,4,2,50.0,2,50.0,32,258,111,3,4,0,3,3,34,4,Matches
Lee Dongjun,kr KOR,"MF,FW",Hertha BSC,24,1997,1.3,47,0,7,17,24,8,47,8,2,25.0,6,75.0,21,189,68,4,2,3,6,4,25,8,Matches
Niklas Dorsch,de GER,MF,Augsburg,23,1998,25.8,1372,81,473,787,134,0,1372,48,34,70.8,14,29.2,713,3199,1258,11,14,0,22,24,717,7,Matches
Ondrej Duda,sk SVK,"MF,FW",Köln,26,1994,17.9,902,17,85,487,343,52,902,66,37,56.1,29,43.9,538,2596,923,25,15,10,66,24,600,81,Matches
Jeremy Dudziak,tn TUN,"MF,FW",Greuther Fürth,25,1995,12.6,465,4,57,226,190,31,465,33,14,42.4,19,57.6,242,1442,593,18,17,8,29,23,273,62,Matches
Erik Durm,de GER,DF,Eint Frankfurt,29,1992,5.3,334,13,83,181,72,4,334,1,0,0.0,1,100.0,162,911,470,14,11,1,6,4,167,20,Matches
Maximilian Eggestein,de GER,MF,Freiburg,24,1996,24.4,1208,53,241,662,315,34,1208,19,7,36.8,12,63.2,520,2303,1208,23,19,0,42,22,689,52,Matches
Lilian Egloff,de GER,"MF,DF",Stuttgart,18,2002,0.3,16,0,2,7,7,1,16,0,0,,0,,11,16,1,0,0,0,5,0,12,4,Matches
Kingsley Ehizibue,nl NED,DF,Köln,26,1995,7.6,483,30,195,206,86,4,483,15,5,33.3,10,66.7,235,1275,727,22,12,2,13,6,235,22,Matches
Julian Eitschberger,de GER,DF,Hertha BSC,17,2004,0.5,40,5,18,18,4,1,40,0,0,,0,,20,74,57,2,0,0,0,0,19,1,Matches
Jurgen Ekkelenkamp,nl NED,"MF,FW",Hertha BSC,21,2000,8.0,339,3,44,176,123,26,339,12,6,50.0,6,50.0,170,676,318,9,7,3,27,11,221,48,Matches
Nico Elvedi,ch SUI,DF,M'Gladbach,24,1996,27.0,1992,204,1074,888,41,23,1992,7,6,85.7,1,14.3,1177,5347,2774,13,8,0,9,6,1323,3,Matches
Breel Embolo,ch SUI,FW,M'Gladbach,24,1997,24.1,833,15,36,428,378,102,833,76,42,55.3,34,44.7,514,2762,1110,38,35,19,90,60,665,158,Matches
Keita Endo,jp JPN,MF,Union Berlin,23,1997,0.6,36,0,4,12,20,5,36,1,0,0.0,1,100.0,24,108,50,1,0,0,2,0,28,12,Matches
Wataru Endo,jp JPN,MF,Stuttgart,28,1993,32.2,1981,96,494,1151,359,54,1981,54,34,63.0,20,37.0,1051,4554,2186,34,29,6,51,42,1290,63,Matches
Michael Esser,de GER,GK,Bochum,33,1987,3.0,146,126,146,0,0,0,146,0,0,,0,,88,416,252,0,0,0,0,0,73,0,Matches
Wahid Faghir,dk DEN,FW,Stuttgart,18,2003,1.4,46,0,0,17,31,6,46,6,5,83.3,1,16.7,35,161,59,2,6,1,4,1,43,18,Matches
Ömer Faruk Beyaz,tr TUR,"DF,MF",Stuttgart,17,2003,0.8,53,0,6,22,25,3,53,1,0,0.0,1,100.0,24,103,28,0,1,1,6,1,35,5,Matches
Adrian Fein,de GER,MF,Greuther Fürth,22,1999,0.4,12,0,2,8,2,1,12,0,0,,0,,7,27,14,0,0,0,0,1,7,1,Matches
Ohis Felix Uduokhai,de GER,DF,Augsburg,23,1997,8.7,502,65,289,196,23,3,502,9,8,88.9,1,11.1,292,1570,831,7,3,0,1,5,310,4,Matches
Edimilson Fernandes,ch SUI,"MF,FW",Arminia,25,1996,3.1,157,11,29,69,61,6,157,4,3,75.0,1,25.0,99,426,208,6,5,2,5,6,101,21,Matches
Alfreð Finnbogason,is ISL,FW,Augsburg,32,1989,3.2,112,10,18,47,48,14,112,7,2,28.6,5,71.4,62,278,117,2,2,2,9,5,74,14,Matches
Mark Flekken,nl NED,GK,Freiburg,28,1993,32.0,1396,1088,1371,27,0,0,1396,2,2,100.0,0,0.0,827,5135,2956,0,0,0,0,0,686,0,Matches
Emil Forsberg,se SWE,MF,RB Leipzig,29,1991,19.0,951,8,69,481,413,61,947,31,23,74.2,8,25.8,592,3087,1391,39,40,12,55,26,743,118,Matches
Philipp Förster,de GER,"MF,FW",Stuttgart,26,1995,10.7,569,3,66,280,229,36,569,18,9,50.0,9,50.0,328,1963,1021,33,30,10,23,10,400,59,Matches
Timothy Fosu-Mensah,nl NED,DF,Leverkusen,23,1998,1.6,109,5,33,51,28,1,109,2,1,50.0,1,50.0,47,211,94,2,4,0,2,0,54,6,Matches
Raphael Framberger,de GER,DF,Augsburg,25,1995,9.4,554,30,162,239,156,4,554,12,6,50.0,6,50.0,206,1056,540,20,6,0,14,2,265,32,Matches
Marvin Friedrich,de GER,DF,M'Gladbach,25,1995,6.7,549,48,306,228,15,9,549,1,0,0.0,1,100.0,325,1206,463,1,0,0,2,0,397,4,Matches
Marvin Friedrich,de GER,DF,Union Berlin,25,1995,13.0,773,91,403,329,48,19,773,7,5,71.4,2,28.6,430,2046,1198,6,4,1,11,5,462,6,Matches
Jeremie Frimpong,nl NED,DF,Leverkusen,20,2000,22.8,1480,69,467,655,382,62,1480,79,47,59.5,32,40.5,854,6153,3459,112,73,32,48,26,889,121,Matches
Christian Früchtl,de GER,GK,Bayern Munich,21,2000,0.1,4,2,4,0,0,0,4,0,0,,0,,2,1,0,0,0,0,0,0,2,0,Matches
Chris Führich,de GER,"FW,MF",Stuttgart,23,1998,19.0,900,16,109,412,402,41,900,65,40,61.5,25,38.5,521,3376,1684,61,41,11,42,23,581,102,Matches
Marius Funk,de GER,GK,Greuther Fürth,25,1996,8.0,392,327,391,1,0,0,392,0,0,,0,,206,1094,533,0,0,0,0,0,196,0,Matches
Stephan Fürstner,de GER,MF,Mainz 05,33,1987,0.1,5,0,1,4,0,0,5,0,0,,0,,3,6,1,0,0,0,0,0,2,0,Matches
Mijat Gaćinović,rs SRB,"FW,MF",Hoffenheim,26,1995,1.2,64,2,11,37,18,1,64,3,3,100.0,0,0.0,31,127,66,1,1,0,2,2,37,2,Matches
Cristian Gamboa,cr CRC,DF,Bochum,31,1989,19.1,1178,79,468,570,161,7,1178,22,14,63.6,8,36.4,556,3243,1716,34,22,4,17,7,567,19,Matches
Silvère Ganvoula M'Boussy,cg CGO,FW,Bochum,25,1996,1.7,79,2,3,36,43,9,79,3,2,66.7,1,33.3,34,213,104,3,4,3,9,4,58,9,Matches
Linus Gechter,de GER,DF,Hertha BSC,17,2004,8.0,466,60,251,200,19,6,466,1,1,100.0,0,0.0,266,1483,704,7,3,0,8,1,294,2,Matches
Dennis Geiger,de GER,MF,Hoffenheim,23,1998,15.3,908,25,182,532,204,12,908,10,5,50.0,5,50.0,508,2448,1015,16,15,1,15,9,581,22,Matches
Yannick Gerhardt,de GER,"MF,DF",Wolfsburg,27,1994,17.5,1021,39,221,560,256,34,1021,21,14,66.7,7,33.3,544,2907,1448,42,33,3,34,15,600,79,Matches
Hamadi Al Ghaddioui,ma MAR,FW,Stuttgart,30,1990,5.5,171,7,14,78,79,21,171,4,0,0.0,4,100.0,67,189,68,3,1,2,16,6,123,29,Matches
Niko Gießelmann,de GER,"DF,FW",Union Berlin,29,1991,23.1,1323,42,313,596,421,31,1323,20,4,20.0,16,80.0,573,2465,1085,19,21,2,24,9,710,81,Matches
Rafał Gikiewicz,pl POL,GK,Augsburg,33,1987,34.0,1350,1085,1329,21,0,0,1350,0,0,,0,,668,3894,2348,0,0,0,3,0,554,0,Matches
Daniel Ginczek,de GER,"MF,FW",Wolfsburg,30,1991,0.1,7,0,1,3,3,1,7,0,0,,0,,3,3,0,0,0,0,1,0,4,1,Matches
Matthias Ginter,de GER,DF,M'Gladbach,27,1994,26.2,1996,132,867,961,176,44,1996,10,6,60.0,4,40.0,1227,6114,3665,36,25,2,11,3,1432,40,Matches
Serge Gnabry,de GER,"FW,DF",Bayern Munich,26,1995,24.3,1661,13,167,687,824,152,1661,104,63,60.6,41,39.4,1053,6186,3007,100,77,43,62,21,1253,313,Matches
Leon Goretzka,de GER,MF,Bayern Munich,26,1995,15.5,1042,27,188,557,307,57,1042,14,10,71.4,4,28.6,547,2405,1132,25,21,2,27,13,740,71,Matches
Jeffrey Gouweleeuw,nl NED,DF,Augsburg,30,1991,28.6,1528,200,858,620,75,26,1527,19,14,73.7,5,26.3,732,4148,2377,19,13,2,23,6,788,10,Matches
Jens Grahl,de GER,GK,Eint Frankfurt,32,1988,1.0,32,32,32,0,0,0,32,0,0,,0,,17,86,40,0,0,0,0,0,14,0,Matches
Julian Green,us USA,MF,Greuther Fürth,26,1995,11.7,538,9,67,286,193,10,538,17,8,47.1,9,52.9,290,1690,849,29,27,1,19,5,342,46,Matches
Michael Gregoritsch,at AUT,"FW,MF",Augsburg,27,1994,15.5,614,35,73,325,221,60,613,20,5,25.0,15,75.0,229,946,384,13,15,2,39,14,386,67,Matches
Sebastian Griesbeck,de GER,"DF,MF",Greuther Fürth,30,1990,27.1,1171,134,625,512,44,18,1171,7,4,57.1,3,42.9,547,2471,953,3,4,0,24,8,572,3,Matches
Sebastian Griesbeck,de GER,MF,Union Berlin,30,1990,0.1,2,0,0,2,0,0,2,0,0,,0,,0,0,0,0,0,0,0,0,0,0,Matches
Vincenzo Grifo,it ITA,"MF,FW",Freiburg,28,1993,30.8,1689,38,207,783,717,74,1683,60,37,61.7,23,38.3,882,4486,2233,54,52,21,48,28,1107,165,Matches
Lennart Grill,de GER,GK,Leverkusen,22,1999,1.0,50,45,50,0,0,0,50,0,0,,0,,31,167,80,0,0,0,0,0,23,0,Matches
Florian Grillitsch,at AUT,"DF,MF",Hoffenheim,25,1995,16.6,1207,114,484,649,85,6,1207,8,5,62.5,3,37.5,755,4320,2142,22,13,1,9,5,787,15,Matches
Carlos Gruezo,ec ECU,MF,Augsburg,26,1995,10.8,415,24,119,241,60,4,415,3,3,100.0,0,0.0,208,897,340,3,4,1,11,8,219,6,Matches
Raphaël Guerreiro,pt POR,DF,Dortmund,27,1993,19.9,1724,44,419,866,452,29,1723,49,26,53.1,23,46.9,1016,4823,2717,61,52,7,30,13,1205,95,Matches
Josuha Guilavogui,fr FRA,"MF,DF",Wolfsburg,30,1990,10.5,666,66,265,343,67,11,666,8,7,87.5,1,12.5,350,1290,521,3,6,0,12,9,352,9,Matches
Péter Gulácsi,hu HUN,GK,RB Leipzig,31,1990,33.0,1235,1006,1206,31,0,0,1235,0,0,,0,,704,3227,1767,0,0,0,2,1,647,0,Matches
Manuel Gulde,de GER,DF,Freiburg,30,1991,13.6,693,71,374,308,17,3,693,4,2,50.0,2,50.0,314,1341,638,2,1,0,6,1,410,0,Matches
Robert Gumny,pl POL,DF,Augsburg,23,1998,25.2,1199,92,480,507,219,25,1199,23,12,52.2,11,47.8,534,2874,1564,34,26,4,20,17,579,41,Matches
Christian Günter,de GER,"DF,MF",Freiburg,28,1993,34.0,1931,72,430,796,719,53,1931,45,20,44.4,25,55.6,863,3739,1909,57,57,9,39,7,1058,179,Matches
Lasse Günther,de GER,DF,Augsburg,18,2003,1.8,83,5,34,33,17,2,83,1,1,100.0,0,0.0,38,231,92,3,2,1,1,1,45,3,Matches
Joško Gvardiol,hr CRO,DF,RB Leipzig,19,2002,26.8,2431,190,990,1278,190,32,2431,49,37,75.5,12,24.5,1488,6817,3794,47,33,5,28,20,1695,25,Matches
Erling Haaland,no NOR,FW,Dortmund,21,2000,21.2,701,31,52,290,365,149,695,24,13,54.2,11,45.8,334,1437,754,40,15,24,58,16,511,137,Matches
Janik Haberer,de GER,MF,Freiburg,27,1994,9.1,415,20,103,217,100,11,415,6,2,33.3,4,66.7,156,653,261,4,8,1,14,6,212,17,Matches
Alexander Hack,de GER,DF,Mainz 05,27,1993,23.0,1430,172,767,611,60,31,1430,12,7,58.3,5,41.7,653,2500,1395,5,6,0,15,1,716,7,Matches
Robin Hack,de GER,"FW,MF",Arminia,22,1998,15.2,691,10,79,331,295,33,691,58,28,48.3,30,51.7,418,2506,954,32,34,9,58,36,480,83,Matches
André Hahn,de GER,"MF,FW",Augsburg,30,1990,23.3,771,55,137,304,335,79,771,31,13,41.9,18,58.1,358,1828,584,25,17,6,64,22,458,95,Matches
Amadou Haidara,ml MLI,MF,RB Leipzig,23,1998,14.7,940,8,139,648,162,13,940,24,19,79.2,5,20.8,475,2207,1045,12,17,2,16,15,615,18,Matches
Marcel Halstenberg,de GER,DF,RB Leipzig,29,1991,5.6,469,22,175,250,47,8,469,8,7,87.5,1,12.5,261,1116,613,5,5,1,5,1,323,8,Matches
Genki Haraguchi,jp JPN,MF,Union Berlin,30,1991,19.5,761,25,149,418,203,28,761,21,13,61.9,8,38.1,358,1980,974,40,14,7,25,14,410,45,Matches
Luis Hartwig,de GER,FW,Bochum,18,2002,0.0,2,0,0,2,0,0,2,0,0,,0,,0,0,0,0,0,0,0,0,1,0,Matches
Makoto Hasebe,jp JPN,DF,Eint Frankfurt,37,1984,13.2,1061,90,478,566,23,0,1061,7,5,71.4,2,28.6,681,3403,2049,10,5,1,4,3,679,2,Matches
Thorgan Hazard,be BEL,"FW,DF",Dortmund,28,1993,14.9,990,18,151,435,411,53,990,42,23,54.8,19,45.2,522,2611,1178,37,22,14,23,17,651,131,Matches
Jonas Hector,de GER,DF,Köln,31,1990,28.4,1989,116,628,943,437,62,1989,31,16,51.6,15,48.4,1020,5386,2531,64,38,11,28,12,1100,126,Matches
Hwang Hee-chan,kr KOR,FW,RB Leipzig,25,1996,0.5,15,0,1,7,7,2,15,3,2,66.7,1,33.3,9,49,30,2,0,1,2,0,12,4,Matches
Dominique Heintz,de GER,DF,Union Berlin,27,1993,5.2,304,25,112,183,11,2,304,4,3,75.0,1,25.0,174,942,510,5,2,0,3,0,190,4,Matches
Dominique Heintz,de GER,DF,Freiburg,27,1993,0.3,22,1,17,5,0,0,22,0,0,,0,,16,57,32,0,0,0,0,0,18,0,Matches
Benjamin Henrichs,de GER,DF,RB Leipzig,24,1997,12.7,834,27,180,407,255,38,834,17,10,58.8,7,41.2,415,1916,949,24,17,4,14,13,551,87,Matches
Lucas Hernández,fr FRA,DF,Bayern Munich,25,1996,22.6,2203,121,789,1258,169,13,2203,25,17,68.0,8,32.0,1384,6953,4151,47,47,5,15,6,1628,32,Matches
Patrick Herrmann,de GER,"DF,FW",M'Gladbach,30,1991,8.4,451,9,76,160,218,28,451,13,9,69.2,4,30.8,220,1254,571,19,11,9,16,8,272,88,Matches
Piero Hincapié,ec ECU,DF,Leverkusen,19,2002,19.5,1446,138,572,766,114,13,1446,29,15,51.7,14,48.3,850,4872,2815,43,20,1,26,13,875,34,Matches
Martin Hinteregger,at AUT,DF,Eint Frankfurt,28,1992,24.7,1678,177,878,761,46,21,1678,8,3,37.5,5,62.5,881,4473,1669,5,6,1,21,4,878,4,Matches
Marwin Hitz,ch SUI,GK,Dortmund,33,1987,4.5,191,162,190,2,0,0,191,0,0,,0,,109,483,269,0,0,0,0,0,92,0,Matches
Nicolas Höfler,de GER,MF,Freiburg,31,1990,28.9,1524,89,400,908,227,35,1524,30,23,76.7,7,23.3,695,3109,1308,15,21,0,30,12,826,17,Matches
Jonas Hofmann,de GER,"MF,FW",M'Gladbach,29,1992,23.1,1494,21,193,749,563,93,1494,44,21,47.7,23,52.3,783,4080,1913,60,31,25,45,23,1022,161,Matches
Lucas Höler,de GER,FW,Freiburg,27,1994,28.7,1303,41,153,534,630,115,1303,47,21,44.7,26,55.3,638,3042,1147,33,23,13,94,44,957,208,Matches
Gerrit Holtmann,ph PHI,"FW,MF",Bochum,26,1995,20.4,598,5,70,205,344,54,598,91,38,41.8,53,58.2,385,3581,1925,81,56,28,56,39,404,132,Matches
Justin Hoogma,nl NED,DF,Greuther Fürth,23,1998,3.0,200,21,110,87,4,1,200,0,0,,0,,141,646,296,0,1,0,0,0,144,0,Matches
Jannes Horn,de GER,DF,Köln,24,1997,5.3,348,19,104,149,102,2,348,9,4,44.4,5,55.6,162,1016,617,18,20,1,5,2,185,25,Matches
Timo Horn,de GER,GK,Köln,28,1993,13.0,544,463,541,3,0,0,544,1,1,100.0,0,0.0,324,1309,738,0,0,0,0,0,303,0,Matches
Lukáš Hrádecký,fi FIN,GK,Leverkusen,31,1989,32.0,1336,1073,1327,9,0,0,1336,0,0,,0,,802,3995,2261,0,0,0,0,0,698,1,Matches
Branimir Hrgota,se SWE,FW,Greuther Fürth,28,1993,30.9,1127,9,82,512,550,93,1122,82,33,40.2,49,59.8,692,4222,1508,51,43,15,93,54,751,200,Matches
Ajdin Hrustic,au AUS,MF,Eint Frankfurt,25,1996,10.7,747,15,139,449,167,13,747,24,12,50.0,12,50.0,449,1997,817,12,14,2,20,19,527,42,Matches
Timo Hübers,de GER,DF,Köln,25,1996,19.3,1523,226,921,573,39,22,1523,7,6,85.7,1,14.3,805,3777,2085,8,13,2,19,4,856,5,Matches
Benjamin Hübner,de GER,DF,Hoffenheim,32,1989,4.2,324,16,121,180,26,9,324,3,1,33.3,2,66.7,201,877,551,5,3,1,1,1,231,2,Matches
Mats Hummels,de GER,DF,Dortmund,32,1988,19.6,1711,169,834,841,47,15,1711,8,6,75.0,2,25.0,1043,5154,2909,18,11,0,12,2,1165,4,Matches
Iago,br BRA,DF,Augsburg,24,1997,24.2,1466,87,469,633,383,35,1466,30,12,40.0,18,60.0,668,3873,1875,59,37,13,35,20,739,102,Matches
Stefan Ilsanker,at AUT,"DF,MF",Eint Frankfurt,32,1989,3.0,162,27,94,60,10,3,162,1,0,0.0,1,100.0,64,218,119,0,1,0,2,1,59,0,Matches
Burak İnce,tr TUR,FW,Arminia,17,2004,1.5,47,0,3,22,24,6,47,3,3,100.0,0,0.0,30,194,76,4,4,1,2,3,36,12,Matches
Marcus Ingvartsen,dk DEN,MF,Union Berlin,25,1996,1.4,43,2,7,25,11,2,43,3,2,66.7,1,33.3,19,77,7,0,0,0,4,1,28,4,Matches
Marcus Ingvartsen,dk DEN,"FW,MF",Mainz 05,25,1996,7.6,337,5,28,164,146,37,336,18,8,44.4,10,55.6,166,668,255,10,11,5,36,11,235,51,Matches
Hiroki Ito,jp JPN,DF,Stuttgart,22,1999,26.1,2108,229,991,1021,108,13,2108,9,5,55.6,4,44.4,1289,5802,2991,21,16,1,17,2,1409,22,Matches
Cedric Itten,ch SUI,FW,Greuther Fürth,24,1996,7.1,218,7,15,99,104,32,218,6,2,33.3,4,66.7,107,424,143,8,1,4,26,13,164,46,Matches
Gian-Luca Itter,de GER,DF,Greuther Fürth,22,1999,16.2,990,70,365,439,196,7,990,20,14,70.0,6,30.0,414,2122,1241,28,17,1,12,6,525,40,Matches
Lee Jae-sung,kr KOR,"MF,FW",Mainz 05,28,1992,16.0,862,26,119,445,304,38,862,23,12,52.2,11,47.8,457,2026,735,21,18,5,52,26,545,93,Matches
Paul Jaeckel,de GER,DF,Union Berlin,23,1998,22.7,1427,136,721,685,36,10,1427,21,19,90.5,2,9.5,763,3625,1822,13,11,2,19,5,809,5,Matches
Kristijan Jakić,hr CRO,MF,Eint Frankfurt,24,1997,20.9,1077,46,219,679,192,28,1077,28,14,50.0,14,50.0,535,2587,1158,23,19,3,31,25,608,27,Matches
Tony Jantschke,de GER,DF,M'Gladbach,31,1990,2.5,145,11,67,76,2,2,145,0,0,,0,,71,259,92,2,0,1,0,0,96,1,Matches
Dennis Jastrzembski,pl POL,"DF,FW",Hertha BSC,21,2000,2.5,136,4,33,51,55,8,136,8,3,37.5,5,62.5,63,467,206,9,6,4,6,1,68,21,Matches
Fredrik Jensen,fi FIN,"MF,FW",Augsburg,23,1997,4.6,154,2,21,60,76,15,154,4,2,50.0,2,50.0,70,429,236,10,6,2,6,1,86,21,Matches
Marco John,de GER,DF,Hoffenheim,19,2002,0.5,20,0,4,10,7,1,20,1,1,100.0,0,0.0,7,61,51,2,2,1,0,0,10,2,Matches
Stevan Jovetić,me MNE,"FW,MF",Hertha BSC,31,1989,11.3,490,11,53,252,192,43,490,22,13,59.1,9,40.9,279,1630,816,28,24,3,23,22,404,70,Matches
Gideon Jung,de GER,DF,Greuther Fürth,26,1994,1.6,79,7,41,37,1,1,79,2,1,50.0,1,50.0,43,197,95,2,0,0,1,0,46,0,Matches
Anton Kade,de GER,"FW,MF",Hertha BSC,17,2004,0.9,52,0,14,20,19,4,52,8,1,12.5,7,87.5,20,164,41,2,2,2,2,0,23,5,Matches
Pavel Kadeřábek,cz CZE,"DF,MF",Hoffenheim,29,1992,13.3,801,37,185,336,284,42,801,4,1,25.0,3,75.0,360,1755,966,27,20,1,15,0,477,104,Matches
Florian Kainz,at AUT,"MF,FW",Köln,28,1992,25.8,1342,27,194,576,596,40,1342,64,28,43.8,36,56.3,793,4813,2060,63,54,9,34,22,821,175,Matches
Sasa Kalajdzic,at AUT,FW,Stuttgart,24,1997,13.6,519,14,34,280,207,66,517,17,10,58.8,7,41.2,254,880,343,14,6,8,48,14,395,78,Matches
Daichi Kamada,jp JPN,MF,Eint Frankfurt,24,1996,23.8,1121,15,114,627,395,73,1121,55,30,54.5,25,45.5,685,3830,1871,57,42,14,60,21,767,142,Matches
Kevin Kampl,si SVN,MF,RB Leipzig,30,1990,21.1,1667,38,309,1100,275,11,1667,15,10,66.7,5,33.3,1057,5156,2586,39,31,4,26,14,1243,35,Matches
Stefanos Kapino,gr GRE,GK,Arminia,27,1994,1.0,34,28,34,0,0,0,34,0,0,,0,,17,142,67,0,0,0,0,0,11,0,Matches
Atakan Karazor,de GER,MF,Stuttgart,24,1996,21.1,1285,97,375,785,134,11,1285,27,13,48.1,14,51.9,604,2290,1064,11,13,0,24,14,730,24,Matches
Silas Katompa,cd COD,"FW,MF",Stuttgart,22,1998,3.1,124,1,24,51,52,10,124,19,8,42.1,11,57.9,77,639,210,10,8,2,24,9,77,21,Matches
Noah Katterbach,de GER,DF,Köln,20,2001,0.2,15,1,4,5,6,0,15,2,1,50.0,1,50.0,5,14,9,0,0,0,0,0,6,1,Matches
Yannik Keitel,de GER,MF,Freiburg,21,2000,5.6,241,12,65,128,49,12,241,3,2,66.7,1,33.3,108,507,248,3,3,0,10,5,123,3,Matches
Marc-Oliver Kempf,de GER,DF,Hertha BSC,26,1995,11.7,566,74,274,266,31,16,566,6,6,100.0,0,0.0,257,1340,729,9,3,0,5,3,276,2,Matches
Marc-Oliver Kempf,de GER,DF,Stuttgart,26,1995,9.3,691,76,266,378,55,17,691,7,5,71.4,2,28.6,377,1947,1045,11,13,1,9,2,439,6,Matches
Rani Khedira,de GER,MF,Union Berlin,27,1994,30.6,1214,39,267,761,198,24,1214,19,11,57.9,8,42.1,512,2331,837,17,15,5,28,12,631,42,Matches
Luca Kilian,de GER,FW,Mainz 05,21,1999,0.0,1,0,0,0,1,0,1,0,0,,0,,0,0,0,0,0,0,0,0,0,0,Matches
Luca Kilian,de GER,DF,Köln,21,1999,25.3,1655,211,1036,598,30,11,1655,3,1,33.3,2,66.7,948,4880,2431,10,9,0,11,3,1043,5,Matches
Joshua Kimmich,de GER,MF,Bayern Munich,26,1995,27.5,2881,70,553,1630,718,28,2881,41,21,51.2,20,48.8,1566,7978,3641,43,43,1,32,18,1954,53,Matches
Philipp Klement,de GER,MF,Stuttgart,28,1992,3.8,295,4,51,164,84,5,295,6,4,66.7,2,33.3,181,1041,407,8,7,0,5,1,204,17,Matches
Mateo Klimowicz,de GER,"MF,FW",Stuttgart,21,2000,6.7,266,2,37,130,104,15,266,21,10,47.6,11,52.4,146,877,529,14,15,5,17,7,187,25,Matches
Fabian Klos,de GER,FW,Arminia,33,1987,15.8,641,37,64,310,269,74,639,17,9,52.9,8,47.1,259,909,290,13,7,4,38,14,458,74,Matches
Lukas Klostermann,de GER,DF,RB Leipzig,25,1996,18.3,1271,120,514,621,143,23,1271,5,3,60.0,2,40.0,704,2630,1423,17,11,1,10,4,809,26,Matches
Lukas Klünter,de GER,DF,Hertha BSC,25,1996,2.2,109,4,34,58,19,2,109,6,3,50.0,3,50.0,53,224,111,3,1,0,4,2,58,7,Matches
Ansgar Knauff,de GER,"FW,MF",Dortmund,19,2002,1.3,68,3,15,19,34,6,68,13,4,30.8,9,69.2,38,312,132,4,2,2,6,0,41,12,Matches
Ansgar Knauff,de GER,"DF,MF",Eint Frankfurt,19,2002,8.4,442,11,84,206,164,31,442,27,18,66.7,9,33.3,245,1981,1147,39,24,7,16,8,247,45,Matches
Robin Knoche,de GER,DF,Union Berlin,29,1992,33.0,2082,233,1124,930,44,19,2082,15,14,93.3,1,6.7,1144,5644,2919,14,7,0,16,5,1186,3,Matches
Gregor Kobel,ch SUI,GK,Dortmund,23,1997,28.5,1101,934,1096,5,0,0,1101,0,0,,0,,652,3204,1602,0,0,0,2,0,561,0,Matches
Dominik Kohr,de GER,MF,Mainz 05,27,1994,17.9,1027,38,236,640,164,19,1027,15,9,60.0,6,40.0,480,1722,847,15,13,1,16,13,596,30,Matches
Kouadio Koné,fr FRA,MF,M'Gladbach,20,2001,24.3,1471,40,355,918,224,24,1471,92,67,72.8,25,27.2,881,4290,2239,41,24,12,66,46,1014,36,Matches
Odilon Kossonou,ci CIV,DF,Leverkusen,20,2001,19.9,1383,117,640,666,86,9,1383,18,12,66.7,6,33.3,760,3809,2110,13,9,1,17,10,862,20,Matches
Filip Kostić,rs SRB,"DF,FW",Eint Frankfurt,28,1992,28.0,1919,38,298,787,858,77,1919,76,26,34.2,50,65.8,988,6752,3476,130,66,36,51,33,1104,245,Matches
Andrej Kramarić,hr CRO,"FW,MF",Hoffenheim,30,1991,30.1,1338,10,106,544,703,158,1338,56,30,53.6,26,46.4,857,4822,2422,96,58,34,64,37,1013,229,Matches
Christoph Kramer,de GER,MF,M'Gladbach,30,1991,8.3,585,28,164,344,79,5,585,12,9,75.0,3,25.0,255,1055,396,3,4,0,12,10,346,10,Matches
Florian Krüger,de GER,"FW,MF",Arminia,22,1999,12.5,414,20,60,153,203,34,414,15,7,46.7,8,53.3,226,1365,633,21,13,10,25,8,271,72,Matches
Max Kruse,de GER,"MF,FW",Wolfsburg,33,1988,12.5,603,3,55,331,223,38,601,14,8,57.1,6,42.9,349,1661,634,24,13,5,25,9,456,90,Matches
Max Kruse,de GER,"FW,MF",Union Berlin,33,1988,14.1,618,1,39,323,261,29,615,24,15,62.5,9,37.5,336,1464,597,18,14,2,34,7,406,90,Matches
Lukas Kübler,de GER,"DF,MF",Freiburg,28,1992,25.9,1516,90,443,751,336,21,1516,18,10,55.6,8,44.4,653,3066,1338,20,28,2,23,6,748,68,Matches
Fabian Kunze,de GER,MF,Arminia,23,1998,14.0,653,29,169,408,89,6,653,18,9,50.0,9,50.0,296,1400,461,4,8,1,15,14,318,8,Matches
Maxence Lacroix,fr FRA,DF,Wolfsburg,21,2000,27.7,1931,269,1057,807,79,26,1931,36,31,86.1,5,13.9,1055,5776,3228,17,18,1,25,11,1126,12,Matches
Konrad Laimer,at AUT,MF,RB Leipzig,24,1997,13.8,881,17,160,523,212,30,881,31,22,71.0,9,29.0,482,2436,1311,34,27,6,31,20,600,53,Matches
Stefan Lainer,at AUT,DF,M'Gladbach,28,1992,16.3,907,45,244,412,255,42,907,18,5,27.8,13,72.2,380,1656,898,23,14,7,22,7,502,76,Matches
Vassilis Lambropoulos,gr GRE,DF,Bochum,31,1990,13.0,579,105,345,216,21,9,579,0,0,,0,,302,1387,566,6,6,2,7,4,298,3,Matches
Sam Lammers,nl NED,"FW,MF",Eint Frankfurt,24,1997,5.7,208,5,19,91,100,20,208,15,7,46.7,8,53.3,106,285,110,2,1,1,26,6,152,27,Matches
Bryan Lasme,fr FRA,FW,Arminia,22,1998,9.7,302,10,23,111,172,58,302,27,12,44.4,15,55.6,175,1146,413,21,7,11,42,15,217,67,Matches
Maxim Leitsch,de GER,DF,Bochum,23,1998,17.1,1032,136,600,411,38,11,1032,6,3,50.0,3,50.0,562,3212,1520,11,7,0,15,2,572,1,Matches
Tim Lemperle,de GER,"FW,MF",Köln,19,2002,1.7,94,2,9,29,56,18,94,10,4,40.0,6,60.0,59,388,214,8,6,5,4,5,61,19,Matches
Christopher Lenz,de GER,DF,Eint Frankfurt,26,1994,7.4,623,28,180,275,171,7,623,8,4,50.0,4,50.0,281,1204,546,14,11,1,11,4,327,36,Matches
Robert Lewandowski,pl POL,FW,Bayern Munich,32,1988,32.7,1160,14,46,438,685,242,1155,81,47,58.0,34,42.0,685,3274,1241,46,31,21,83,55,917,268,Matches
Jamie Leweling,de GER,"FW,MF",Greuther Fürth,20,2001,21.8,713,8,70,310,346,74,713,90,46,51.1,44,48.9,491,3806,1706,76,27,34,87,56,525,153,Matches
Philipp Lienhart,at AUT,DF,Freiburg,25,1996,31.9,2091,273,1174,869,62,25,2091,5,4,80.0,1,20.0,1180,7057,3511,16,6,2,19,3,1267,6,Matches
Andreas Linde,se SWE,GK,Greuther Fürth,28,1993,12.0,527,445,520,7,0,0,527,1,1,100.0,0,0.0,324,1630,881,0,0,0,1,0,261,0,Matches
Jesper Lindstrøm,dk DEN,"MF,FW",Eint Frankfurt,21,2000,22.0,912,10,90,377,458,95,912,71,33,46.5,37,52.1,565,3558,1835,80,37,40,84,32,588,154,Matches
Dejan Ljubicic,at AUT,"MF,FW",Köln,23,1997,21.9,935,16,170,421,362,65,935,58,32,55.2,26,44.8,541,3218,1737,60,36,14,47,24,613,136,Matches
Jürgen Locadia,nl NED,"FW,MF",Bochum,27,1993,4.9,184,2,5,102,80,22,183,2,0,0.0,2,100.0,118,457,161,6,5,4,22,11,145,25,Matches
Anthony Losilla,fr FRA,MF,Bochum,35,1986,32.6,1590,85,505,907,200,39,1590,28,19,67.9,9,32.1,642,2904,1079,14,8,3,32,16,728,25,Matches
Marcel Lotka,pl POL,GK,Hertha BSC,20,2001,9.8,359,297,356,2,1,1,359,0,0,,0,,193,1272,719,0,0,0,1,0,116,0,Matches
Eduard Löwen,de GER,MF,Bochum,24,1997,15.7,842,20,129,374,347,29,841,34,17,50.0,17,50.0,395,1723,741,20,14,2,33,20,472,64,Matches
Anderson Lucoqui,ao ANG,DF,Mainz 05,24,1997,8.3,341,19,107,158,78,8,341,9,3,33.3,6,66.7,138,573,241,9,6,1,12,9,176,25,Matches
Dodi Lukebakio,be BEL,FW,Hertha BSC,23,1997,2.0,64,0,12,28,25,5,63,7,3,42.9,4,57.1,45,392,150,5,7,4,4,1,47,7,Matches
Dodi Lukebakio,be BEL,"FW,MF",Wolfsburg,23,1997,9.8,423,3,73,195,166,29,423,44,27,61.4,17,38.6,285,1932,1001,38,20,13,33,20,300,80,Matches
Andrey Lunyov,ru RUS,GK,Leverkusen,29,1991,1.0,49,40,49,0,0,0,49,0,0,,0,,37,188,112,0,0,0,0,0,33,0,Matches
Andreas Luthe,de GER,GK,Union Berlin,34,1987,27.0,1066,831,1061,5,0,0,1066,0,0,,0,,597,3365,1924,0,1,1,2,0,481,0,Matches
Matej Maglica,hr CRO,MF,Stuttgart,22,1998,0.1,1,0,0,0,1,0,1,0,0,,0,,0,0,0,0,0,0,0,0,1,1,Matches
Arne Maier,de GER,MF,Augsburg,22,1999,20.7,1013,18,184,508,329,24,1013,29,16,55.2,13,44.8,523,2668,1157,26,30,8,39,18,609,51,Matches
Donyell Malen,nl NED,FW,Dortmund,22,1999,18.7,757,14,71,284,411,92,757,54,34,63.0,20,37.0,490,2984,1405,61,34,33,53,27,578,144,Matches
Lennard Maloney,us USA,DF,Dortmund,21,1999,0.1,19,2,11,6,2,0,19,0,0,,0,,13,36,14,0,0,0,0,0,14,0,Matches
Orel Mangala,be BEL,MF,Stuttgart,23,1998,20.6,1002,30,183,543,290,44,1002,73,43,58.9,30,41.1,629,3218,1269,34,20,8,49,35,715,56,Matches
Myziane Maolida,km COM,"FW,MF",Hertha BSC,22,1999,8.6,322,7,58,145,129,19,322,31,12,38.7,19,61.3,200,1492,842,26,19,8,20,18,233,53,Matches
Omar Marmoush,eg EGY,FW,Wolfsburg,22,1999,0.3,14,0,1,7,6,1,14,0,0,,0,,6,20,11,1,0,0,1,0,7,0,Matches
Omar Marmoush,eg EGY,FW,Stuttgart,22,1999,17.5,773,6,62,361,367,74,772,103,44,42.7,59,57.3,476,2993,1086,38,31,23,87,41,546,119,Matches
Aarón Martín,es ESP,DF,Mainz 05,24,1997,25.5,1343,39,333,607,412,19,1343,44,28,63.6,16,36.4,646,3161,1443,32,24,1,33,15,710,87,Matches
Josep Martinez,es ESP,GK,RB Leipzig,23,1998,1.0,22,12,22,0,0,0,22,0,0,,0,,11,34,15,0,0,0,0,0,9,0,Matches
Erhan Mašović,rs SRB,DF,Bochum,22,1998,17.2,838,124,506,325,11,5,838,3,2,66.7,1,33.3,428,2036,767,0,1,0,6,0,452,0,Matches
Roberto Massimo,de GER,"DF,FW",Stuttgart,20,2000,9.7,422,8,91,170,168,28,422,34,16,47.1,18,52.9,232,1568,685,25,16,11,31,10,254,75,Matches
Konstantinos Mavropanos,gr GRE,DF,Stuttgart,23,1997,30.1,2308,274,1069,1108,157,44,2308,33,18,54.5,15,45.5,1184,5967,3246,33,21,3,24,10,1302,18,Matches
Eric Maxim Choupo-Moting,cm CMR,"FW,MF",Bayern Munich,32,1989,4.2,202,3,22,83,99,32,202,19,14,73.7,5,26.3,119,615,196,7,3,3,15,6,143,36,Matches
Kevin Mbabu,ch SUI,DF,Wolfsburg,26,1995,15.5,1126,54,303,516,328,25,1126,80,33,41.3,47,58.8,577,3814,1885,49,39,6,31,13,599,76,Matches
Nathan de Medina,be BEL,DF,Arminia,23,1997,8.6,419,40,177,182,62,6,419,5,0,0.0,5,100.0,180,771,244,3,3,0,12,6,201,7,Matches
Admir Mehmedi,ch SUI,DF,Wolfsburg,30,1991,0.0,5,0,0,4,1,0,5,0,0,,0,,3,36,34,1,0,0,0,0,2,1,Matches
Jorge Meré,es ESP,DF,Köln,24,1997,5.4,359,52,191,164,4,0,359,3,1,33.3,2,66.7,189,839,500,1,1,0,4,1,221,2,Matches
Thomas Meunier,be BEL,DF,Dortmund,29,1991,15.6,1287,40,357,623,318,29,1287,15,10,66.7,5,33.3,757,4080,2256,56,45,5,26,11,847,88,Matches
Marco Meyerhöfer,de GER,DF,Greuther Fürth,25,1995,25.3,1492,101,484,684,337,23,1492,35,19,54.3,16,45.7,640,3165,1555,33,19,5,27,10,656,49,Matches
Sven Michel,de GER,FW,Union Berlin,31,1990,3.8,178,0,14,64,103,17,178,9,1,11.1,8,88.9,98,515,168,9,4,2,17,9,121,45,Matches
Enzo Millot,fr FRA,MF,Stuttgart,19,2002,0.6,44,1,5,24,15,0,44,2,1,50.0,1,50.0,27,150,82,3,0,0,5,3,29,2,Matches
Maximilian Mittelstädt,de GER,"DF,FW",Hertha BSC,24,1997,16.6,1020,48,347,416,268,20,1020,49,32,65.3,17,34.7,518,3187,1466,45,27,8,24,20,538,79,Matches
Anthony Modeste,fr FRA,FW,Köln,33,1988,29.0,733,34,60,334,346,146,732,14,5,35.7,9,64.3,380,1125,337,11,7,8,69,23,548,143,Matches
Kevin Möhwald,de GER,MF,Union Berlin,28,1993,3.9,247,8,47,133,69,8,247,5,2,40.0,3,60.0,131,535,235,5,8,1,7,6,161,13,Matches
Clinton Mola,eng ENG,DF,Stuttgart,20,2001,1.3,144,10,58,84,2,0,144,3,2,66.7,1,33.3,92,401,195,1,0,0,2,0,103,0,Matches
Jan Morávek,cz CZE,MF,Augsburg,31,1989,5.2,257,12,54,125,81,6,257,10,5,50.0,5,50.0,90,294,113,2,2,0,9,6,130,9,Matches
Ilaix Moriba,gn GUI,MF,RB Leipzig,18,2003,0.4,30,0,1,21,8,0,30,2,0,0.0,2,100.0,27,127,62,1,1,0,2,1,25,3,Matches
Youssoufa Moukoko,de GER,"FW,MF",Dortmund,16,2004,2.5,76,0,4,35,37,13,76,7,0,0.0,7,100.0,44,225,60,2,2,1,8,5,50,14,Matches
Nordi Mukiele,fr FRA,"DF,FW",RB Leipzig,23,1997,20.5,1401,63,407,661,348,66,1401,40,20,50.0,20,50.0,681,3221,1479,26,21,6,35,22,829,100,Matches
Florian Müller,de GER,GK,Stuttgart,23,1997,30.0,1093,917,1084,9,0,0,1093,0,0,,0,,566,2738,1684,0,0,0,2,0,508,0,Matches
Thomas Müller,de GER,MF,Bayern Munich,31,1989,28.4,1773,16,124,768,888,161,1773,23,13,56.5,10,43.5,915,3286,1766,46,48,8,53,26,1369,301,Matches
Torben Müsel,de GER,MF,M'Gladbach,22,1999,0.1,1,0,0,1,0,0,1,0,0,,0,,1,2,0,0,0,0,0,0,0,0,Matches
Jamal Musiala,de GER,"MF,FW",Bayern Munich,18,2003,16.3,988,6,111,440,460,96,988,102,57,55.9,45,44.1,613,3470,1833,55,37,24,60,40,696,137,Matches
Obite N'Dicka,ci CIV,DF,Eint Frankfurt,21,1999,31.7,2288,235,1119,1059,132,36,2288,16,13,81.3,3,18.8,1317,6206,2933,37,26,2,21,6,1444,11,Matches
Nikolas Nartey,dk DEN,"MF,DF",Stuttgart,21,2000,4.5,239,8,58,121,62,4,239,4,2,50.0,2,50.0,129,538,241,3,1,0,9,3,148,23,Matches
Paul Nebel,de GER,"MF,FW",Mainz 05,18,2002,2.5,131,0,16,54,62,8,131,7,4,57.1,3,42.9,75,338,103,2,3,2,14,5,86,14,Matches
David Nemeth,at AUT,DF,Mainz 05,20,2001,3.5,208,26,113,90,5,1,208,1,1,100.0,0,0.0,110,347,184,0,2,0,3,1,131,0,Matches
Luca Netz,de GER,"DF,FW",M'Gladbach,18,2003,15.5,716,36,226,295,197,25,716,19,10,52.6,9,47.4,333,1326,488,13,6,4,19,11,362,67,Matches
Manuel Neuer,de GER,GK,Bayern Munich,35,1986,27.9,1289,925,1252,37,0,0,1289,0,0,,0,,763,3329,2069,0,0,0,0,0,796,0,Matches
Florian Neuhaus,de GER,MF,M'Gladbach,24,1997,23.6,1393,42,301,830,274,40,1393,51,35,68.6,16,31.4,765,3603,2061,48,33,12,38,25,965,58,Matches
Jessic Ngankam,de GER,FW,Greuther Fürth,21,2000,3.8,94,1,4,50,42,19,94,9,4,44.4,5,55.6,54,262,94,4,3,2,16,5,65,11,Matches
Moussa Niakhate,sn SEN,DF,Mainz 05,25,1996,28.5,1865,185,835,843,202,23,1863,13,11,84.6,2,15.4,865,4062,2330,27,20,1,21,12,959,14,Matches
Tanguy Nianzou,fr FRA,DF,Bayern Munich,19,2002,6.5,606,27,182,386,39,8,606,7,5,71.4,2,28.6,366,1674,1013,6,3,0,6,4,472,3,Matches
Florian Niederlechner,de GER,FW,Augsburg,30,1990,12.9,341,11,32,166,149,53,341,27,8,29.6,19,70.4,182,835,353,15,9,8,25,16,240,49,Matches
Håvard Nielsen,no NOR,"MF,FW",Greuther Fürth,28,1993,15.2,550,24,71,283,201,58,550,33,16,48.5,17,51.5,293,1341,570,21,14,9,50,19,381,76,Matches
Joakim Nilsson,se SWE,DF,Arminia,27,1994,30.4,1548,216,900,634,23,9,1548,3,2,66.7,1,33.3,747,3628,1915,12,4,1,12,1,803,2,Matches
Christopher Nkunku,fr FRA,"FW,MF",RB Leipzig,23,1997,30.3,1396,18,91,535,791,192,1395,99,66,66.7,32,32.3,856,4874,2388,100,55,52,109,50,1093,284,Matches
Felix Nmecha,de GER,"MF,FW",Wolfsburg,20,2000,3.6,180,6,26,92,64,8,180,10,5,50.0,5,50.0,123,670,340,11,8,2,15,6,143,22,Matches
Lukas Nmecha,de GER,"FW,MF",Wolfsburg,22,1998,18.1,623,8,54,286,289,95,623,39,22,56.4,17,43.6,372,2050,899,32,28,13,76,27,471,130,Matches
Håvard Nordtveit,no NOR,DF,Hoffenheim,31,1990,3.4,295,23,122,152,23,2,295,2,2,100.0,0,0.0,165,943,486,5,2,1,1,1,192,1,Matches
Connor Noß,ie IRL,MF,M'Gladbach,20,2001,0.6,21,1,4,10,7,1,21,0,0,,0,,11,35,21,1,0,0,2,0,14,4,Matches
Hugo Novoa,es ESP,"MF,FW",RB Leipzig,18,2003,1.5,77,0,8,28,42,7,77,3,1,33.3,2,66.7,47,256,86,3,3,1,11,4,58,19,Matches
Soma Novothny,hu HUN,"FW,MF",Bochum,27,1994,0.9,27,4,7,11,9,4,27,0,0,,0,,15,40,17,1,0,0,2,0,18,6,Matches
Kasim Nuhu,gh GHA,DF,Hoffenheim,26,1995,0.1,11,1,2,6,3,2,11,0,0,,0,,6,65,44,0,0,0,0,0,6,0,Matches
Hans Nunoo Sarpei,gh GHA,"DF,MF",Greuther Fürth,22,1998,7.1,398,44,225,166,12,4,398,4,3,75.0,1,25.0,232,1043,574,2,2,0,3,1,231,0,Matches
Bastian Oczipka,de GER,DF,Union Berlin,32,1989,10.4,658,28,188,291,187,11,658,25,15,60.0,10,40.0,312,1517,785,21,13,4,10,6,331,35,Matches
Masaya Okugawa,jp JPN,"MF,FW",Arminia,25,1996,28.1,790,20,136,327,338,71,790,52,20,38.5,32,61.5,403,2555,1106,40,25,10,69,26,426,121,Matches
Mathias Olesen,lu LUX,"MF,FW",Köln,20,2001,0.2,16,0,6,5,5,0,16,0,0,,0,,8,44,7,0,0,0,1,0,9,1,Matches
Dani Olmo,es ESP,"MF,FW",RB Leipzig,23,1998,8.3,478,4,62,234,186,32,478,45,24,53.3,21,46.7,288,1190,646,15,16,5,23,16,355,55,Matches
Karim Onisiwo,at AUT,FW,Mainz 05,29,1992,26.2,992,10,54,386,568,168,992,121,49,40.5,72,59.5,585,3695,1626,82,34,44,127,45,725,237,Matches
Willi Orban,hu HUN,DF,RB Leipzig,28,1992,29.4,2372,239,1139,1162,77,43,2372,6,4,66.7,2,33.3,1376,7017,3953,8,4,0,14,2,1636,7,Matches
Stefan Ortega,de GER,GK,Arminia,28,1992,33.0,1853,1165,1795,59,0,0,1853,0,0,,0,,1102,5910,4058,0,0,0,0,1,977,0,Matches
Patrick Osterhage,de GER,MF,Bochum,21,2000,6.7,274,14,55,146,76,7,274,8,6,75.0,2,25.0,132,614,179,2,6,2,15,13,136,19,Matches
Tomáš Ostrák,cz CZE,"MF,FW",Köln,21,2000,0.3,22,0,4,6,12,3,22,2,2,100.0,0,0.0,13,158,33,1,1,0,2,3,15,3,Matches
Paulo Otávio,br BRA,"DF,MF",Wolfsburg,26,1994,4.0,261,18,81,110,72,4,261,8,5,62.5,3,37.5,119,788,425,18,7,1,7,2,145,28,Matches
Reece Oxford,eng ENG,DF,Augsburg,22,1998,29.9,1532,253,919,556,69,35,1532,5,4,80.0,1,20.0,707,3573,1677,10,6,0,17,1,815,2,Matches
Salih Özcan,tr TUR,MF,Köln,23,1998,25.7,1650,54,437,995,241,53,1650,40,25,62.5,15,37.5,837,4263,2007,39,25,3,26,28,941,47,Matches
Levin Öztunalı,de GER,MF,Union Berlin,25,1996,6.4,259,15,54,115,96,14,259,9,4,44.4,5,55.6,123,659,303,8,6,3,24,9,161,37,Matches
Gonçalo Paciência,pt POR,FW,Eint Frankfurt,26,1994,5.7,241,6,14,123,106,28,239,22,13,59.1,9,40.9,142,623,236,7,4,0,18,15,180,43,Matches
Exequiel Palacios,ar ARG,MF,Leverkusen,22,1998,12.2,921,30,247,561,126,5,921,11,6,54.5,5,45.5,519,2070,966,10,14,2,13,13,624,17,Matches
Miloš Pantović,rs SRB,"MF,FW",Bochum,25,1996,17.0,678,24,124,305,254,43,677,15,6,40.0,8,53.3,310,1438,762,21,18,8,32,12,392,82,Matches
Antonios Papadopoulos,de GER,"DF,MF",Dortmund,21,1999,0.2,13,0,6,7,0,0,13,0,0,,0,,11,49,1,0,0,0,1,0,12,0,Matches
Matondo-Merveille Papela,de GER,MF,Mainz 05,20,2001,0.9,42,1,17,18,8,1,42,0,0,,0,,12,71,22,1,1,0,5,1,17,1,Matches
Kevin Paredes,us USA,"FW,DF",Wolfsburg,18,2003,0.2,10,0,0,4,6,0,10,0,0,,0,,5,38,27,2,1,0,1,0,7,1,Matches
Felix Passlack,de GER,DF,Dortmund,23,1998,5.2,418,8,101,223,95,7,418,7,3,42.9,4,57.1,223,1189,547,13,13,0,8,2,269,28,Matches
Paulinho,br BRA,"FW,MF",Leverkusen,21,2000,13.5,683,11,75,316,308,63,683,53,27,50.9,26,49.1,443,3305,1618,58,49,18,38,19,524,121,Matches
Benjamin Pavard,fr FRA,DF,Bayern Munich,25,1996,23.1,2304,127,703,1261,349,29,2304,4,3,75.0,1,25.0,1270,5494,3072,50,32,2,10,5,1643,91,Matches
Mads Pedersen,dk DEN,"MF,DF",Augsburg,24,1996,15.5,639,33,190,246,212,27,639,31,16,51.6,15,48.4,279,1759,793,25,17,6,31,15,301,46,Matches
Peter Pekarík,sk SVK,DF,Hertha BSC,34,1986,24.8,1415,88,524,614,288,17,1415,14,6,42.9,8,57.1,627,3327,1608,40,26,3,22,5,722,69,Matches
Philipp Pentke,de GER,GK,Hoffenheim,36,1985,1.0,42,36,42,0,0,0,42,0,0,,0,,26,90,41,0,0,0,0,0,24,0,Matches
Ricardo Pepi,us USA,"FW,MF",Augsburg,18,2003,5.3,162,10,19,68,77,19,162,3,2,66.7,1,33.3,67,228,69,1,1,0,13,6,100,27,Matches
Pavao Pervan,at AUT,GK,Wolfsburg,33,1987,6.0,224,204,222,2,0,0,224,0,0,,0,,120,694,419,0,0,0,0,0,102,0,Matches
Nils Petersen,de GER,FW,Freiburg,32,1988,6.4,228,17,36,83,111,32,228,5,5,100.0,0,0.0,80,321,106,4,4,1,21,3,125,30,Matches
Jens Petter Hauge,no NOR,"MF,FW",Eint Frankfurt,21,1999,11.6,568,11,69,298,211,35,568,44,27,61.4,17,38.6,361,1864,846,21,22,7,35,24,410,78,Matches
Immanuel Pherai,nl NED,MF,Dortmund,20,2001,0.0,0,0,0,0,0,0,0,0,0,,0,,0,0,0,0,0,0,0,0,0,0,Matches
Maximilian Philipp,de GER,MF,Wolfsburg,27,1994,10.7,435,9,42,228,173,20,435,26,14,53.8,12,46.2,240,1005,419,11,11,3,20,16,284,65,Matches
Krzysztof Piątek,pl POL,FW,Hertha BSC,26,1995,3.9,124,6,13,55,58,13,124,9,6,66.7,3,33.3,46,245,78,4,1,2,11,7,90,23,Matches
Amos Pieper,de GER,DF,Arminia,23,1998,26.4,1469,207,895,545,41,19,1469,6,5,83.3,1,16.7,673,3219,1686,7,2,1,8,1,770,3,Matches
Marvin Plattenhardt,de GER,DF,Hertha BSC,29,1992,18.2,1099,51,392,468,252,2,1099,12,8,66.7,4,33.3,399,1940,1148,32,13,0,15,6,482,37,Matches
Alassane Pléa,fr FRA,"MF,FW",M'Gladbach,28,1993,23.0,988,15,66,504,430,86,985,64,32,50.0,32,50.0,595,3432,1694,52,34,24,40,21,761,141,Matches
Joel Pohjanpalo,fi FIN,FW,Leverkusen,26,1994,0.1,3,0,1,2,0,0,3,0,0,,0,,0,0,0,0,0,0,0,0,3,0,Matches
Sebastian Polter,de GER,FW,Bochum,30,1991,26.0,741,33,52,341,349,128,739,14,4,28.6,10,71.4,374,1263,405,16,9,10,72,34,565,111,Matches
Marin Pongračić,hr CRO,DF,Dortmund,23,1997,9.2,734,78,380,352,9,0,734,9,7,77.8,2,22.2,477,2631,1182,7,3,0,5,0,511,0,Matches
Stefan Posch,at AUT,DF,Hoffenheim,24,1997,24.4,1671,173,766,784,130,17,1671,8,3,37.5,5,62.5,1008,5468,3056,27,18,0,15,5,1086,15,Matches
Yussuf Poulsen,dk DEN,"FW,MF",RB Leipzig,27,1994,12.0,492,13,29,264,204,64,492,21,12,57.1,9,42.9,275,1184,391,14,10,7,50,32,382,84,Matches
Manuel Prietl,at AUT,MF,Arminia,29,1991,23.6,905,51,307,502,114,23,905,20,16,80.0,4,20.0,418,2099,900,15,10,3,31,18,440,8,Matches
Grischa Prömel,de GER,MF,Union Berlin,26,1995,26.9,1225,38,223,739,272,60,1225,29,16,55.2,13,44.8,634,2770,1110,27,14,6,53,29,713,72,Matches
Nick Proschwitz,de GER,FW,Hoffenheim,34,1986,0.3,7,0,0,3,4,3,7,0,0,,0,,4,12,0,0,0,0,0,1,5,0,Matches
Afimico Pululu,fr FRA,"FW,MF",Greuther Fürth,22,1999,0.8,45,0,5,22,18,4,45,12,6,50.0,6,50.0,28,221,72,4,4,0,5,4,33,10,Matches
Sidney Raebiger,de GER,MF,RB Leipzig,16,2005,0.0,2,0,0,1,1,0,2,0,0,,0,,0,0,0,0,0,0,0,1,2,1,Matches
Diant Ramaj,de GER,GK,Eint Frankfurt,19,2001,1.0,47,41,47,0,0,0,47,0,0,,0,,21,87,58,0,0,0,0,0,21,0,Matches
Guilherme Ramos,pt POR,DF,Arminia,23,1997,10.1,606,76,288,274,52,10,606,6,4,66.7,2,33.3,282,1475,904,5,9,1,13,6,309,9,Matches
Tobias Raschl,de GER,MF,Greuther Fürth,21,2000,6.6,332,5,62,221,56,8,332,15,9,60.0,6,40.0,201,1326,637,14,11,2,19,13,228,8,Matches
David Raum,de GER,"DF,FW",Hoffenheim,23,1998,30.6,2296,72,594,888,830,71,2296,67,33,49.3,34,50.7,1192,5743,2946,95,39,16,44,15,1345,228,Matches
Reinier,br BRA,"FW,MF",Dortmund,19,2002,1.8,99,0,10,67,25,3,99,5,5,100.0,0,0.0,57,252,98,1,3,0,2,7,74,12,Matches
Panagiotis Retsos,gr GRE,"DF,FW",Leverkusen,22,1998,0.4,15,2,7,7,1,1,15,1,1,100.0,0,0.0,10,61,30,0,0,0,0,0,11,0,Matches
Marco Reus,de GER,"MF,FW",Dortmund,32,1989,27.8,1579,52,195,750,641,114,1579,66,28,42.4,38,57.6,954,4878,2065,57,51,13,62,33,1171,172,Matches
Elvis Rexhbeçaj,de GER,MF,Bochum,23,1997,28.2,1087,36,217,590,293,26,1087,36,17,47.2,19,52.8,541,2465,1108,21,22,3,61,31,585,54,Matches
Gio Reyna,us USA,MF,Dortmund,18,2002,4.9,309,4,45,130,140,20,309,13,6,46.2,7,53.8,186,1034,390,13,10,6,12,13,225,32,Matches
Chris Richards,us USA,DF,Hoffenheim,21,2000,14.5,1147,110,541,562,46,17,1147,4,4,100.0,0,0.0,689,3406,1503,12,11,0,8,2,759,7,Matches
Chris Richards,us USA,DF,Bayern Munich,21,2000,0.0,4,0,3,1,0,0,4,0,0,,0,,2,4,1,0,0,0,0,0,3,0,Matches
Omar Richards,eng ENG,DF,Bayern Munich,23,1998,4.9,421,12,104,187,134,9,421,15,11,73.3,4,26.7,240,1020,515,11,8,4,8,5,284,42,Matches
Marco Richter,de GER,"FW,MF",Hertha BSC,23,1997,18.9,838,26,163,345,341,51,838,46,16,34.8,30,65.2,441,2290,996,34,20,11,69,35,533,97,Matches
Manuel Riemann,de GER,GK,Bochum,32,1988,31.0,1678,1148,1607,72,1,1,1677,0,0,,0,,1053,5688,3848,0,0,0,1,0,848,0,Matches
Marc Roca,es ESP,MF,Bayern Munich,24,1996,4.2,343,6,69,199,76,5,343,6,3,50.0,3,50.0,183,844,413,6,5,1,8,3,234,2,Matches
Cimo Röcker,de GER,DF,Hertha BSC,27,1994,0.2,19,3,11,7,1,1,19,0,0,,0,,10,51,16,0,0,0,0,0,14,1,Matches
Sebastian Rode,de GER,MF,Eint Frankfurt,30,1990,8.4,492,18,98,308,88,9,492,3,3,100.0,0,0.0,231,1000,449,10,7,1,8,7,301,17,Matches
Romario Rösch,de GER,MF,Mainz 05,22,1999,0.0,3,0,0,0,3,0,3,1,0,0.0,1,100.0,2,5,0,0,0,0,1,0,2,0,Matches
Tom Rothe,de GER,DF,Dortmund,16,2004,1.0,71,2,20,29,22,2,71,3,1,33.3,2,66.7,38,124,51,1,2,0,0,0,40,10,Matches
Jérôme Roussillon,fr FRA,DF,Wolfsburg,28,1993,19.7,1116,57,268,582,275,22,1116,53,30,56.6,23,43.4,583,2832,1403,42,24,10,29,17,653,91,Matches
Sebastian Rudy,de GER,MF,Hoffenheim,31,1990,8.6,490,13,101,274,121,9,490,4,3,75.0,1,25.0,250,1019,443,5,2,1,10,8,310,25,Matches
Georginio Rutter,fr FRA,"FW,MF",Hoffenheim,19,2002,17.9,614,15,47,212,362,97,614,78,37,47.4,41,52.6,368,2127,1061,38,21,20,76,24,462,124,Matches
Julian Ryerson,no NOR,DF,Union Berlin,23,1997,15.9,825,45,247,353,240,19,825,31,19,61.3,12,38.7,403,2027,908,30,22,2,18,16,385,50,Matches
Frederik Rønnow,dk DEN,GK,Union Berlin,28,1992,7.0,264,211,262,2,0,0,264,0,0,,0,,168,955,505,0,0,0,0,0,146,0,Matches
Marcel Sabitzer,at AUT,"MF,FW",RB Leipzig,27,1994,0.5,55,0,9,32,14,1,55,1,1,100.0,0,0.0,32,177,58,1,1,0,0,2,38,3,Matches
Marcel Sabitzer,at AUT,"MF,DF",Bayern Munich,27,1994,10.1,810,19,155,431,227,29,810,7,4,57.1,3,42.9,455,1802,847,20,11,4,12,11,590,54,Matches
Roland Sallai,hu HUN,"MF,FW",Freiburg,24,1997,17.2,689,16,90,273,334,74,689,39,16,41.0,23,59.0,423,2248,980,44,20,11,45,17,517,136,Matches
Diadie Samassékou,ml MLI,MF,Hoffenheim,25,1996,18.4,934,58,274,508,156,21,934,18,8,44.4,10,55.6,485,1804,642,8,11,2,17,5,534,23,Matches
Leroy Sané,de GER,"FW,MF",Bayern Munich,25,1996,22.0,1296,7,90,569,664,125,1296,116,61,52.6,55,47.4,848,5208,2510,80,68,35,53,43,1022,203,Matches
Mohamed Sankoh,nl NED,FW,Stuttgart,17,2003,0.0,1,0,0,1,1,1,1,0,0,,0,,1,32,31,1,1,1,0,0,1,0,Matches
Baptiste Santamaria,fr FRA,MF,Freiburg,26,1995,0.2,7,3,3,1,3,0,7,0,0,,0,,2,16,8,1,0,0,0,0,2,1,Matches
Bouna Sarr,sn SEN,DF,Bayern Munich,29,1992,0.7,58,2,17,23,20,5,58,5,4,80.0,1,20.0,29,195,79,3,2,2,0,0,29,4,Matches
Joe Scally,us USA,DF,M'Gladbach,18,2002,21.2,1293,58,346,653,310,31,1293,44,21,47.7,23,52.3,653,3569,1366,35,23,6,58,13,737,104,Matches
Kevin Schade,de GER,"MF,FW",Freiburg,19,2001,9.2,351,14,64,124,169,60,351,31,15,48.4,16,51.6,172,1421,633,23,17,19,35,20,225,63,Matches
András Schäfer,hu HUN,MF,Union Berlin,22,1999,2.7,125,3,25,65,37,5,125,5,4,80.0,1,20.0,65,328,150,4,3,0,5,1,76,8,Matches
Louis Schaub,at AUT,"MF,FW",Köln,26,1994,7.3,428,10,69,163,201,29,428,32,19,59.4,13,40.6,248,1511,804,28,17,8,20,14,277,68,Matches
Patrik Schick,cz CZE,FW,Leverkusen,25,1996,23.1,675,37,53,327,298,140,673,41,15,36.6,26,63.4,362,1440,583,21,11,18,60,21,529,138,Matches
Kingsley Schindler,gh GHA,"DF,FW",Köln,28,1993,3.9,236,6,52,98,87,11,236,5,0,0.0,5,100.0,107,524,254,6,4,1,6,4,117,27,Matches
Xaver Schlager,at AUT,MF,Wolfsburg,23,1997,11.6,559,16,120,329,118,11,559,15,11,73.3,4,26.7,294,1595,908,21,8,2,18,10,310,29,Matches
Keven Schlotterbeck,de GER,"DF,FW",Freiburg,24,1997,3.5,179,30,109,66,4,2,179,1,0,0.0,1,100.0,81,321,94,0,0,0,1,1,81,0,Matches
Nico Schlotterbeck,de GER,DF,Freiburg,21,1999,30.9,2192,265,976,1087,155,59,2192,35,23,65.7,12,34.3,1134,5885,3666,35,26,0,30,15,1288,21,Matches
Jonathan Schmid,fr FRA,DF,Freiburg,31,1990,6.5,390,17,109,173,111,9,390,8,5,62.5,3,37.5,143,697,382,9,4,1,7,2,208,31,Matches
Benno Schmitz,de GER,DF,Köln,26,1994,26.9,1889,48,478,938,486,23,1889,12,2,16.7,10,83.3,846,3893,2271,60,55,5,27,4,1014,126,Matches
Alessandro Schöpf,at AUT,MF,Arminia,27,1994,26.6,1392,36,251,698,468,43,1392,54,30,55.6,24,44.4,701,3734,1690,57,40,11,71,32,806,91,Matches
Nico Schulz,de GER,DF,Dortmund,28,1993,9.3,755,14,201,394,166,18,755,16,5,31.3,11,68.8,420,1945,982,17,11,2,18,3,471,44,Matches
Marvin Schwäbe,de GER,GK,Köln,26,1995,21.0,1053,835,1044,9,1,0,1053,1,1,100.0,0,0.0,654,2771,1599,1,2,0,0,0,647,1,Matches
Alexander Schwolow,de GER,GK,Hertha BSC,29,1992,24.2,903,796,901,2,0,0,903,0,0,,0,,458,2357,1347,0,0,0,0,0,379,0,Matches
Paul Seguin,de GER,MF,Greuther Fürth,26,1995,23.4,1354,43,233,849,285,24,1354,30,14,46.7,16,53.3,733,3435,1441,28,25,4,36,19,847,48,Matches
Davie Selke,de GER,FW,Hertha BSC,26,1995,11.2,334,12,25,154,158,45,333,8,2,25.0,6,75.0,156,773,271,10,8,1,23,12,265,50,Matches
Lion Semić,de GER,DF,Dortmund,17,2003,0.0,0,0,0,0,0,0,0,0,0,,0,,0,0,0,0,0,0,0,0,0,0,Matches
Suat Serdar,de GER,"MF,FW",Hertha BSC,24,1997,24.6,919,16,196,509,240,50,919,101,61,60.4,40,39.6,529,3381,1639,43,32,11,67,49,544,77,Matches
Janni Serra,de GER,FW,Arminia,23,1998,12.4,430,25,45,207,180,43,430,15,5,33.3,10,66.7,215,847,239,7,7,4,50,25,307,62,Matches
Zidan Sertdemir,dk DEN,"MF,FW",Leverkusen,16,2005,0.2,12,0,2,5,5,0,12,0,0,,0,,5,23,5,0,1,0,1,3,6,1,Matches
Nils Seufert,de GER,MF,Greuther Fürth,24,1997,1.1,32,2,12,15,5,0,32,0,0,,0,,19,69,30,1,1,0,0,0,20,2,Matches
Kiliann Sildillia,fr FRA,"DF,MF",Freiburg,19,2002,1.9,119,16,48,47,24,1,119,3,2,66.7,1,33.3,34,185,101,3,0,0,1,1,45,2,Matches
André Silva,pt POR,FW,RB Leipzig,25,1995,23.1,863,19,43,386,443,142,860,53,23,43.4,30,56.6,473,2023,798,36,22,24,90,47,645,172,Matches
Mohamed Simakan,fr FRA,DF,RB Leipzig,21,2000,22.3,1638,138,728,822,105,26,1638,24,16,66.7,8,33.3,949,4599,2329,19,18,0,24,8,1091,10,Matches
Daley Sinkgraven,nl NED,DF,Leverkusen,26,1995,3.9,239,12,78,118,45,4,239,8,5,62.5,3,37.5,144,786,387,8,5,0,5,5,146,16,Matches
Tobias Sippel,de GER,GK,M'Gladbach,33,1988,1.0,47,41,47,0,0,0,47,0,0,,0,,29,160,113,0,0,0,0,0,28,0,Matches
Hugo Siquet,be BEL,DF,Freiburg,19,2002,0.2,17,0,1,10,6,0,17,0,0,,0,,5,64,34,1,0,0,1,0,12,0,Matches
Ellyes Skhiri,tn TUN,MF,Köln,26,1995,20.2,1200,82,373,662,178,41,1200,20,10,50.0,10,50.0,572,2572,1105,19,15,5,14,18,664,39,Matches
Robert Skov,dk DEN,"FW,DF",Hoffenheim,25,1996,4.1,215,6,34,89,93,19,215,7,2,28.6,5,71.4,119,601,259,9,4,5,7,1,136,37,Matches
Danilo Soares,br BRA,DF,Bochum,29,1991,28.5,2095,136,681,1009,432,9,2095,65,36,55.4,29,44.6,959,5684,2958,79,60,5,39,20,959,66,Matches
Yann Sommer,ch SUI,GK,M'Gladbach,32,1988,33.0,1521,1108,1508,16,0,0,1521,0,0,,0,,975,4563,2800,0,0,0,1,0,839,0,Matches
Borna Sosa,hr CRO,"DF,FW",Stuttgart,23,1998,27.8,2024,74,461,874,727,28,2024,50,35,70.0,15,30.0,1150,6323,3822,104,75,8,40,15,1246,200,Matches
Djibril Sow,ch SUI,MF,Eint Frankfurt,24,1997,26.8,1508,57,297,959,268,12,1508,21,12,57.1,9,42.9,833,3846,1738,34,27,3,42,14,911,32,Matches
Jerry St. Juste,nl NED,DF,Mainz 05,24,1996,6.7,372,29,161,179,42,13,372,3,1,33.3,2,66.7,187,1170,635,11,8,2,4,2,193,5,Matches
Anton Stach,de GER,MF,Mainz 05,22,1998,20.7,1265,48,252,725,316,29,1265,44,29,65.9,15,34.1,586,3577,1789,48,36,4,53,21,676,50,Matches
Kostas Stafylidis,gr GRE,"DF,MF",Bochum,27,1993,15.4,851,72,278,393,188,2,851,9,4,44.4,5,55.6,370,1533,564,8,14,0,9,10,377,14,Matches
Josip Stanišić,hr CRO,DF,Bayern Munich,21,2000,7.2,669,22,180,358,135,13,669,9,5,55.6,4,44.4,366,1996,948,18,14,2,10,6,444,33,Matches
Niklas Stark,de GER,DF,Hertha BSC,26,1995,22.6,1271,186,722,526,28,13,1271,7,7,100.0,0,0.0,620,3450,1807,11,6,1,13,3,699,1,Matches
Renato Steffen,ch SUI,"FW,MF",Wolfsburg,29,1991,10.7,547,23,108,279,167,23,547,14,10,71.4,4,28.6,287,1565,822,25,16,5,23,6,344,62,Matches
Pascal Stenzel,de GER,DF,Stuttgart,25,1996,10.0,783,39,282,410,100,3,783,7,1,14.3,6,85.7,408,1811,1073,13,9,1,5,2,457,20,Matches
Angelo Stiller,de GER,MF,Hoffenheim,20,2001,18.8,1142,33,262,643,245,32,1142,28,15,53.6,13,46.4,627,2487,1191,20,15,6,26,7,773,63,Matches
Lars Stindl,de GER,"MF,FW",M'Gladbach,32,1988,18.1,1000,16,109,599,295,53,998,15,9,60.0,6,40.0,511,1566,714,14,17,5,34,18,745,96,Matches
Kevin Stöger,at AUT,MF,Mainz 05,27,1993,4.7,393,2,47,208,144,20,393,10,8,80.0,2,20.0,196,907,458,10,9,1,11,4,251,39,Matches
Tobias Strobl,de GER,"MF,DF",Augsburg,31,1990,3.6,136,9,49,79,10,3,136,1,1,100.0,0,0.0,52,216,69,1,0,0,7,3,49,1,Matches
Niklas Süle,de GER,DF,Bayern Munich,25,1995,20.4,1925,183,799,1014,122,23,1925,13,8,61.5,5,38.5,1204,6578,3789,31,21,2,8,4,1433,20,Matches
Ádám Szalai,hu HUN,FW,Mainz 05,33,1987,2.9,124,0,3,48,75,20,124,6,3,50.0,3,50.0,79,239,38,0,3,0,15,7,103,32,Matches
Dominik Szoboszlai,hu HUN,"MF,FW",RB Leipzig,20,2000,17.1,1185,22,115,560,520,57,1184,40,18,45.0,22,55.0,618,3190,1399,44,37,16,42,27,831,130,Matches
Jonathan Tah,de GER,DF,Leverkusen,25,1996,32.0,2258,291,1167,1046,59,24,2258,21,16,76.2,5,23.8,1344,7234,3964,18,10,1,19,11,1508,6,Matches
Edmond Tapsoba,bf BFA,DF,Leverkusen,22,1999,20.2,1648,194,868,756,36,18,1648,13,12,92.3,1,7.7,1105,6241,3632,13,1,0,16,3,1114,5,Matches
Niklas Tauer,de GER,"DF,MF",Mainz 05,20,2001,5.4,260,11,106,130,26,5,260,2,2,100.0,0,0.0,85,347,163,2,3,0,5,0,104,5,Matches
Robert Tesche,de GER,MF,Bochum,34,1987,3.9,211,11,50,137,25,2,211,1,0,0.0,1,100.0,128,505,214,4,1,0,0,3,146,3,Matches
Cedric Teuchert,de GER,"MF,FW",Union Berlin,24,1997,1.2,47,0,13,18,17,4,47,2,0,0.0,2,100.0,23,94,33,0,0,0,5,2,22,2,Matches
Jan Thielmann,de GER,"MF,FW",Köln,19,2002,13.2,591,22,79,246,280,26,591,29,16,55.2,13,44.8,340,2122,794,36,31,3,53,12,342,97,Matches
Erik Thommy,de GER,"FW,MF",Stuttgart,26,1994,3.0,158,1,12,71,75,9,158,10,4,40.0,6,60.0,106,534,191,4,1,2,7,2,113,26,Matches
Marcus Thuram,fr FRA,FW,M'Gladbach,23,1997,10.9,355,5,17,172,173,62,355,36,23,63.9,13,36.1,214,1599,786,32,19,21,36,25,280,95,Matches
Alexis Tibidi,fr FRA,"MF,FW",Stuttgart,17,2003,4.3,166,3,23,73,71,12,166,3,3,100.0,0,0.0,108,513,228,8,6,4,16,4,131,31,Matches
Steffen Tigges,de GER,"FW,MF",Dortmund,23,1998,1.2,64,3,7,32,25,10,64,0,0,,0,,29,108,28,2,0,2,7,0,40,9,Matches
Malik Tillman,us USA,"FW,MF",Bayern Munich,19,2002,1.2,66,3,12,31,24,5,66,5,0,0.0,5,100.0,28,108,38,1,2,1,6,2,41,11,Matches
Timothy Tillman,de GER,MF,Greuther Fürth,22,1999,22.3,994,42,214,517,284,23,994,68,38,55.9,30,44.1,540,3064,1226,33,18,11,69,28,592,83,Matches
Umut Tohumcu,de GER,MF,Hoffenheim,16,2004,0.1,0,0,0,0,0,0,0,0,0,,0,,1,4,0,0,0,0,0,0,1,0,Matches
Corentin Tolisso,fr FRA,MF,Bayern Munich,26,1994,7.8,630,19,90,410,131,18,630,2,1,50.0,1,50.0,369,1788,888,10,11,1,12,3,474,26,Matches
Tiago Tomás,pt POR,FW,Stuttgart,19,2002,11.9,390,5,34,161,201,53,390,45,16,35.6,29,64.4,246,1398,613,23,13,19,57,11,282,92,Matches
Jordan Torunarigha,de GER,DF,Hertha BSC,23,1997,5.4,309,52,209,97,7,3,309,4,2,50.0,2,50.0,173,873,338,1,1,0,4,1,173,0,Matches
Almamy Touré,ml MLI,"DF,MF",Eint Frankfurt,25,1996,5.6,305,27,101,131,75,8,305,6,2,33.3,4,66.7,131,532,248,6,6,0,9,6,145,17,Matches
Lucas Tousart,fr FRA,MF,Hertha BSC,24,1997,21.8,1008,66,293,574,156,27,1008,38,22,57.9,16,42.1,490,2926,1369,30,17,2,32,18,522,25,Matches
Kevin Trapp,de GER,GK,Eint Frankfurt,31,1990,32.0,1342,1126,1333,10,0,0,1342,0,0,,0,,755,3468,2119,0,1,1,0,0,657,0,Matches
Christopher Trimmel,at AUT,"DF,FW",Union Berlin,34,1987,22.1,1388,87,395,632,387,29,1388,26,19,73.1,7,26.9,557,3372,1519,42,34,6,29,12,606,70,Matches
Philipp Tschauner,de GER,GK,RB Leipzig,35,1985,0.0,5,4,5,0,0,0,5,0,0,,0,,2,1,1,0,0,0,0,0,4,0,Matches
Tuta,br BRA,DF,Eint Frankfurt,22,1999,24.3,1681,175,844,768,84,19,1681,18,16,88.9,2,11.1,960,5020,2754,26,17,3,24,7,941,9,Matches
Anthony Ujah,ng NGA,"FW,MF",Union Berlin,30,1990,0.4,15,0,1,4,10,6,15,0,0,,0,,11,42,27,1,0,0,0,1,15,5,Matches
Sven Ulreich,de GER,GK,Bayern Munich,32,1988,6.0,245,194,245,0,0,0,245,0,0,,0,,151,707,322,0,0,0,0,0,146,0,Matches
Dayot Upamecano,fr FRA,DF,Bayern Munich,22,1998,24.6,2520,170,998,1413,127,20,2520,16,11,68.8,5,31.3,1716,8759,4788,32,25,1,16,8,1835,9,Matches
Benjamin Uphoff,de GER,GK,Freiburg,27,1993,2.0,96,75,94,2,0,0,96,0,0,,0,,60,333,229,0,0,0,0,0,47,0,Matches
Mark Uth,de GER,"MF,FW",Köln,29,1991,22.5,1079,12,106,443,543,89,1079,62,25,40.3,36,58.1,600,3165,1163,41,23,15,71,30,689,160,Matches
Ruben Vargas,ch SUI,"MF,FW",Augsburg,22,1998,22.0,878,18,129,391,382,72,878,95,44,46.3,51,53.7,551,4253,1983,76,47,16,75,38,578,118,Matches
Sebastian Vasiliadis,gr GRE,MF,Arminia,23,1997,13.3,534,36,165,281,94,11,534,25,12,48.0,13,52.0,204,1098,448,10,10,5,26,16,207,10,Matches
Micky van de Ven,nl NED,DF,Wolfsburg,20,2001,2.1,106,10,56,45,6,0,106,1,0,0.0,1,100.0,56,340,139,3,2,0,3,0,50,3,Matches
Vincent Vermeij,nl NED,MF,Freiburg,26,1994,0.0,5,0,0,2,3,0,5,2,1,50.0,1,50.0,2,7,6,0,0,0,0,0,4,0,Matches
Gabriel Vidovic,hr CRO,"FW,MF",Bayern Munich,17,2003,0.4,23,1,2,8,14,3,23,4,3,75.0,1,25.0,13,52,11,0,0,0,1,2,15,5,Matches
Nick Viergever,nl NED,DF,Greuther Fürth,31,1989,23.7,1346,225,815,528,17,4,1346,1,1,100.0,0,0.0,655,3253,1824,5,3,0,11,7,720,2,Matches
Andreas Voglsammer,de GER,"FW,MF",Union Berlin,29,1992,9.8,361,9,44,144,175,44,361,21,11,52.4,10,47.6,184,897,329,15,6,5,18,8,258,57,Matches
Kevin Vogt,de GER,DF,Hoffenheim,29,1991,28.5,2389,242,1208,1142,59,0,2389,6,4,66.7,2,33.3,1590,8605,4982,31,12,0,13,4,1697,5,Matches
Aster Vranckx,be BEL,MF,Wolfsburg,18,2002,12.7,619,34,162,318,145,20,619,25,17,68.0,8,32.0,316,1442,642,17,11,2,24,17,361,23,Matches
Luca Waldschmidt,de GER,"MF,FW",Wolfsburg,25,1996,8.0,331,3,56,155,123,21,331,15,6,40.0,9,60.0,185,782,261,5,8,2,24,13,235,43,Matches
Paul Wanner,de GER,"FW,MF",Bayern Munich,15,2005,0.4,18,0,5,8,7,0,18,2,1,50.0,1,50.0,12,42,25,0,0,0,2,2,15,2,Matches
Wout Weghorst,nl NED,FW,Wolfsburg,28,1992,17.3,593,15,51,313,233,74,591,8,7,87.5,1,12.5,324,1217,376,16,9,9,49,18,452,88,Matches
Noah Weißhaupt,de GER,"MF,FW",Freiburg,19,2001,1.1,65,2,12,18,36,4,65,5,3,60.0,2,40.0,39,223,101,3,1,3,6,2,45,10,Matches
Silvan Widmer,ch SUI,DF,Mainz 05,28,1993,32.4,1827,88,548,797,500,52,1827,38,19,50.0,19,50.0,768,3535,1778,51,35,5,26,13,914,135,Matches
Jetro Willems,nl NED,DF,Greuther Fürth,27,1994,17.8,1069,59,310,541,229,13,1069,28,15,53.6,13,46.4,507,2029,1103,17,16,1,26,11,525,31,Matches
Patrick Wimmer,at AUT,"FW,MF",Arminia,20,2001,22.8,1177,16,154,547,514,64,1177,139,71,51.1,68,48.9,570,4295,2110,64,43,23,69,47,592,105,Matches
Jonas Wind,dk DEN,"FW,MF",Wolfsburg,22,1999,13.1,501,17,63,276,165,45,501,16,10,62.5,6,37.5,279,1039,453,9,11,1,25,20,390,58,Matches
Marten Winkler,de GER,MF,Hertha BSC,18,2002,0.3,9,0,1,6,2,0,9,0,0,,0,,8,24,13,1,0,0,0,0,8,4,Matches
Frederik Winther,dk DEN,DF,Augsburg,20,2001,3.6,208,25,106,99,3,0,208,0,0,,0,,100,560,372,1,1,0,2,0,118,1,Matches
Florian Wirtz,de GER,"MF,FW",Leverkusen,18,2003,20.6,1136,8,108,567,489,76,1136,85,55,64.7,30,35.3,672,4065,2328,75,62,19,75,34,802,134,Matches
Axel Witsel,be BEL,"MF,DF",Dortmund,32,1989,21.6,1491,82,423,958,116,11,1491,7,5,71.4,2,28.6,934,3991,1619,10,11,2,17,14,1049,8,Matches
Hannes Wolf,at AUT,"FW,MF",M'Gladbach,22,1999,3.4,175,1,25,85,69,6,175,12,6,50.0,6,50.0,80,338,146,5,3,0,10,3,94,17,Matches
Marius Wolf,de GER,"DF,FW",Dortmund,26,1995,14.7,882,17,196,424,268,55,882,31,13,41.9,18,58.1,494,2422,1160,37,27,14,16,21,613,112,Matches
Luca Wollschläger,de GER,"FW,MF",Hertha BSC,18,2003,0.2,10,0,0,4,6,3,10,1,0,0.0,1,100.0,9,98,56,2,2,2,0,1,9,3,Matches
Jeong Woo-yeong,kr KOR,"FW,MF",Freiburg,21,1999,19.8,810,11,87,383,349,70,810,33,16,48.5,17,51.5,470,2433,1041,35,30,11,35,10,606,140,Matches
Joscha Wosz,de GER,DF,RB Leipzig,19,2002,0.1,5,1,2,2,1,0,5,0,0,,0,,3,10,0,0,0,0,0,1,5,0,Matches
Dan-Axel Zagadou,fr FRA,DF,Dortmund,22,1999,10.6,1030,66,461,541,34,6,1030,7,5,71.4,2,28.6,672,3246,1719,4,4,0,6,5,721,2,Matches
Denis Zakaria,ch SUI,"MF,DF",M'Gladbach,24,1996,15.5,991,58,320,565,120,14,991,42,29,69.0,13,31.0,603,3366,1900,31,24,5,17,11,645,20,Matches
Deyovaisio Zeefuik,nl NED,DF,Hertha BSC,23,1998,6.3,333,25,143,133,57,4,333,5,2,40.0,3,60.0,157,983,495,15,14,3,6,6,165,13,Matches
Robin Zentner,de GER,GK,Mainz 05,26,1994,32.0,1092,886,1069,22,1,1,1092,0,0,,0,,582,3171,1658,0,1,1,2,0,423,0,Matches
Andi Zeqiri,ch SUI,"FW,MF",Augsburg,22,1999,11.3,320,16,43,140,143,34,320,21,9,42.9,12,57.1,164,953,303,10,12,6,42,20,203,44,Matches
Simon Zoller,de GER,FW,Bochum,30,1991,6.6,199,6,24,94,81,21,199,3,2,66.7,1,33.3,89,426,156,7,4,2,15,1,135,30,Matches
