player,nationality,position,team,age,birth_year,minutes_90s,sca,sca_per90,sca_passes_live,sca_passes_dead,sca_take_ons,sca_shots,sca_fouled,sca_defense,gca,gca_per90,gca_passes_live,gca_passes_dead,gca_take_ons,gca_shots,gca_fouled,gca_defense,matches
Brenden Aaronson,us USA,MF,Union Berlin,23-066,2000,3.6,8,2.20,7,1,0,0,0,0,1,0.28,1,0,0,0,0,0,Matches
Paxten Aaronson,us USA,MF,Eint Frankfurt,20-123,2003,1.1,2,1.78,1,0,0,1,0,0,1,0.89,1,0,0,0,0,0,Matches
Junior Adamu,at AUT,"FW,MF",Freiburg,22-204,2001,1.1,2,1.89,1,0,0,0,1,0,0,0.00,0,0,0,0,0,0,Matches
Sargis Adamyan,am ARM,"FW,MF",Köln,30-218,1993,1.6,7,4.41,7,0,0,0,0,0,0,0.00,0,0,0,0,0,0,Matches
Karim Adeyemi,de GER,"FW,MF",Dortmund,21-343,2002,4.1,7,1.70,4,0,1,0,2,0,1,0.24,1,0,0,0,0,0,Matches
Amine Adli,ma MAR,"MF,DF",Leverkusen,23-231,2000,2.9,17,5.80,15,0,1,1,0,0,3,1.02,3,0,0,0,0,0,Matches
Felix Agu,de GER,"MF,DF",Werder Bremen,24-091,1999,2.2,4,1.83,4,0,0,0,0,0,0,0.00,0,0,0,0,0,0,Matches
Ludovic Ajorque,fr FRA,FW,Mainz 05,29-305,1994,9.8,21,2.15,17,1,0,1,2,0,0,0.00,0,0,0,0,0,0,Matches
Kevin Akpoguma,ng NGA,DF,Hoffenheim,28-252,1995,6.4,6,0.93,4,0,1,0,1,0,1,0.16,1,0,0,0,0,0,Matches
Faride Alidou,de GER,"FW,MF",Köln,22-162,2001,3.0,7,2.32,6,0,0,0,1,0,1,0.33,1,0,0,0,0,0,Matches
Nadiem Amiri,de GER,"MF,FW",Leverkusen,27-061,1996,0.2,0,0.00,0,0,0,0,0,0,0,0.00,0,0,0,0,0,0,Matches
Kofi Amoako,de GER,MF,Wolfsburg,18-235,2005,0.0,0,0.00,0,0,0,0,0,0,0,0.00,0,0,0,0,0,0,Matches
Robert Andrich,de GER,"MF,DF",Leverkusen,29-096,1994,3.7,2,0.54,2,0,0,0,0,0,1,0.27,1,0,0,0,0,0,Matches
Waldemar Anton,de GER,DF,Stuttgart,27-160,1996,15.6,16,1.02,12,0,0,2,1,1,3,0.19,2,0,0,1,0,0,Matches
Christopher Antwi-Adjei,gh GHA,"FW,MF",Bochum,29-323,1994,7.1,22,3.10,15,5,0,2,0,0,2,0.28,2,0,0,0,0,0,Matches
Maximilian Arnold,de GER,MF,Wolfsburg,29-214,1994,10.9,23,2.12,14,8,1,0,0,0,0,0.00,0,0,0,0,0,0,Matches
Arthur,br BRA,DF,Leverkusen,20-285,2003,0.4,0,0.00,0,0,0,0,0,0,0,0.00,0,0,0,0,0,0,Matches
Takuma Asano,jp JPN,"FW,MF",Bochum,29-047,1994,13.1,38,2.91,25,0,3,4,5,1,2,0.15,1,0,0,1,0,0,Matches
Noah Atubolu,de GER,GK,Freiburg,21-216,2002,16.0,1,0.06,0,1,0,0,0,0,0,0.00,0,0,0,0,0,0,Matches
Matthias Bader,de GER,"DF,MF",Darmstadt 98,26-193,1997,9.8,26,2.64,22,1,0,1,1,1,2,0.20,2,0,0,0,0,0,Matches
Ridle Baku,de GER,"DF,MF",Wolfsburg,25-263,1998,10.0,26,2.59,25,0,0,0,1,0,1,0.10,1,0,0,0,0,0,Matches
Samuel Bamba,de GER,FW,Dortmund,19-317,2004,0.5,2,3.83,1,0,0,0,1,0,0,0.00,0,0,0,0,0,0,Matches
Aymen Barkok,ma MAR,"MF,FW",Mainz 05,25-220,1998,3.6,15,4.21,10,2,1,1,1,0,1,0.28,1,0,0,0,0,0,Matches
Leandro Barreiro Martins,lu LUX,MF,Mainz 05,23-358,2000,13.9,27,1.95,19,1,1,2,2,2,2,0.14,2,0,0,0,0,0,Matches
Daniel Batz,de GER,GK,Mainz 05,32-349,1991,4.0,0,0.00,0,0,0,0,0,0,0,0.00,0,0,0,0,0,0,Matches
Maximilian Bauer,de GER,DF,Augsburg,23-321,2000,5.5,3,0.55,1,0,0,2,0,0,0,0.00,0,0,0,0,0,0,Matches
Elias Baum,de GER,"MF,DF",Eint Frankfurt,18-062,2005,0.2,0,0.00,0,0,0,0,0,0,0,0.00,0,0,0,0,0,0,Matches
Oliver Baumann,de GER,GK,Hoffenheim,33-208,1990,16.0,2,0.12,1,1,0,0,0,0,1,0.06,0,1,0,0,0,0,Matches
Christoph Baumgartner,at AUT,MF,RB Leipzig,24-148,1999,6.9,26,3.77,14,0,3,4,4,1,2,0.29,0,0,0,1,1,0,Matches
Ihlas Bebou,tg TOG,"FW,DF",Hoffenheim,29-248,1994,8.0,20,2.50,12,0,3,3,2,0,3,0.37,0,0,2,0,1,0,Matches
Adrian Beck,de GER,MF,Heidenheim,26-201,1997,6.3,19,3.02,13,0,2,3,0,1,3,0.48,2,0,0,1,0,0,Matches
Sheraldo Becker,sr SUR,"FW,MF",Union Berlin,28-321,1995,7.2,28,3.91,22,0,2,2,2,0,4,0.56,2,0,0,1,1,0,Matches
Kevin Behrens,de GER,FW,Union Berlin,32-327,1991,12.1,32,2.65,23,0,0,2,6,1,2,0.17,1,0,0,0,1,0,Matches
Maximilian Beier,de GER,FW,Hoffenheim,21-071,2002,10.5,27,2.57,11,0,3,5,8,0,5,0.48,0,0,1,2,2,0,Matches
Stefan Bell,de GER,DF,Mainz 05,32-125,1991,7.4,5,0.68,5,0,0,0,0,0,1,0.14,1,0,0,0,0,0,Matches
Ramy Bensebaini,dz ALG,DF,Dortmund,28-255,1995,11.1,26,2.34,16,2,2,2,4,0,3,0.27,3,0,0,0,0,0,Matches
Mergim Berisha,de GER,FW,Hoffenheim,25-230,1998,1.6,4,2.48,2,0,1,1,0,0,0,0.00,0,0,0,0,0,0,Matches
Mergim Berisha,de GER,FW,Augsburg,25-230,1998,1.4,5,3.69,4,0,0,0,1,0,0,0.00,0,0,0,0,0,0,Matches
Bernardo,br BRA,DF,Bochum,28-227,1995,16.0,18,1.13,14,0,0,2,2,0,2,0.13,1,0,0,1,0,0,Matches
Matúš Bero,sk SVK,"MF,FW",Bochum,28-112,1995,6.4,13,2.02,8,0,0,2,2,1,1,0.16,0,0,0,0,1,0,Matches
Jan-Niklas Beste,de GER,"FW,MF",Heidenheim,24-357,1999,13.0,56,4.30,17,31,1,3,4,0,13,1.00,4,6,0,1,2,0,Matches
Tom Bischof,de GER,"MF,FW",Hoffenheim,18-182,2005,1.6,5,3.06,2,2,0,1,0,0,1,0.61,1,0,0,0,0,0,Matches
Leonardo Bittencourt,de GER,MF,Werder Bremen,30-008,1993,8.4,15,1.79,14,0,0,1,0,0,1,0.12,1,0,0,0,0,0,Matches
Janis Blaswich,de GER,GK,RB Leipzig,32-239,1991,16.0,2,0.12,2,0,0,0,0,0,0,0.00,0,0,0,0,0,0,Matches
Victor Boniface,ng NGA,FW,Leverkusen,23-004,2000,14.2,51,3.59,24,0,20,3,3,1,12,0.85,7,0,3,1,1,0,Matches
Leonardo Bonucci,it ITA,DF,Union Berlin,36-240,1987,5.1,4,0.78,4,0,0,0,0,0,0,0.00,0,0,0,0,0,0,Matches
Yvandro Borges Sanches,lu LUX,"MF,FW",M'Gladbach,19-217,2004,0.2,1,5.00,0,0,0,0,1,0,1,5.00,0,0,0,0,1,0,Matches
Sebastiaan Bornauw,be BEL,DF,Wolfsburg,24-280,1999,5.4,0,0.00,0,0,0,0,0,0,0,0.00,0,0,0,0,0,0,Matches
Rafael Borré,co COL,FW,Werder Bremen,28-103,1995,9.2,19,2.06,17,0,0,1,1,0,2,0.22,1,0,0,0,1,0,Matches
Julian Brandt,de GER,"MF,FW",Dortmund,27-239,1996,13.5,77,5.71,42,27,5,2,0,1,8,0.59,5,2,1,0,0,0,Matches
Tim Breithaupt,de GER,MF,Augsburg,21-323,2002,2.9,3,1.05,3,0,0,0,0,0,1,0.35,1,0,0,0,0,0,Matches
Maximilian Breunig,de GER,FW,Freiburg,23-135,2000,0.1,0,0.00,0,0,0,0,0,0,0,0.00,0,0,0,0,0,0,Matches
John Brooks,us USA,DF,Hoffenheim,30-333,1993,12.0,6,0.50,6,0,0,0,0,0,0,0.00,0,0,0,0,0,0,Matches
Moritz Broschinski,de GER,"FW,MF",Bochum,23-095,2000,3.4,2,0.59,2,0,0,0,0,0,1,0.30,1,0,0,0,0,0,Matches
Alexander Brunst,de GER,GK,Darmstadt 98,28-173,1995,1.0,1,1.00,0,1,0,0,0,0,0,0.00,0,0,0,0,0,0,Matches
Marius Bülter,de GER,"DF,FW",Hoffenheim,30-273,1993,8.7,29,3.33,23,0,1,3,2,0,4,0.46,4,0,0,0,0,0,Matches
Jonathan Burkardt,de GER,"MF,FW",Mainz 05,23-169,2000,2.1,3,1.45,0,0,0,2,1,0,0,0.00,0,0,0,0,0,0,Matches
Oliver Burke,sct SCO,FW,Werder Bremen,26-264,1997,0.4,0,0.00,0,0,0,0,0,0,0,0.00,0,0,0,0,0,0,Matches
Marnon Busch,de GER,DF,Heidenheim,29-019,1994,3.2,7,2.21,7,0,0,0,0,0,0,0.00,0,0,0,0,0,0,Matches
Aurélio Buta,pt POR,"DF,MF",Eint Frankfurt,26-320,1997,10.5,22,2.10,19,0,1,2,0,0,3,0.29,2,0,0,1,0,0,Matches
Jamie Bynoe-Gittens,eng ENG,"FW,DF",Dortmund,19-141,2004,4.4,20,4.53,15,0,4,0,1,0,2,0.45,2,0,0,0,0,0,Matches
Anthony Caci,fr FRA,DF,Mainz 05,26-179,1997,12.8,17,1.33,12,2,1,1,1,0,1,0.08,1,0,0,0,0,0,Matches
Emre Can,de GER,MF,Dortmund,29-349,1994,10.6,26,2.45,22,1,0,1,1,1,3,0.28,3,0,0,0,0,0,Matches
Irvin Cardona,fr FRA,"MF,DF",Augsburg,26-141,1997,0.6,1,1.67,1,0,0,0,0,0,0,0.00,0,0,0,0,0,0,Matches
Rasmus Carstensen,dk DEN,"DF,FW",Köln,23-077,2000,11.7,26,2.21,20,2,3,1,0,0,2,0.17,1,0,1,0,0,0,Matches
Fabio Carvalho,pt POR,MF,RB Leipzig,21-119,2002,1.8,4,2.18,3,0,0,1,0,0,0,0.00,0,0,0,0,0,0,Matches
Koen Casteels,be BEL,GK,Wolfsburg,31-185,1992,13.0,2,0.15,2,0,0,0,0,0,1,0.08,1,0,0,0,0,0,Matches
Václav Černý,cz CZE,"FW,MF",Wolfsburg,26-071,1997,6.1,21,3.46,19,1,1,0,0,0,2,0.33,2,0,0,0,0,0,Matches
Julian Chabot,de GER,DF,Köln,25-318,1998,13.4,12,0.89,9,0,0,2,1,0,1,0.07,0,0,0,1,0,0,Matches
Fares Chaïbi,dz ALG,"MF,FW",Eint Frankfurt,21-029,2002,10.4,35,3.35,20,10,0,4,1,0,7,0.67,5,0,0,2,0,0,Matches
Fabio Chiarodia,it ITA,"DF,MF",M'Gladbach,18-205,2005,0.7,0,0.00,0,0,0,0,0,0,0,0.00,0,0,0,0,0,0,Matches
Kingsley Coman,fr FRA,FW,Bayern Munich,27-197,1996,9.3,51,5.50,41,0,6,2,2,0,7,0.75,6,0,0,1,0,0,Matches
Bambasé Conté,de GER,"FW,MF",Hoffenheim,20-173,2003,0.0,0,0.00,0,0,0,0,0,0,0,0.00,0,0,0,0,0,0,Matches
Danny da Costa,de GER,DF,Mainz 05,30-167,1993,8.1,15,1.85,12,2,1,0,0,0,1,0.12,1,0,0,0,0,0,Matches
Nicolas Cozza,fr FRA,DF,Wolfsburg,24-353,1999,2.4,4,1.69,3,0,1,0,0,0,0,0.00,0,0,0,0,0,0,Matches
Tomáš Čvančara,cz CZE,FW,M'Gladbach,23-136,2000,7.1,13,1.83,7,0,1,5,0,0,2,0.28,1,0,0,1,0,0,Matches
Finn Dahmen,de GER,GK,Augsburg,25-275,1998,16.0,4,0.25,1,3,0,0,0,0,0,0.00,0,0,0,0,0,0,Matches
Lukas Daschner,de GER,"MF,FW",Bochum,25-087,1998,3.4,12,3.56,8,1,1,0,2,0,2,0.59,2,0,0,0,0,0,Matches
David Datro Fofana,ci CIV,"FW,MF",Union Berlin,21-005,2002,7.6,28,3.70,14,1,6,7,0,0,2,0.26,2,0,0,0,0,0,Matches
Alphonso Davies,ca CAN,DF,Bayern Munich,23-055,2000,12.1,44,3.65,37,1,2,1,2,1,8,0.66,5,1,1,0,1,0,Matches
Olivier Deman,be BEL,DF,Werder Bremen,23-265,2000,9.2,20,2.18,16,1,2,0,1,0,1,0.11,1,0,0,0,0,0,Matches
Ermedin Demirović,ba BIH,"MF,FW",Augsburg,25-277,1998,15.4,33,2.15,22,0,3,4,4,0,6,0.39,5,0,1,0,0,0,Matches
Sepp van den Berg,nl NED,DF,Mainz 05,22-007,2001,13.5,8,0.59,7,1,0,0,0,0,0,0.00,0,0,0,0,0,0,Matches
Florian Dietz,de GER,FW,Köln,25-146,1998,0.5,1,2.05,1,0,0,0,0,0,0,0.00,0,0,0,0,0,0,Matches
Junior Dina Ebimbe,fr FRA,"MF,DF",Eint Frankfurt,23-036,2000,10.6,24,2.26,18,0,3,3,0,0,1,0.09,1,0,0,0,0,0,Matches
Eren Dinkçi,de GER,"FW,MF",Heidenheim,22-014,2001,13.4,41,3.07,28,3,3,2,5,0,4,0.30,3,0,1,0,0,0,Matches
Ritsu Doan,jp JPN,"MF,FW",Freiburg,25-194,1998,11.8,35,2.97,19,7,4,1,4,0,2,0.17,1,0,0,0,1,0,Matches
Danilho Doekhi,nl NED,DF,Union Berlin,25-180,1998,8.0,8,1.00,8,0,0,0,0,0,0,0.00,0,0,0,0,0,0,Matches
Niklas Dorsch,de GER,MF,Augsburg,25-346,1998,11.7,13,1.11,9,0,1,2,1,0,1,0.09,1,0,0,0,0,0,Matches
Nikola Dovedan,at AUT,"MF,FW",Heidenheim,29-174,1994,2.7,9,3.40,6,0,0,2,1,0,0,0.00,0,0,0,0,0,0,Matches
Damion Downs,de GER,"FW,MF",Köln,19-174,2004,0.3,1,3.75,1,0,0,0,0,0,0,0.00,0,0,0,0,0,0,Matches
Dion Drena Beljo,hr CRO,"FW,MF",Augsburg,21-301,2002,4.3,13,2.99,7,0,2,1,3,0,2,0.46,1,0,0,1,0,0,Matches
Marvin Ducksch,de GER,FW,Werder Bremen,29-295,1994,14.1,46,3.26,24,15,3,2,1,1,7,0.50,4,1,0,1,1,0,Matches
Maximilian Eggestein,de GER,MF,Freiburg,27-019,1996,15.5,31,2.01,25,0,2,4,0,0,0,0.00,0,0,0,0,0,0,Matches
Lilian Egloff,de GER,"MF,DF",Stuttgart,21-129,2002,1.2,0,0.00,0,0,0,0,0,0,0,0.00,0,0,0,0,0,0,Matches
Nico Elvedi,ch SUI,DF,M'Gladbach,27-088,1996,11.9,11,0.93,10,0,0,1,0,0,1,0.08,1,0,0,0,0,0,Matches
Arne Engels,be BEL,"MF,DF",Augsburg,20-110,2003,7.6,27,3.54,18,6,0,1,2,0,5,0.66,3,0,0,0,2,0,Matches
Ohis Felix Uduokhai,de GER,DF,Augsburg,26-109,1997,14.5,4,0.28,4,0,0,0,0,0,0,0.00,0,0,0,0,0,0,Matches
Edimilson Fernandes,ch SUI,DF,Mainz 05,27-256,1996,9.7,26,2.67,12,11,0,2,0,1,2,0.21,1,1,0,0,0,0,Matches
Nacho Ferri,es ESP,"FW,MF",Eint Frankfurt,19-083,2004,0.6,2,3.40,1,0,0,1,0,0,1,1.70,1,0,0,0,0,0,Matches
Max Finkgräfe,de GER,"DF,MF",Köln,19-275,2004,3.1,8,2.60,5,1,1,0,0,1,0,0.00,0,0,0,0,0,0,Matches
Jonas Föhrenbach,de GER,DF,Heidenheim,27-335,1996,14.1,23,1.63,20,0,1,1,1,0,2,0.14,2,0,0,0,0,0,Matches
Emil Forsberg,se SWE,"MF,FW",RB Leipzig,32-065,1991,5.2,16,3.10,11,2,0,3,0,0,4,0.78,3,0,0,1,0,0,Matches
Philipp Förster,de GER,"MF,FW",Bochum,28-326,1995,2.4,11,4.67,4,6,0,0,0,1,0,0.00,0,0,0,0,0,0,Matches
Bartol Franjić,hr CRO,MF,Darmstadt 98,23-347,2000,6.0,7,1.17,7,0,0,0,0,0,2,0.33,2,0,0,0,0,0,Matches
Marco Friedl,at AUT,DF,Werder Bremen,25-286,1998,11.4,2,0.18,2,0,0,0,0,0,0,0.00,0,0,0,0,0,0,Matches
Marvin Friedrich,de GER,DF,M'Gladbach,28-014,1995,5.4,5,0.92,4,0,1,0,0,0,0,0.00,0,0,0,0,0,0,Matches
Jeremie Frimpong,nl NED,DF,Leverkusen,23-017,2000,14.6,45,3.08,32,0,10,2,1,0,6,0.41,5,0,1,0,0,0,Matches
Chris Führich,de GER,"FW,MF",Stuttgart,25-352,1998,13.9,75,5.40,48,9,8,8,1,1,12,0.86,9,1,2,0,0,0,Matches
Niclas Füllkrug,de GER,FW,Werder Bremen,30-321,1993,2.0,7,3.50,6,0,0,1,0,0,0,0.00,0,0,0,0,0,0,Matches
Niclas Füllkrug,de GER,FW,Dortmund,30-321,1993,11.2,25,2.23,23,0,0,2,0,0,6,0.54,5,0,0,1,0,0,Matches
Cristian Gamboa,cr CRC,DF,Bochum,34-064,1989,10.5,15,1.43,11,2,0,2,0,0,2,0.19,1,1,0,0,0,0,Matches
Yannick Gerhardt,de GER,"MF,FW",Wolfsburg,29-289,1994,7.7,14,1.81,12,0,0,1,1,0,0,0.00,0,0,0,0,0,0,Matches
Anwar El Ghazi,nl NED,"MF,DF",Mainz 05,28-238,1995,0.6,4,6.67,2,0,2,0,0,0,1,1.67,1,0,0,0,0,0,Matches
Benedikt Gimber,de GER,DF,Heidenheim,26-311,1997,6.7,3,0.45,3,0,0,0,0,0,1,0.15,1,0,0,0,0,0,Matches
Matthias Ginter,de GER,DF,Freiburg,29-342,1994,14.3,22,1.54,17,1,0,1,2,1,3,0.21,2,0,0,0,0,1,Matches
Klaus Gjasula,al ALB,"DF,MF",Darmstadt 98,34-013,1989,7.0,8,1.14,7,0,0,0,0,1,0,0.00,0,0,0,0,0,0,Matches
Serge Gnabry,de GER,"FW,MF",Bayern Munich,28-166,1995,2.5,11,4.38,7,0,0,4,0,0,0,0.00,0,0,0,0,0,0,Matches
Leon Goretzka,de GER,MF,Bayern Munich,28-324,1995,9.2,22,2.39,19,1,0,0,1,1,2,0.22,2,0,0,0,0,0,Matches
Robin Gosens,de GER,"DF,MF",Union Berlin,29-175,1994,10.6,27,2.55,21,1,1,1,0,3,4,0.38,2,0,1,0,0,1,Matches
Mario Götze,de GER,"MF,FW",Eint Frankfurt,31-207,1992,8.7,29,3.34,22,6,0,0,1,0,3,0.35,3,0,0,0,0,0,Matches
Jeffrey Gouweleeuw,nl NED,DF,Augsburg,32-170,1991,12.0,15,1.25,14,0,0,1,0,0,1,0.08,1,0,0,0,0,0,Matches
Jens Grahl,de GER,GK,Eint Frankfurt,35-096,1988,1.0,1,1.00,1,0,0,0,0,0,1,1.00,1,0,0,0,0,0,Matches
Ryan Gravenberch,nl NED,FW,Bayern Munich,21-225,2002,0.1,3,27.00,2,0,1,0,0,0,0,0.00,0,0,0,0,0,0,Matches
Michael Gregoritsch,at AUT,FW,Freiburg,29-253,1994,6.4,20,3.11,13,0,1,3,2,1,2,0.31,1,0,0,1,0,0,Matches
Vincenzo Grifo,it ITA,"MF,FW",Freiburg,30-264,1993,12.2,48,3.94,29,14,2,2,1,0,7,0.57,2,3,0,1,1,0,Matches
Florian Grillitsch,at AUT,MF,Hoffenheim,28-142,1995,8.6,21,2.45,14,0,1,4,0,2,3,0.35,2,0,0,1,0,0,Matches
Álex Grimaldo,es ESP,DF,Leverkusen,28-098,1995,15.9,47,2.95,29,10,3,3,2,0,12,0.75,5,2,1,2,2,0,Matches
Christian Groß,de GER,"MF,DF",Werder Bremen,34-322,1989,5.1,3,0.59,3,0,0,0,0,0,1,0.20,1,0,0,0,0,0,Matches
Brajan Gruda,de GER,"MF,FW",Mainz 05,19-210,2004,8.9,54,6.07,32,8,4,4,6,0,1,0.11,1,0,0,0,0,0,Matches
Ilia Gruev,bg BUL,MF,Werder Bremen,23-235,2000,0.0,0,0.00,0,0,0,0,0,0,0,0.00,0,0,0,0,0,0,Matches
Raphaël Guerreiro,pt POR,"MF,DF",Bayern Munich,30-005,1993,3.3,4,1.20,3,0,0,1,0,0,0,0.00,0,0,0,0,0,0,Matches
Josuha Guilavogui,fr FRA,DF,Mainz 05,33-099,1990,0.3,0,0.00,0,0,0,0,0,0,0,0.00,0,0,0,0,0,0,Matches
Serhou Guirassy,gn GUI,FW,Stuttgart,27-290,1996,11.7,43,3.67,33,0,5,1,4,0,8,0.68,2,0,4,0,2,0,Matches
Manuel Gulde,de GER,DF,Freiburg,32-318,1991,8.0,7,0.88,6,1,0,0,0,0,0,0.00,0,0,0,0,0,0,Matches
Robert Gumny,pl POL,DF,Augsburg,25-206,1998,5.1,11,2.15,6,2,1,2,0,0,3,0.59,3,0,0,0,0,0,Matches
Christian Günter,de GER,DF,Freiburg,30-302,1993,1.0,5,5.06,4,1,0,0,0,0,0,0.00,0,0,0,0,0,0,Matches
Janik Haberer,de GER,MF,Union Berlin,29-269,1994,8.6,17,1.98,16,0,0,0,1,0,1,0.12,1,0,0,0,0,0,Matches
Robin Hack,de GER,"MF,FW",M'Gladbach,25-122,1998,3.7,12,3.22,8,1,2,1,0,0,2,0.54,2,0,0,0,0,0,Matches
Amadou Haidara,ml MLI,MF,RB Leipzig,25-330,1998,7.1,24,3.39,22,0,0,0,1,1,2,0.28,1,0,0,0,1,0,Matches
Sébastien Haller,ci CIV,FW,Dortmund,29-188,1994,4.0,10,2.53,9,0,0,1,0,0,0,0.00,0,0,0,0,0,0,Matches
Andreas Hanche-Olsen,no NOR,DF,Mainz 05,26-344,1997,0.7,0,0.00,0,0,0,0,0,0,0,0.00,0,0,0,0,0,0,Matches
Genki Haraguchi,jp JPN,MF,Stuttgart,32-232,1991,0.2,0,0.00,0,0,0,0,0,0,0,0.00,0,0,0,0,0,0,Matches
Makoto Hasebe,jp JPN,"DF,MF",Eint Frankfurt,39-343,1984,0.4,1,2.43,0,1,0,0,0,0,0,0.00,0,0,0,0,0,0,Matches
Thorgan Hazard,be BEL,DF,Dortmund,30-273,1993,0.1,0,0.00,0,0,0,0,0,0,0,0.00,0,0,0,0,0,0,Matches
Dominique Heintz,de GER,DF,Köln,30-134,1993,4.6,8,1.76,7,0,1,0,0,0,0,0.00,0,0,0,0,0,0,Matches
Benjamin Henrichs,de GER,DF,RB Leipzig,26-307,1997,13.9,51,3.67,40,3,3,3,1,1,5,0.36,4,0,0,0,1,0,Matches
Patrick Herrmann,de GER,"DF,FW",M'Gladbach,32-318,1991,0.5,2,4.09,2,0,0,0,0,0,1,2.05,1,0,0,0,0,0,Matches
Piero Hincapié,ec ECU,DF,Leverkusen,21-352,2002,3.3,3,0.92,2,0,0,1,0,0,1,0.31,1,0,0,0,0,0,Matches
Adam Hložek,cz CZE,"FW,MF",Leverkusen,21-155,2002,1.0,7,6.70,5,0,0,2,0,0,0,0.00,0,0,0,0,0,0,Matches
Nicolas Höfler,de GER,MF,Freiburg,33-293,1990,11.9,19,1.60,16,0,0,2,0,1,1,0.08,1,0,0,0,0,0,Matches
Jonas Hofmann,de GER,MF,Leverkusen,31-166,1992,14.1,79,5.60,57,16,1,3,1,1,11,0.78,5,4,0,1,1,0,Matches
Philipp Hofmann,de GER,FW,Bochum,30-272,1993,8.7,21,2.43,17,0,1,2,1,0,3,0.35,2,0,0,1,0,0,Matches
Lucas Höler,de GER,"FW,MF",Freiburg,29-170,1994,13.0,35,2.69,28,0,0,4,1,2,3,0.23,3,0,0,0,0,0,Matches
Fabian Holland,de GER,"MF,DF",Darmstadt 98,33-169,1990,11.0,27,2.45,24,2,1,0,0,0,4,0.36,3,1,0,0,0,0,Matches
Benedict Hollerbach,de GER,"FW,MF",Union Berlin,22-224,2001,3.9,14,3.63,10,0,2,1,1,0,1,0.26,0,0,1,0,0,0,Matches
Franck Honorat,fr FRA,"DF,FW",M'Gladbach,27-138,1996,13.9,65,4.68,40,24,0,0,1,0,8,0.58,5,3,0,0,0,0,Matches
Mathias Honsak,at AUT,"MF,FW",Darmstadt 98,27-007,1996,6.6,10,1.51,8,0,0,2,0,0,1,0.15,0,0,0,1,0,0,Matches
Fraser Hornby,sct SCO,"FW,MF",Darmstadt 98,24-105,1999,2.4,8,3.30,6,0,1,1,0,0,0,0.00,0,0,0,0,0,0,Matches
Lukáš Hrádecký,fi FIN,GK,Leverkusen,34-033,1989,16.0,1,0.06,1,0,0,0,0,0,1,0.06,1,0,0,0,0,0,Matches
Timo Hübers,de GER,DF,Köln,27-160,1996,15.9,11,0.69,9,0,0,2,0,0,0,0.00,0,0,0,0,0,0,Matches
Mats Hummels,de GER,DF,Dortmund,35-011,1988,11.0,14,1.27,12,0,0,1,0,1,2,0.18,1,0,0,1,0,0,Matches
Denis Huseinbasic,de GER,MF,Köln,22-177,2001,5.1,6,1.18,6,0,0,0,0,0,1,0.20,1,0,0,0,0,0,Matches
Iago,br BRA,"DF,FW",Augsburg,26-279,1997,5.7,16,2.80,13,1,1,0,0,1,2,0.35,2,0,0,0,0,0,Matches
Thomas Isherwood,se SWE,DF,Darmstadt 98,25-333,1998,3.6,1,0.28,1,0,0,0,0,0,0,0.00,0,0,0,0,0,0,Matches
Ko Itakura,jp JPN,DF,M'Gladbach,26-334,1997,6.8,3,0.44,3,0,0,0,0,0,1,0.15,1,0,0,0,0,0,Matches
Hiroki Ito,jp JPN,DF,Stuttgart,24-229,1999,10.9,28,2.57,25,0,1,2,0,0,6,0.55,6,0,0,0,0,0,Matches
Lee Jae-sung,kr KOR,MF,Mainz 05,31-139,1992,12.4,29,2.33,25,0,1,0,2,1,1,0.08,1,0,0,0,0,0,Matches
Paul Jaeckel,de GER,DF,Union Berlin,25-158,1998,2.4,1,0.41,1,0,0,0,0,0,0,0.00,0,0,0,0,0,0,Matches
Kristijan Jakić,hr CRO,MF,Eint Frankfurt,26-227,1997,2.0,2,0.99,2,0,0,0,0,0,0,0.00,0,0,0,0,0,0,Matches
Tony Jantschke,de GER,"DF,MF",M'Gladbach,33-264,1990,0.2,0,0.00,0,0,0,0,0,0,0,0.00,0,0,0,0,0,0,Matches
Fredrik Jensen,fi FIN,"FW,MF",Augsburg,26-109,1997,7.5,28,3.73,15,10,0,2,0,1,5,0.67,2,2,0,1,0,0,Matches
Moritz Jenz,de GER,DF,Wolfsburg,24-241,1999,8.5,8,0.95,8,0,0,0,0,0,1,0.12,1,0,0,0,0,0,Matches
Anthony Jung,de GER,"DF,FW",Werder Bremen,32-054,1991,13.4,14,1.05,13,0,0,0,1,0,1,0.07,1,0,0,0,0,0,Matches
Josip Juranović,hr CRO,DF,Union Berlin,28-133,1995,6.6,29,4.36,5,21,1,1,1,0,4,0.60,0,3,0,0,1,0,Matches
Julian Justvan,de GER,"FW,MF",Hoffenheim,25-269,1998,0.5,0,0.00,0,0,0,0,0,0,0,0.00,0,0,0,0,0,0,Matches
Ozan Kabak,tr TUR,DF,Hoffenheim,23-277,2000,10.7,7,0.66,4,0,0,2,1,0,1,0.09,1,0,0,0,0,0,Matches
Pavel Kadeřábek,cz CZE,"DF,FW",Hoffenheim,31-246,1992,11.0,26,2.37,23,1,0,2,0,0,2,0.18,2,0,0,0,0,0,Matches
Florian Kainz,at AUT,"MF,FW",Köln,31-064,1992,12.3,45,3.66,29,12,2,1,1,0,1,0.08,1,0,0,0,0,0,Matches
Jakub Kamiński,pl POL,"FW,MF",Wolfsburg,21-205,2002,1.8,3,1.65,3,0,0,0,0,0,0,0.00,0,0,0,0,0,0,Matches
Kevin Kampl,si SVN,MF,RB Leipzig,33-079,1990,9.5,23,2.42,21,0,1,0,0,1,3,0.32,3,0,0,0,0,0,Matches
Harry Kane,eng ENG,FW,Bayern Munich,30-152,1993,14.6,44,3.00,30,1,3,3,7,0,6,0.41,5,1,0,0,0,0,Matches
Atakan Karazor,de GER,MF,Stuttgart,27-075,1996,15.2,30,1.98,26,0,0,1,0,3,3,0.20,3,0,0,0,0,0,Matches
Emir Karic,at AUT,DF,Darmstadt 98,26-201,1997,7.3,20,2.74,18,1,0,0,0,1,1,0.14,1,0,0,0,0,0,Matches
Silas Katompa,cd COD,"FW,MF",Stuttgart,25-082,1998,8.1,30,3.71,18,0,7,2,3,0,4,0.50,1,0,1,1,1,0,Matches
Mikkel Kaufmann,dk DEN,"FW,DF",Union Berlin,22-358,2001,1.1,4,3.56,2,0,1,1,0,0,1,0.89,0,0,1,0,0,0,Matches
Naby Keïta,gn GUI,MF,Werder Bremen,28-320,1995,0.9,2,2.22,2,0,0,0,0,0,1,1.11,1,0,0,0,0,0,Matches
Yannik Keitel,de GER,MF,Freiburg,23-315,2000,1.4,2,1.43,2,0,0,0,0,0,1,0.71,1,0,0,0,0,0,Matches
Thomas Keller,de GER,"MF,FW",Heidenheim,24-144,1999,0.0,0,0.00,0,0,0,0,0,0,0,0.00,0,0,0,0,0,0,Matches
Aljoscha Kemlein,de GER,MF,Union Berlin,19-147,2004,0.3,1,3.10,0,0,1,0,0,0,0,0.00,0,0,0,0,0,0,Matches
Tobias Kempe,de GER,MF,Darmstadt 98,34-183,1989,8.2,42,5.12,21,16,0,2,2,1,6,0.73,3,1,0,0,2,0,Matches
Rani Khedira,de GER,MF,Union Berlin,29-334,1994,4.0,1,0.25,1,0,0,0,0,0,0,0.00,0,0,0,0,0,0,Matches
Luca Kilian,de GER,DF,Köln,24-117,1999,3.1,1,0.33,1,0,0,0,0,0,0,0.00,0,0,0,0,0,0,Matches
Joshua Kimmich,de GER,MF,Bayern Munich,28-322,1995,9.5,55,5.78,28,24,0,2,0,1,5,0.53,2,2,0,1,0,0,Matches
Christoph Klarer,at AUT,DF,Darmstadt 98,23-196,2000,13.0,13,1.00,11,0,0,2,0,0,2,0.15,2,0,0,0,0,0,Matches
Tim Kleindienst,de GER,FW,Heidenheim,28-118,1995,15.5,35,2.26,25,0,2,6,1,1,7,0.45,4,0,1,1,1,0,Matches
Lukas Klostermann,de GER,DF,RB Leipzig,27-207,1996,8.7,11,1.27,11,0,0,0,0,0,0,0.00,0,0,0,0,0,0,Matches
Ansgar Knauff,de GER,"MF,FW",Eint Frankfurt,21-351,2002,8.9,21,2.37,16,0,3,1,0,1,3,0.34,2,0,0,0,0,1,Matches
Robin Knoche,de GER,DF,Union Berlin,31-219,1992,11.6,6,0.52,4,0,0,2,0,0,0,0.00,0,0,0,0,0,0,Matches
Gregor Kobel,ch SUI,GK,Dortmund,26-021,1997,15.3,2,0.13,2,0,0,0,0,0,0,0.00,0,0,0,0,0,0,Matches
Robin Koch,de GER,DF,Eint Frankfurt,27-163,1996,13.7,5,0.36,5,0,0,0,0,0,0,0.00,0,0,0,0,0,0,Matches
Dominik Kohr,de GER,"MF,DF",Mainz 05,29-330,1994,11.4,16,1.40,12,0,1,3,0,0,0,0.00,0,0,0,0,0,0,Matches
Randal Kolo Muani,fr FRA,FW,Eint Frankfurt,25-022,1998,1.7,1,0.59,0,0,0,1,0,0,0,0.00,0,0,0,0,0,0,Matches
Kouadio Koné,fr FRA,MF,M'Gladbach,22-224,2001,6.8,17,2.51,10,0,5,1,1,0,0,0.00,0,0,0,0,0,0,Matches
Odilon Kossonou,ci CIV,DF,Leverkusen,22-357,2001,13.4,20,1.49,18,0,2,0,0,0,3,0.22,3,0,0,0,0,0,Matches
Dawid Kownacki,pl POL,FW,Werder Bremen,26-288,1997,2.4,6,2.50,5,0,1,0,0,0,1,0.42,1,0,0,0,0,0,Matches
Alex Král,cz CZE,MF,Union Berlin,25-222,1998,8.5,8,0.94,5,0,0,1,1,1,0,0.00,0,0,0,0,0,0,Matches
Andrej Kramarić,hr CRO,"MF,FW",Hoffenheim,32-191,1991,10.3,57,5.56,31,19,3,1,2,1,6,0.59,4,0,1,0,1,0,Matches
Christoph Kramer,de GER,MF,M'Gladbach,32-311,1991,2.0,4,1.97,4,0,0,0,0,0,0,0.00,0,0,0,0,0,0,Matches
Frans Krätzig,de GER,DF,Bayern Munich,20-347,2003,0.6,2,3.16,1,0,0,1,0,0,0,0.00,0,0,0,0,0,0,Matches
Tom Krauß,de GER,MF,Mainz 05,22-188,2001,8.9,9,1.02,7,0,0,0,2,0,0,0.00,0,0,0,0,0,0,Matches
Lukas Kübler,de GER,DF,Freiburg,31-119,1992,9.5,8,0.84,5,2,0,0,1,0,0,0.00,0,0,0,0,0,0,Matches
Moritz-Broni Kwarteng,gh GHA,"FW,MF",Bochum,25-243,1998,1.8,12,6.59,6,0,3,2,1,0,1,0.55,1,0,0,0,0,0,Matches
Maxence Lacroix,fr FRA,DF,Wolfsburg,23-265,2000,13.2,14,1.06,13,0,0,0,1,0,1,0.08,1,0,0,0,0,0,Matches
Aïssa Laïdouni,tn TUN,MF,Union Berlin,27-014,1996,8.0,20,2.49,18,1,0,0,1,0,4,0.50,4,0,0,0,0,0,Matches
Konrad Laimer,at AUT,"DF,MF",Bayern Munich,26-214,1997,11.3,33,2.92,26,3,1,2,1,0,5,0.44,4,0,0,1,0,0,Matches
Hugo Larsson,se SWE,MF,Eint Frankfurt,19-183,2004,12.8,17,1.33,16,0,0,1,0,0,5,0.39,4,0,0,1,0,0,Matches
Diogo Leite,pt POR,DF,Union Berlin,24-338,1999,14.6,15,1.03,12,0,0,1,1,1,1,0.07,1,0,0,0,0,0,Matches
Maxim Leitsch,de GER,DF,Mainz 05,25-223,1998,4.1,1,0.25,1,0,0,0,0,0,1,0.25,1,0,0,0,0,0,Matches
Christopher Lenz,de GER,"DF,MF",RB Leipzig,29-096,1994,0.4,2,5.00,2,0,0,0,0,0,0,0.00,0,0,0,0,0,0,Matches
Christopher Lenz,de GER,DF,Eint Frankfurt,29-096,1994,0.1,1,8.18,1,0,0,0,0,0,1,8.18,1,0,0,0,0,0,Matches
Jamie Leweling,de GER,"MF,FW",Stuttgart,22-304,2001,6.1,25,4.12,17,1,3,4,0,0,2,0.33,2,0,0,0,0,0,Matches
Philipp Lienhart,at AUT,DF,Freiburg,27-169,1996,13.7,13,0.95,12,0,0,1,0,0,1,0.07,1,0,0,0,0,0,Matches
Matthijs de Ligt,nl NED,DF,Bayern Munich,24-137,1999,3.1,1,0.32,0,0,0,1,0,0,0,0.00,0,0,0,0,0,0,Matches
Jesper Lindstrøm,dk DEN,FW,Eint Frankfurt,23-301,2000,0.9,2,2.17,2,0,0,0,0,0,1,1.08,1,0,0,0,0,0,Matches
Dejan Ljubicic,at AUT,"MF,FW",Köln,26-080,1997,12.3,29,2.35,23,0,1,4,1,0,0,0.00,0,0,0,0,0,0,Matches
Noah Loosli,ch SUI,"DF,MF",Bochum,26-338,1997,1.8,1,0.54,1,0,0,0,0,0,0,0.00,0,0,0,0,0,0,Matches
Anthony Losilla,fr FRA,MF,Bochum,37-292,1986,13.5,18,1.33,15,0,0,1,2,0,0,0.00,0,0,0,0,0,0,Matches
Castello Lukeba,fr FRA,DF,RB Leipzig,21-010,2002,11.0,9,0.82,9,0,0,0,0,0,0,0.00,0,0,0,0,0,0,Matches
Senne Lynen,be BEL,MF,Werder Bremen,24-311,1999,4.9,7,1.42,6,0,0,0,0,1,1,0.20,1,0,0,0,0,0,Matches
Matej Maglica,hr CRO,DF,Darmstadt 98,25-093,1998,8.2,12,1.45,11,1,0,0,0,0,0,0.00,0,0,0,0,0,0,Matches
Arne Maier,de GER,"DF,MF",Augsburg,24-353,1999,0.7,5,6.82,3,2,0,0,0,0,0,0.00,0,0,0,0,0,0,Matches
Linton Maina,de GER,"FW,MF",Köln,24-187,1999,11.0,27,2.45,20,1,1,1,3,1,1,0.09,1,0,0,0,0,0,Matches
Patrick Mainka,de GER,DF,Heidenheim,29-051,1994,16.0,13,0.81,7,0,0,5,0,1,1,0.06,1,0,0,0,0,0,Matches
Lovro Majer,hr CRO,"MF,FW",Wolfsburg,25-344,1998,12.5,40,3.21,32,2,0,3,3,0,4,0.32,3,0,0,1,0,0,Matches
Jordy Makengo,fr FRA,DF,Freiburg,22-146,2001,3.4,3,0.88,2,1,0,0,0,0,0,0.00,0,0,0,0,0,0,Matches
Donyell Malen,nl NED,"FW,MF",Dortmund,24-352,1999,10.6,37,3.49,21,0,4,10,1,1,6,0.57,3,0,1,1,0,1,Matches
Lennard Maloney,us USA,MF,Heidenheim,24-080,1999,14.8,13,0.88,9,0,0,3,0,1,1,0.07,1,0,0,0,0,0,Matches
David Mamutovic,de GER,DF,Mainz 05,23-022,2000,0.1,0,0.00,0,0,0,0,0,0,0,0.00,0,0,0,0,0,0,Matches
Braydon Manu,gh GHA,MF,Darmstadt 98,26-274,1997,0.9,2,2.22,1,0,1,0,0,0,0,0.00,0,0,0,0,0,0,Matches
Omar Marmoush,eg EGY,"FW,MF",Eint Frankfurt,24-323,1999,12.0,32,2.66,17,5,4,2,4,0,5,0.42,1,1,1,1,1,0,Matches
Eric Martel,de GER,MF,Köln,21-242,2002,12.4,21,1.70,17,0,0,2,2,0,2,0.16,1,0,0,0,1,0,Matches
Erhan Mašović,rs SRB,DF,Bochum,25-035,1998,12.4,11,0.89,7,0,0,3,1,0,1,0.08,1,0,0,0,0,0,Matches
Roberto Massimo,de GER,"DF,FW",Stuttgart,23-076,2000,0.7,0,0.00,0,0,0,0,0,0,0,0.00,0,0,0,0,0,0,Matches
Philipp Max,de GER,"DF,MF",Eint Frankfurt,30-088,1993,9.3,19,2.04,13,3,1,2,0,0,2,0.21,1,0,0,1,0,0,Matches
Eric Maxim Choupo-Moting,cm CMR,"MF,FW",Bayern Munich,34-279,1989,3.7,17,4.64,11,0,2,4,0,0,3,0.82,1,0,0,2,0,0,Matches
Noussair Mazraoui,ma MAR,DF,Bayern Munich,26-043,1997,9.1,28,3.08,23,0,2,1,0,2,7,0.77,7,0,0,0,0,0,Matches
Kevin Mbabu,ch SUI,DF,Augsburg,28-252,1995,7.9,20,2.52,14,4,1,0,1,0,2,0.25,1,1,0,0,0,0,Matches
Noah Mbamba,be BEL,MF,Leverkusen,18-356,2005,0.2,1,6.00,1,0,0,0,0,0,1,6.00,1,0,0,0,0,0,Matches
Nathanael Mbuku,fr FRA,FW,Augsburg,21-286,2002,0.1,0,0.00,0,0,0,0,0,0,0,0.00,0,0,0,0,0,0,Matches
Marvin Mehlem,de GER,MF,Darmstadt 98,26-107,1997,10.8,37,3.44,27,1,0,2,6,1,4,0.37,4,0,0,0,0,0,Matches
Thomas Meunier,be BEL,DF,Dortmund,32-106,1991,2.9,7,2.44,5,1,0,1,0,0,0,0.00,0,0,0,0,0,0,Matches
Alexander Meyer,de GER,GK,Dortmund,32-258,1991,0.7,0,0.00,0,0,0,0,0,0,0,0.00,0,0,0,0,0,0,Matches
Sven Michel,de GER,"FW,MF",Augsburg,33-165,1990,4.8,8,1.66,7,0,1,0,0,0,2,0.41,2,0,0,0,0,0,Matches
Enzo Millot,fr FRA,"MF,FW",Stuttgart,21-163,2002,11.4,44,3.85,35,1,4,0,3,1,5,0.44,4,0,1,0,0,0,Matches
Jovan Milošević,rs SRB,FW,Stuttgart,18-149,2005,0.3,0,0.00,0,0,0,0,0,0,0,0.00,0,0,0,0,0,0,Matches
Kim Min-jae,kr KOR,DF,Bayern Munich,27-042,1996,14.6,15,1.03,14,1,0,0,0,0,2,0.14,2,0,0,0,0,0,Matches
Maximilian Mittelstädt,de GER,DF,Stuttgart,26-284,1997,7.8,16,2.04,15,0,0,1,0,0,3,0.38,3,0,0,0,0,0,Matches
Youssoufa Moukoko,de GER,FW,Dortmund,19-037,2004,1.7,3,1.79,2,0,1,0,0,0,0,0.00,0,0,0,0,0,0,Matches
Andreas Müller,de GER,MF,Darmstadt 98,23-160,2000,0.6,0,0.00,0,0,0,0,0,0,0,0.00,0,0,0,0,0,0,Matches
Jannik Müller,de GER,DF,Darmstadt 98,29-343,1994,6.7,5,0.75,5,0,0,0,0,0,0,0.00,0,0,0,0,0,0,Matches
Kevin Müller,de GER,GK,Heidenheim,32-287,1991,16.0,3,0.19,1,2,0,0,0,0,0,0.00,0,0,0,0,0,0,Matches
Marcus Müller,de GER,MF,Mainz 05,21-129,2002,0.2,0,0.00,0,0,0,0,0,0,0,0.00,0,0,0,0,0,0,Matches
Thomas Müller,de GER,MF,Bayern Munich,34-105,1989,5.6,37,6.66,28,0,0,5,2,2,7,1.26,6,0,0,0,0,1,Matches
Jamal Musiala,de GER,"MF,FW",Bayern Munich,20-304,2003,7.2,38,5.27,27,0,2,3,3,3,8,1.11,7,0,0,0,1,0,Matches
Phillipp Mwene,at AUT,DF,Mainz 05,29-332,1994,8.4,26,3.10,16,7,2,0,0,1,1,0.12,1,0,0,0,0,0,Matches
Joakim Mæhle,dk DEN,DF,Wolfsburg,26-221,1997,14.0,35,2.51,28,0,5,1,0,1,5,0.36,3,0,1,1,0,0,Matches
Nathan N'Goumou,fr FRA,"FW,MF",M'Gladbach,23-288,2000,7.4,20,2.69,10,0,5,3,2,0,2,0.27,1,0,0,1,0,0,Matches
Stanley N'Soki,fr FRA,DF,Hoffenheim,24-262,1999,0.3,0,0.00,0,0,0,0,0,0,0,0.00,0,0,0,0,0,0,Matches
Luca Netz,de GER,DF,M'Gladbach,20-226,2003,12.5,33,2.65,21,6,2,3,0,1,5,0.40,4,1,0,0,0,0,Matches
Manuel Neuer,de GER,GK,Bayern Munich,37-275,1986,7.0,1,0.14,1,0,0,0,0,0,0,0.00,0,0,0,0,0,0,Matches
Florian Neuhaus,de GER,MF,M'Gladbach,26-286,1997,6.7,23,3.43,18,0,1,4,0,0,3,0.45,3,0,0,0,0,0,Matches
Jessic Ngankam,de GER,"FW,DF",Eint Frankfurt,23-160,2000,2.8,4,1.45,3,0,1,0,0,0,0,0.00,0,0,0,0,0,0,Matches
Moritz Nicolas,de GER,GK,M'Gladbach,26-067,1997,14.0,5,0.36,4,1,0,0,0,0,0,0.00,0,0,0,0,0,0,Matches
Justin Njinmah,de GER,"FW,MF",Werder Bremen,23-042,2000,4.0,19,4.75,14,0,3,1,1,0,3,0.75,2,0,1,0,0,0,Matches
Niels Nkounkou,fr FRA,"DF,MF",Eint Frankfurt,23-056,2000,4.6,16,3.44,10,2,4,0,0,0,2,0.43,1,1,0,0,0,0,Matches
Felix Nmecha,de GER,MF,Dortmund,23-078,2000,6.7,21,3.12,13,0,2,3,3,0,2,0.30,1,0,0,1,0,0,Matches
Alexander Nübel,de GER,GK,Stuttgart,27-088,1996,16.0,3,0.19,3,0,0,0,0,0,1,0.06,1,0,0,0,0,0,Matches
Fabian Nürnberger,de GER,"DF,MF",Darmstadt 98,24-152,1999,10.6,36,3.39,29,3,1,2,1,0,3,0.28,2,0,0,0,1,0,Matches
Tim Oermann,de GER,"DF,MF",Bochum,20-082,2003,1.1,0,0.00,0,0,0,0,0,0,0,0.00,0,0,0,0,0,0,Matches
Masaya Okugawa,jp JPN,"FW,DF",Augsburg,27-257,1996,0.4,0,0.00,0,0,0,0,0,0,0,0.00,0,0,0,0,0,0,Matches
Finn Ole Becker,de GER,MF,Hoffenheim,23-202,2000,3.8,13,3.43,12,0,0,1,0,0,1,0.26,0,0,0,1,0,0,Matches
Mathias Olesen,lu LUX,"MF,FW",Köln,22-281,2001,1.2,2,1.61,2,0,0,0,0,0,0,0.00,0,0,0,0,0,0,Matches
Dani Olmo,es ESP,"MF,FW",RB Leipzig,25-234,1998,3.1,9,2.87,6,0,0,2,1,0,2,0.64,2,0,0,0,0,0,Matches
Jonas Omlin,ch SUI,GK,M'Gladbach,29-351,1994,2.0,1,0.50,1,0,0,0,0,0,1,0.50,1,0,0,0,0,0,Matches
Karim Onisiwo,at AUT,"FW,MF",Mainz 05,31-285,1992,8.9,29,3.27,17,0,3,4,5,0,5,0.56,2,0,1,2,0,0,Matches
Loïs Openda,be BEL,FW,RB Leipzig,23-314,2000,13.9,45,3.23,28,0,3,7,6,1,8,0.57,6,0,0,1,1,0,Matches
Leon Opitz,de GER,"FW,DF",Werder Bremen,18-260,2005,0.2,0,0.00,0,0,0,0,0,0,0,0.00,0,0,0,0,0,0,Matches
Willi Orban,hu HUN,DF,RB Leipzig,31-054,1992,3.0,0,0.00,0,0,0,0,0,0,0,0.00,0,0,0,0,0,0,Matches
Ivan Ordets,ua UKR,DF,Bochum,31-172,1992,8.4,4,0.48,3,0,0,0,1,0,1,0.12,0,0,0,0,1,0,Matches
Patrick Osterhage,de GER,"MF,DF",Bochum,23-329,2000,8.6,18,2.10,15,0,1,1,0,1,2,0.23,1,0,1,0,0,0,Matches
Salih Özcan,tr TUR,MF,Dortmund,25-350,1998,6.1,12,1.97,11,0,0,0,1,0,1,0.16,1,0,0,0,0,0,Matches
Willian Pacho,ec ECU,DF,Eint Frankfurt,22-072,2001,16.0,11,0.69,10,0,0,1,0,0,1,0.06,1,0,0,0,0,0,Matches
Gonçalo Paciência,pt POR,FW,Bochum,29-148,1994,4.6,24,5.20,11,1,4,5,3,0,0,0.00,0,0,0,0,0,0,Matches
Exequiel Palacios,ar ARG,MF,Leverkusen,25-083,1998,13.4,33,2.46,27,0,2,1,2,1,4,0.30,4,0,0,0,0,0,Matches
Miloš Pantović,rs SRB,MF,Union Berlin,27-173,1996,0.2,1,6.00,0,0,1,0,0,0,1,6.00,0,0,1,0,0,0,Matches
Antonios Papadopoulos,de GER,DF,Dortmund,24-108,1999,0.3,1,3.33,1,0,0,0,0,0,0,0.00,0,0,0,0,0,0,Matches
Matondo-Merveille Papela,de GER,"MF,DF",Mainz 05,22-343,2001,1.6,5,3.19,3,0,1,0,0,1,0,0.00,0,0,0,0,0,0,Matches
Leart Paqarada,xk KVX,DF,Köln,29-080,1994,9.6,35,3.64,21,13,0,0,0,1,1,0.10,1,0,0,0,0,0,Matches
Kevin Paredes,us USA,"MF,FW",Wolfsburg,20-234,2003,3.9,19,4.90,13,0,3,0,3,0,1,0.26,1,0,0,0,0,0,Matches
Felix Passlack,de GER,DF,Bochum,25-212,1998,4.8,18,3.73,14,2,0,0,1,1,0,0.00,0,0,0,0,0,0,Matches
Jiří Pavlenka,cz CZE,GK,Werder Bremen,31-257,1992,7.0,3,0.43,2,1,0,0,0,0,0,0.00,0,0,0,0,0,0,Matches
Aleksandar Pavlovic,de GER,MF,Bayern Munich,19-238,2004,3.3,12,3.60,8,2,1,0,0,1,3,0.90,1,1,0,0,0,1,Matches
Mads Pedersen,dk DEN,DF,Augsburg,27-117,1996,12.4,24,1.94,17,3,1,1,1,1,2,0.16,2,0,0,0,0,0,Matches
Jordan Pefok,us USA,FW,M'Gladbach,27-245,1996,5.5,16,2.90,10,0,2,1,3,0,3,0.54,2,0,0,0,1,0,Matches
Jordan Pefok,us USA,FW,Union Berlin,27-245,1996,0.3,1,3.33,1,0,0,0,0,0,0,0.00,0,0,0,0,0,0,Matches
Pavao Pervan,at AUT,GK,Wolfsburg,36-044,1987,3.0,0,0.00,0,0,0,0,0,0,0,0.00,0,0,0,0,0,0,Matches
Jens Petter Hauge,no NOR,"MF,FW",Eint Frankfurt,24-076,1999,1.5,2,1.30,1,1,0,0,0,0,0,0.00,0,0,0,0,0,0,Matches
Luca Pfeiffer,de GER,"FW,MF",Darmstadt 98,27-129,1996,11.2,28,2.51,22,0,0,3,3,0,5,0.45,4,0,0,1,0,0,Matches
Patric Pfeiffer,de GER,DF,Augsburg,24-129,1999,4.1,3,0.73,2,0,0,1,0,0,1,0.24,1,0,0,0,0,0,Matches
Maximilian Philipp,de GER,"FW,MF",Freiburg,29-301,1994,2.5,5,1.97,4,0,0,1,0,0,1,0.39,0,0,0,1,0,0,Matches
Florian Pick,de GER,"MF,FW",Heidenheim,28-110,1995,2.4,8,3.32,3,3,2,0,0,0,0,0.00,0,0,0,0,0,0,Matches
Amos Pieper,de GER,DF,Werder Bremen,25-344,1998,6.0,5,0.83,5,0,0,0,0,0,0,0.00,0,0,0,0,0,0,Matches
Marvin Pieringer,de GER,"FW,MF",Heidenheim,24-084,1999,8.1,12,1.47,7,0,1,2,2,0,1,0.12,0,0,0,1,0,0,Matches
Alassane Pléa,fr FRA,"FW,MF",M'Gladbach,30-292,1993,13.0,48,3.70,33,6,4,2,3,0,8,0.62,4,1,2,0,1,0,Matches
Yussuf Poulsen,dk DEN,FW,RB Leipzig,29-195,1994,9.4,29,3.07,20,0,4,2,3,0,4,0.42,3,0,1,0,0,0,Matches
Grischa Prömel,de GER,MF,Hoffenheim,28-352,1995,13.6,27,1.99,21,0,0,2,2,2,7,0.52,6,0,0,1,0,0,Matches
Gustavo Puerta,co COL,"DF,MF",Leverkusen,20-157,2003,0.3,1,3.46,1,0,0,0,0,0,0,0.00,0,0,0,0,0,0,Matches
Luca Raimund,de GER,FW,Stuttgart,18-262,2005,0.2,3,13.50,1,0,0,2,0,0,0,0.00,0,0,0,0,0,0,Matches
Grant Ranos,am ARM,"FW,MF",M'Gladbach,20-160,2003,0.5,2,4.19,2,0,0,0,0,0,1,2.09,1,0,0,0,0,0,Matches
Nicolai Rapp,de GER,DF,Werder Bremen,27-014,1996,0.8,0,0.00,0,0,0,0,0,0,0,0.00,0,0,0,0,0,0,Matches
David Raum,de GER,DF,RB Leipzig,25-249,1998,15.7,50,3.19,32,14,3,1,0,0,7,0.45,2,4,1,0,0,0,Matches
Rocco Reitz,de GER,MF,M'Gladbach,21-212,2002,12.3,29,2.37,17,0,4,3,2,3,4,0.33,1,0,2,0,0,1,Matches
Marco Reus,de GER,"MF,FW",Dortmund,34-210,1989,9.9,38,3.84,21,5,1,5,4,2,2,0.20,1,0,0,0,0,1,Matches
Elvis Rexhbeçaj,de GER,MF,Augsburg,26-056,1997,15.3,29,1.90,21,2,1,3,2,0,1,0.07,1,0,0,0,0,0,Matches
Gio Reyna,us USA,"MF,FW",Dortmund,21-044,2002,2.6,21,8.04,14,0,2,2,2,1,1,0.38,1,0,0,0,0,0,Matches
Marco Richter,de GER,"MF,FW",Mainz 05,26-033,1997,5.8,23,3.98,11,4,2,4,2,0,1,0.17,0,1,0,0,0,0,Matches
Clemens Riedel,de GER,DF,Darmstadt 98,20-161,2003,4.1,12,2.95,7,1,2,1,0,1,2,0.49,2,0,0,0,0,0,Matches
Manuel Riemann,de GER,GK,Bochum,35-109,1988,16.0,20,1.25,13,7,0,0,0,0,3,0.19,2,1,0,0,0,0,Matches
Sebastian Rode,de GER,MF,Eint Frankfurt,33-077,1990,0.3,1,3.91,1,0,0,0,0,0,0,0.00,0,0,0,0,0,0,Matches
Rogério,br BRA,"DF,MF",Wolfsburg,25-348,1998,5.8,11,1.89,8,0,2,0,1,0,1,0.17,1,0,0,0,0,0,Matches
Merlin Röhl,de GER,"MF,FW",Freiburg,21-175,2002,8.5,20,2.37,14,0,1,5,0,0,6,0.71,4,0,1,1,0,0,Matches
Frank Ronstadt,de GER,"DF,MF",Darmstadt 98,26-159,1997,0.8,3,3.55,2,0,0,0,1,0,0,0.00,0,0,0,0,0,0,Matches
Anthony Rouault,fr FRA,DF,Stuttgart,22-212,2001,5.1,6,1.18,6,0,0,0,0,0,1,0.20,1,0,0,0,0,0,Matches
Jérôme Roussillon,fr FRA,DF,Union Berlin,30-355,1993,5.3,13,2.46,10,0,1,1,0,1,1,0.19,1,0,0,0,0,0,Matches
Fabian Rüdlin,de GER,MF,Freiburg,26-348,1997,0.1,0,0.00,0,0,0,0,0,0,0,0.00,0,0,0,0,0,0,Matches
Julian Ryerson,no NOR,DF,Dortmund,26-040,1997,9.9,18,1.81,14,0,1,1,0,2,4,0.40,2,0,1,0,0,1,Matches
Frederik Rønnow,dk DEN,GK,Union Berlin,31-145,1992,15.0,0,0.00,0,0,0,0,0,0,0,0.00,0,0,0,0,0,0,Matches
Marcel Sabitzer,at AUT,MF,Dortmund,29-285,1994,9.3,31,3.33,25,1,2,2,1,0,5,0.54,4,0,0,0,1,0,Matches
Roland Sallai,hu HUN,"FW,DF",Freiburg,26-219,1997,8.4,33,3.91,22,0,1,7,3,0,4,0.47,2,0,0,0,2,0,Matches
Diadie Samassékou,ml MLI,MF,Hoffenheim,27-350,1996,0.0,0,0.00,0,0,0,0,0,0,0,0.00,0,0,0,0,0,0,Matches
Leroy Sané,de GER,FW,Bayern Munich,27-350,1996,14.6,96,6.58,63,16,8,4,4,1,14,0.96,9,2,1,1,0,1,Matches
Amin Sarr,se SWE,"FW,MF",Wolfsburg,22-291,2001,1.1,0,0.00,0,0,0,0,0,0,0,0.00,0,0,0,0,0,0,Matches
Bouna Sarr,sn SEN,DF,Bayern Munich,31-330,1992,1.2,0,0.00,0,0,0,0,0,0,0,0.00,0,0,0,0,0,0,Matches
Joe Scally,us USA,DF,M'Gladbach,20-361,2002,12.9,14,1.09,10,1,0,1,1,1,3,0.23,3,0,0,0,0,0,Matches
András Schäfer,hu HUN,MF,Union Berlin,24-258,1999,1.9,3,1.60,3,0,0,0,0,0,0,0.00,0,0,0,0,0,0,Matches
Patrik Schick,cz CZE,"FW,MF",Leverkusen,27-337,1996,1.3,7,5.43,5,0,0,1,1,0,1,0.78,0,0,0,0,1,0,Matches
Stefan Schimmer,de GER,"MF,FW",Heidenheim,29-243,1994,0.8,2,2.47,1,0,0,0,0,1,1,1.23,1,0,0,0,0,0,Matches
Xaver Schlager,at AUT,MF,RB Leipzig,26-090,1997,13.7,38,2.77,35,0,1,0,2,0,2,0.15,2,0,0,0,0,0,Matches
Keven Schlotterbeck,de GER,DF,Bochum,26-243,1997,9.0,9,1.00,5,0,0,1,2,1,1,0.11,0,0,0,0,1,0,Matches
Nico Schlotterbeck,de GER,DF,Dortmund,24-026,1999,14.5,17,1.17,13,0,1,3,0,0,2,0.14,2,0,0,0,0,0,Matches
Romano Schmid,at AUT,MF,Werder Bremen,23-334,2000,13.6,56,4.11,45,3,2,1,4,1,8,0.59,8,0,0,0,0,0,Matches
Kenneth Schmidt,de GER,DF,Freiburg,21-207,2002,0.8,3,3.97,3,0,0,0,0,0,0,0.00,0,0,0,0,0,0,Matches
Benno Schmitz,de GER,DF,Köln,29-040,1994,6.0,10,1.67,6,2,1,1,0,0,1,0.17,0,1,0,0,0,0,Matches
Fabian Schnellhardt,de GER,MF,Darmstadt 98,29-349,1994,2.3,6,2.60,2,1,1,2,0,0,0,0.00,0,0,0,0,0,0,Matches
Jan Schöppner,de GER,MF,Heidenheim,24-198,1999,7.0,12,1.73,9,0,2,1,0,0,0,0.00,0,0,0,0,0,0,Matches
Marcel Schuhen,de GER,GK,Darmstadt 98,30-348,1993,15.0,5,0.33,3,2,0,0,0,0,0,0.00,0,0,0,0,0,0,Matches
Marvin Schwäbe,de GER,GK,Köln,28-246,1995,16.0,2,0.12,1,1,0,0,0,0,0,0.00,0,0,0,0,0,0,Matches
Nicolas Seiwald,at AUT,MF,RB Leipzig,22-237,2001,1.6,1,0.61,1,0,0,0,0,0,0,0.00,0,0,0,0,0,0,Matches
Davie Selke,de GER,FW,Köln,28-341,1995,11.3,23,2.04,13,0,2,6,2,0,1,0.09,0,0,0,1,0,0,Matches
Benjamin Šeško,si SVN,FW,RB Leipzig,20-210,2003,3.9,12,3.06,8,0,4,0,0,0,2,0.51,1,0,1,0,0,0,Matches
Kevin Sessa,de GER,"MF,FW",Heidenheim,23-174,2000,2.4,7,2.89,4,1,0,1,1,0,1,0.41,1,0,0,0,0,0,Matches
Aaron Seydel,de GER,FW,Darmstadt 98,27-323,1996,2.9,5,1.74,5,0,0,0,0,0,0,0.00,0,0,0,0,0,0,Matches
Tim Siersleben,de GER,DF,Heidenheim,23-293,2000,9.0,7,0.78,5,0,0,1,0,1,1,0.11,0,0,0,0,0,1,Matches
Kiliann Sildillia,fr FRA,DF,Freiburg,21-225,2002,11.5,19,1.65,14,4,0,1,0,0,2,0.17,2,0,0,0,0,0,Matches
Mohamed Simakan,fr FRA,DF,RB Leipzig,23-238,2000,14.8,18,1.22,15,1,0,1,1,0,2,0.14,1,0,0,1,0,0,Matches
Xavi Simons,nl NED,MF,RB Leipzig,20-250,2003,14.1,72,5.11,48,8,6,6,4,0,12,0.85,9,0,1,2,0,0,Matches
Tim Skarke,de GER,"FW,DF",Darmstadt 98,27-111,1996,12.0,34,2.82,22,2,2,3,4,1,0,0.00,0,0,0,0,0,0,Matches
Ellyes Skhiri,tn TUN,MF,Eint Frankfurt,28-231,1995,13.3,28,2.11,23,0,1,2,2,0,2,0.15,2,0,0,0,0,0,Matches
Robert Skov,dk DEN,"DF,FW",Hoffenheim,27-221,1996,9.1,28,3.06,19,5,0,1,3,0,5,0.55,4,0,0,0,1,0,Matches
Hrvoje Smolčić,hr CRO,DF,Eint Frankfurt,23-132,2000,2.8,1,0.36,1,0,0,0,0,0,0,0.00,0,0,0,0,0,0,Matches
Danilo Soares,br BRA,DF,Bochum,32-059,1991,3.9,6,1.54,5,1,0,0,0,0,0,0.00,0,0,0,0,0,0,Matches
Borna Sosa,hr CRO,"FW,DF",Stuttgart,25-340,1998,0.5,5,9.78,3,2,0,0,0,0,0,0.00,0,0,0,0,0,0,Matches
Anton Stach,de GER,MF,Hoffenheim,25-042,1998,11.5,29,2.53,19,1,1,4,2,2,3,0.26,1,0,0,0,1,1,Matches
Anton Stach,de GER,MF,Mainz 05,25-042,1998,1.9,7,3.71,4,0,1,2,0,0,0,0.00,0,0,0,0,0,0,Matches
Jens Stage,dk DEN,MF,Werder Bremen,27-049,1996,15.0,30,2.00,27,0,0,2,1,0,3,0.20,2,0,0,0,1,0,Matches
Josip Stanišić,hr CRO,DF,Leverkusen,23-269,2000,2.8,4,1.41,4,0,0,0,0,0,0,0.00,0,0,0,0,0,0,Matches
Niklas Stark,de GER,DF,Werder Bremen,28-257,1995,6.4,6,0.94,5,0,0,0,0,1,1,0.16,1,0,0,0,0,0,Matches
Pascal Stenzel,de GER,DF,Stuttgart,27-282,1996,8.4,23,2.74,21,0,1,0,1,0,7,0.83,6,0,1,0,0,0,Matches
Leonidas Stergiou,ch SUI,DF,Stuttgart,21-299,2002,0.5,0,0.00,0,0,0,0,0,0,0,0.00,0,0,0,0,0,0,Matches
Angelo Stiller,de GER,MF,Hoffenheim,22-267,2001,0.9,5,5.42,3,2,0,0,0,0,0,0.00,0,0,0,0,0,0,Matches
Angelo Stiller,de GER,MF,Stuttgart,22-267,2001,13.2,48,3.63,36,11,0,0,0,1,6,0.45,4,1,0,0,0,1,Matches
Kevin Stöger,at AUT,MF,Bochum,30-122,1993,13.2,91,6.91,55,23,3,6,3,1,4,0.30,2,2,0,0,0,0,Matches
Filip Stojilković,ch SUI,"FW,MF",Darmstadt 98,23-357,2000,1.7,0,0.00,0,0,0,0,0,0,0,0.00,0,0,0,0,0,0,Matches
Niklas Süle,de GER,DF,Dortmund,28-115,1995,6.9,7,1.02,7,0,0,0,0,0,1,0.15,1,0,0,0,0,0,Matches
Mattias Svanberg,se SWE,MF,Wolfsburg,24-356,1999,13.4,41,3.06,25,4,4,3,5,0,8,0.60,6,0,0,1,1,0,Matches
Attila Szalai,hu HUN,DF,Hoffenheim,25-341,1998,3.2,6,1.87,5,0,0,0,0,1,0,0.00,0,0,0,0,0,0,Matches
Jonathan Tah,de GER,DF,Leverkusen,27-319,1996,14.5,3,0.21,3,0,0,0,0,0,0,0.00,0,0,0,0,0,0,Matches
Edmond Tapsoba,bf BFA,DF,Leverkusen,24-328,1999,13.0,18,1.38,17,0,0,0,1,0,4,0.31,4,0,0,0,0,0,Matches
Mathys Tel,fr FRA,"FW,MF",Bayern Munich,18-244,2005,2.4,9,3.79,3,0,3,3,0,0,4,1.68,3,0,1,0,0,0,Matches
Nathan Tella,ng NGA,DF,Leverkusen,24-175,1999,0.9,8,9.23,5,0,1,1,1,0,1,1.15,1,0,0,0,0,0,Matches
Norman Theuerkauf,de GER,"MF,DF",Heidenheim,36-337,1987,8.1,12,1.49,9,1,0,0,2,0,2,0.25,2,0,0,0,0,0,Matches
Jan Thielmann,de GER,"FW,MF",Köln,21-215,2002,4.9,12,2.47,7,0,1,1,3,0,0,0.00,0,0,0,0,0,0,Matches
Denis Thomalla,de GER,"MF,FW",Heidenheim,31-133,1992,3.9,8,2.05,7,0,0,1,0,0,0,0.00,0,0,0,0,0,0,Matches
Phillip Tietz,de GER,FW,Augsburg,26-171,1997,11.7,27,2.30,20,0,1,4,2,0,3,0.26,3,0,0,0,0,0,Matches
Steffen Tigges,de GER,"FW,MF",Köln,25-149,1998,4.1,9,2.18,8,0,0,1,0,0,0,0.00,0,0,0,0,0,0,Matches
Umut Tohumcu,de GER,MF,Hoffenheim,19-138,2004,2.3,6,2.66,5,0,0,0,1,0,1,0.44,1,0,0,0,0,0,Matches
Tiago Tomás,pt POR,"FW,MF",Wolfsburg,21-194,2002,6.5,20,3.09,8,2,6,3,1,0,0,0.00,0,0,0,0,0,0,Matches
Fabio Torsiello,it ITA,"DF,FW",Darmstadt 98,18-328,2005,0.3,0,0.00,0,0,0,0,0,0,0,0.00,0,0,0,0,0,0,Matches
Lucas Tousart,fr FRA,MF,Union Berlin,26-242,1997,3.4,9,2.65,7,0,0,1,0,1,0,0.00,0,0,0,0,0,0,Matches
Omar Traoré,de GER,DF,Heidenheim,25-326,1998,12.6,19,1.51,17,1,0,0,1,0,3,0.24,2,0,0,0,1,0,Matches
Kevin Trapp,de GER,GK,Eint Frankfurt,33-172,1990,15.0,0,0.00,0,0,0,0,0,0,0,0.00,0,0,0,0,0,0,Matches
Christopher Trimmel,at AUT,"DF,MF",Union Berlin,36-306,1987,8.3,28,3.36,14,13,0,0,1,0,1,0.12,0,1,0,0,0,0,Matches
Tuta,br BRA,DF,Eint Frankfurt,24-176,1999,14.0,13,0.93,10,1,0,2,0,0,2,0.14,2,0,0,0,0,0,Matches
Lukas Ullrich,de GER,DF,M'Gladbach,19-286,2004,0.2,0,0.00,0,0,0,0,0,0,0,0.00,0,0,0,0,0,0,Matches
Sven Ulreich,de GER,GK,Bayern Munich,35-146,1988,8.0,1,0.12,1,0,0,0,0,0,0,0.00,0,0,0,0,0,0,Matches
Deniz Undav,de GER,FW,Stuttgart,27-161,1996,8.7,38,4.38,28,0,5,2,3,0,4,0.46,4,0,0,0,0,0,Matches
Dayot Upamecano,fr FRA,DF,Bayern Munich,25-061,1998,11.7,16,1.37,15,0,0,0,1,0,3,0.26,3,0,0,0,0,0,Matches
Mark Uth,de GER,"MF,FW",Köln,32-125,1991,2.9,8,2.80,3,2,0,2,1,0,0,0.00,0,0,0,0,0,0,Matches
Josha Vagnoman,de GER,"DF,MF",Stuttgart,23-016,2000,2.9,5,1.74,3,0,0,2,0,0,1,0.35,1,0,0,0,0,0,Matches
Ruben Vargas,ch SUI,"MF,FW",Augsburg,25-144,1998,8.1,29,3.57,18,6,2,0,3,0,2,0.25,2,0,0,0,0,0,Matches
Miloš Veljković,rs SRB,DF,Werder Bremen,28-092,1995,12.2,8,0.66,8,0,0,0,0,0,3,0.25,3,0,0,0,0,0,Matches
Oscar Vilhelmsson,se SWE,"FW,MF",Darmstadt 98,20-086,2003,4.9,10,2.03,7,0,0,2,1,0,0,0.00,0,0,0,0,0,0,Matches
Kevin Vogt,de GER,DF,Hoffenheim,32-095,1991,14.7,23,1.57,23,0,0,0,0,0,4,0.27,4,0,0,0,0,0,Matches
Kevin Volland,de GER,"MF,FW",Union Berlin,31-150,1992,5.5,15,2.73,12,1,0,0,1,1,3,0.55,3,0,0,0,0,0,Matches
Aster Vranckx,be BEL,MF,Wolfsburg,21-084,2002,7.1,9,1.27,9,0,0,0,0,0,2,0.28,2,0,0,0,0,0,Matches
Luca Waldschmidt,de GER,"MF,FW",Köln,27-222,1996,9.4,30,3.19,18,2,0,6,3,1,2,0.21,0,0,0,1,1,0,Matches
Wout Weghorst,nl NED,FW,Hoffenheim,31-142,1992,10.8,25,2.31,23,0,0,0,2,0,2,0.19,2,0,0,0,0,0,Matches
Julian Weigl,de GER,MF,M'Gladbach,28-110,1995,14.9,24,1.61,19,1,1,0,1,2,3,0.20,3,0,0,0,0,0,Matches
Nelson Weiper,de GER,"FW,MF",Mainz 05,18-285,2005,1.2,3,2.60,2,0,1,0,0,0,0,0.00,0,0,0,0,0,0,Matches
Mitchell Weiser,de GER,"DF,FW",Werder Bremen,29-250,1994,15.4,33,2.15,26,0,1,1,4,1,6,0.39,5,0,0,1,0,0,Matches
Noah Weißhaupt,de GER,"DF,MF",Freiburg,22-098,2001,5.0,24,4.79,21,0,0,1,2,0,3,0.60,2,0,0,0,1,0,Matches
Timo Werner,de GER,"FW,MF",RB Leipzig,27-296,1996,2.3,8,3.46,7,0,1,0,0,0,1,0.43,0,0,1,0,0,0,Matches
Silvan Widmer,ch SUI,DF,Mainz 05,30-297,1993,3.9,9,2.29,8,1,0,0,0,0,0,0.00,0,0,0,0,0,0,Matches
Patrick Wimmer,at AUT,FW,Wolfsburg,22-211,2001,3.1,8,2.57,6,0,0,1,1,0,0,0.00,0,0,0,0,0,0,Matches
Jonas Wind,dk DEN,FW,Wolfsburg,24-323,1999,15.6,39,2.51,27,1,1,6,3,1,8,0.51,5,0,1,2,0,0,Matches
Florian Wirtz,de GER,MF,Leverkusen,20-238,2003,14.0,81,5.78,65,3,9,2,1,1,14,1.00,11,0,3,0,0,0,Matches
Maximilian Wittek,de GER,"DF,MF",Bochum,28-128,1995,5.5,24,4.35,11,10,0,2,1,0,2,0.36,1,0,0,1,0,0,Matches
Maximilian Wöber,at AUT,DF,M'Gladbach,25-326,1998,14.7,21,1.43,16,2,0,2,0,1,5,0.34,3,1,0,1,0,0,Matches
Marius Wolf,de GER,DF,Dortmund,28-214,1995,7.0,21,3.00,18,1,2,0,0,0,3,0.43,3,0,0,0,0,0,Matches
Nick Woltemade,de GER,"FW,MF",Werder Bremen,21-316,2002,2.9,14,4.92,10,0,1,1,2,0,1,0.35,1,0,0,0,0,0,Matches
Jeong Woo-yeong,kr KOR,MF,Stuttgart,24-098,1999,4.2,15,3.54,13,1,0,1,0,0,3,0.71,2,0,0,1,0,0,Matches
Granit Xhaka,ch SUI,MF,Leverkusen,31-091,1992,15.7,48,3.05,45,0,2,0,1,0,6,0.38,6,0,0,0,0,0,Matches
Dan-Axel Zagadou,fr FRA,DF,Stuttgart,24-207,1999,13.1,7,0.53,6,0,1,0,0,0,0,0.00,0,0,0,0,0,0,Matches
Robin Zentner,de GER,GK,Mainz 05,29-060,1994,12.0,2,0.17,2,0,0,0,0,0,0,0.00,0,0,0,0,0,0,Matches
Cedric Zesiger,ch SUI,DF,Wolfsburg,25-186,1998,10.4,6,0.58,4,1,0,1,0,0,1,0.10,1,0,0,0,0,0,Matches
Michael Zetterer,de GER,GK,Werder Bremen,28-168,1995,9.0,0,0.00,0,0,0,0,0,0,0,0.00,0,0,0,0,0,0,Matches
Christoph Zimmermann,de GER,DF,Darmstadt 98,30-349,1993,4.9,1,0.20,1,0,0,0,0,0,0,0.00,0,0,0,0,0,0,Matches
Simon Zoller,de GER,"FW,MF",Bochum,32-184,1991,0.5,0,0.00,0,0,0,0,0,0,0,0.00,0,0,0,0,0,0,Matches
