,ID,Name,Team,Position,Marktwert,Trend,Bild,Status,Punkteschnitt,Punktetotal,UserID,TeamID,TeamCover
0,2646,Sheraldo Becker,Union,4,4673542.0,2,https://kickbase.b-cdn.net/pool/playersbig/2646.png,0,31,345,None,40,None
1,2596,Finn Becker,Hoffenheim,3,500000.0,2,https://kickbase.b-cdn.net/pool/playersbig/2596.png,0,23,278,None,14,https://kickbase.b-cdn.net/team/2013/07/30/e2f816c2f6de4273945bcf96c70fcff7.jpg
2,2521,Morten Behrens,Darmstadt,1,500000.0,0,https://kickbase.b-cdn.net/pool/playersbig/2521.png,0,0,0,None,42,None
3,2496,Kevin Behrens,Union,4,9639757.0,2,https://kickbase.b-cdn.net/pool/playersbig/2496.png,0,67,1010,None,40,None
4,3515,Adrian Beck,Heidenheim,3,3975647.0,1,https://kickbase.b-cdn.net/pool/playersbig/3515.png,0,28,370,None,50,None
5,2275,Christoph Baumgartner,Leipzig,3,14918544.0,2,https://kickbase.b-cdn.net/pool/playersbig/2275.png,0,68,1020,2566773,43,None
6,1308,Ihlas Bebou,Hoffenheim,4,7882648.0,1,https://kickbase.b-cdn.net/pool/playersbig/1308.png,0,44,622,2222233,14,https://kickbase.b-cdn.net/team/2013/07/30/e2f816c2f6de4273945bcf96c70fcff7.jpg
7,2582,Maximilian Bauer,Augsburg,2,5107019.0,1,https://kickbase.b-cdn.net/pool/playersbig/2582.png,0,56,444,2631100,13,https://kickbase.b-cdn.net/team/2013/07/30/c7c9b0bd44694939a43e5bd3fb3c6364.jpg
8,524,Oliver Baumann,Hoffenheim,1,18075467.0,1,https://kickbase.b-cdn.net/pool/playersbig/524.png,0,122,1958,2221997,14,https://kickbase.b-cdn.net/team/2013/07/30/e2f816c2f6de4273945bcf96c70fcff7.jpg
9,2714,Maximilian Beier,Hoffenheim,4,11619635.0,1,https://kickbase.b-cdn.net/pool/playersbig/2714.png,0,76,1137,2626903,14,https://kickbase.b-cdn.net/team/2013/07/30/e2f816c2f6de4273945bcf96c70fcff7.jpg
10,2125,Jan-Niklas Beste,Heidenheim,3,21092173.0,1,https://kickbase.b-cdn.net/pool/playersbig/2125.png,0,119,1671,None,50,None
11,6667,El Chadaille Bitshiabu,Leipzig,2,4015011.0,2,https://kickbase.b-cdn.net/pool/playersbig/6667.png,0,0,0,None,43,None
12,7288,Leonardo Bonucci,Union,2,500000.0,2,https://kickbase.b-cdn.net/pool/playersbig/7288.png,0,37,261,None,40,None
13,624,Leonardo Bittencourt,Bremen,3,1877875.0,2,https://kickbase.b-cdn.net/pool/playersbig/624.png,0,44,571,None,10,https://kickbase.b-cdn.net/team/2013/07/30/f5ee82a13bc74c728dbd61672eafb76c.jpg
14,4,Janis Blaswich,Leipzig,1,10281806.0,1,https://kickbase.b-cdn.net/pool/playersbig/4.png,0,90,1444,None,43,None
15,6745,Victor Boniface,Bayer 04,4,35164042.0,2,https://kickbase.b-cdn.net/pool/playersbig/6745.png,1,170,2715,2633134,7,https://kickbase.b-cdn.net/team/2013/07/30/1429106832154f969e039ca54cf2662c.jpg
16,3090,Yvandro Borges Sanches,M-Gladbach,4,500000.0,0,https://kickbase.b-cdn.net/pool/playersbig/3090.png,0,8,24,None,15,https://kickbase.b-cdn.net/team/2013/07/30/d91892b110704f76a6d787c5078f3030.jpg
17,2725,Sebastiaan Bornauw,Wolfsburg,2,4722154.0,2,https://kickbase.b-cdn.net/pool/playersbig/2725.png,0,28,256,None,11,https://kickbase.b-cdn.net/team/2013/07/30/aaea46b304994c1694bda4880791b280.jpg
18,3481,Jens Stage,Bremen,3,10758538.0,1,https://kickbase.b-cdn.net/pool/playersbig/3481.png,0,77,1236,2221997,10,https://kickbase.b-cdn.net/team/2013/07/30/f5ee82a13bc74c728dbd61672eafb76c.jpg
19,3120,Tom Bischof,Hoffenheim,3,500000.0,0,https://kickbase.b-cdn.net/pool/playersbig/3120.png,0,23,184,None,14,https://kickbase.b-cdn.net/team/2013/07/30/e2f816c2f6de4273945bcf96c70fcff7.jpg
20,2300,Josip Stanisic,Bayer 04,2,10859956.0,1,https://kickbase.b-cdn.net/pool/playersbig/2300.png,0,64,386,2222233,7,https://kickbase.b-cdn.net/team/2013/07/30/1429106832154f969e039ca54cf2662c.jpg
21,157,Niklas Stark,Bremen,2,4340638.0,2,https://kickbase.b-cdn.net/pool/playersbig/157.png,0,72,573,None,10,https://kickbase.b-cdn.net/team/2013/07/30/f5ee82a13bc74c728dbd61672eafb76c.jpg
22,1758,Pascal Stenzel,Stuttgart,2,21002919.0,1,https://kickbase.b-cdn.net/pool/playersbig/1758.png,0,129,1422,88352,9,https://kickbase.b-cdn.net/team/2013/07/30/eea01bf0ab1145059d44f2585b352081.jpg
23,7257,Leonidas Stergiou,Stuttgart,2,2499273.0,2,https://kickbase.b-cdn.net/pool/playersbig/7257.png,0,9,44,None,9,https://kickbase.b-cdn.net/team/2013/07/30/eea01bf0ab1145059d44f2585b352081.jpg
24,2694,Angelo Stiller,Stuttgart,3,22597345.0,1,https://kickbase.b-cdn.net/pool/playersbig/2694.png,0,128,1917,2221997,9,https://kickbase.b-cdn.net/team/2013/07/30/eea01bf0ab1145059d44f2585b352081.jpg
25,163,Niklas Süle,Dortmund,2,11407496.0,2,https://kickbase.b-cdn.net/pool/playersbig/163.png,0,66,721,2221997,3,https://kickbase.b-cdn.net/team/2013/07/30/0abbc3334029438b9ffc564f2923886b.jpg
26,6746,Attila Szalai,Hoffenheim,2,2126286.0,2,https://kickbase.b-cdn.net/pool/playersbig/6746.png,0,31,122,None,14,https://kickbase.b-cdn.net/team/2013/07/30/e2f816c2f6de4273945bcf96c70fcff7.jpg
27,4266,Mattias Svanberg,Wolfsburg,3,10016358.0,1,https://kickbase.b-cdn.net/pool/playersbig/4266.png,0,82,1231,88352,11,https://kickbase.b-cdn.net/team/2013/07/30/aaea46b304994c1694bda4880791b280.jpg
28,619,Kevin Stöger,Bochum,3,19946604.0,1,https://kickbase.b-cdn.net/pool/playersbig/619.png,0,120,1793,None,24,None
29,7303,Japhet Tanganga,Augsburg,2,500000.0,0,https://kickbase.b-cdn.net/pool/playersbig/7303.png,0,0,0,2626903,13,https://kickbase.b-cdn.net/team/2013/07/30/c7c9b0bd44694939a43e5bd3fb3c6364.jpg
30,699,Norman Theuerkauf,Heidenheim,2,1763553.0,1,https://kickbase.b-cdn.net/pool/playersbig/699.png,0,43,514,2073012,50,None
31,2765,Jan Thielmann,Köln,4,3071963.0,2,https://kickbase.b-cdn.net/pool/playersbig/2765.png,0,39,274,None,28,None
32,4314,Mathys Tel,Bayern,4,11010869.0,2,https://kickbase.b-cdn.net/pool/playersbig/4314.png,0,72,791,None,2,https://kickbase.b-cdn.net/team/2013/07/30/3ebe44c53c3f4c87bd605da69e743fb8.jpg
33,2273,Niclas Thiede,Bochum,1,500000.0,0,https://kickbase.b-cdn.net/pool/playersbig/2273.png,2,0,0,None,24,None
34,2783,Edmond Tapsoba,Bayer 04,2,21725109.0,2,https://kickbase.b-cdn.net/pool/playersbig/2783.png,256,114,1595,None,7,https://kickbase.b-cdn.net/team/2013/07/30/1429106832154f969e039ca54cf2662c.jpg
35,3193,Tiago Barreiros de Melo Tomás,Wolfsburg,4,1493875.0,1,https://kickbase.b-cdn.net/pool/playersbig/3193.png,0,24,333,2073012,11,https://kickbase.b-cdn.net/team/2013/07/30/aaea46b304994c1694bda4880791b280.jpg
36,2630,Denis Thomalla,Heidenheim,3,500000.0,0,https://kickbase.b-cdn.net/pool/playersbig/2630.png,2,14,201,None,50,None
37,7269,Nathan Tella,Bayer 04,3,4150582.0,1,https://kickbase.b-cdn.net/pool/playersbig/7269.png,0,39,314,None,7,https://kickbase.b-cdn.net/team/2013/07/30/1429106832154f969e039ca54cf2662c.jpg
38,173,Jonathan Tah,Bayer 04,2,28118469.0,1,https://kickbase.b-cdn.net/pool/playersbig/173.png,0,138,2076,None,7,https://kickbase.b-cdn.net/team/2013/07/30/1429106832154f969e039ca54cf2662c.jpg
39,2749,Steffen Tigges,Köln,4,1974488.0,1,https://kickbase.b-cdn.net/pool/playersbig/2749.png,0,16,178,2221997,28,None
40,2030,Phillip Tietz,Augsburg,4,3620909.0,2,https://kickbase.b-cdn.net/pool/playersbig/2030.png,0,57,908,2626903,13,https://kickbase.b-cdn.net/team/2013/07/30/c7c9b0bd44694939a43e5bd3fb3c6364.jpg
41,3230,Umut Tohumcu,Hoffenheim,3,2352103.0,2,https://kickbase.b-cdn.net/pool/playersbig/3230.png,0,56,222,None,14,https://kickbase.b-cdn.net/team/2013/07/30/e2f816c2f6de4273945bcf96c70fcff7.jpg
42,4303,Fabio Torsiello,Darmstadt,4,500000.0,0,https://kickbase.b-cdn.net/pool/playersbig/4303.png,0,-6,-17,None,42,None
43,2814,Lucas Tousart,Union,3,4565958.0,1,https://kickbase.b-cdn.net/pool/playersbig/2814.png,0,18,106,2631100,40,None
44,2400,Christopher Trimmel,Union,2,894437.0,2,https://kickbase.b-cdn.net/pool/playersbig/2400.png,0,47,513,2633134,40,None
45,429,Kevin Trapp,Frankfurt,1,10732918.0,1,https://kickbase.b-cdn.net/pool/playersbig/429.png,0,85,1273,None,4,https://kickbase.b-cdn.net/team/2013/07/30/80fe7ac3b0f643e2af669f6f77f4a5a6.jpg
46,6134,Omar Traoré,Heidenheim,2,991577.0,2,https://kickbase.b-cdn.net/pool/playersbig/6134.png,0,46,685,None,50,None
47,3245,Paul Tschernuth,Heidenheim,1,500000.0,0,https://kickbase.b-cdn.net/pool/playersbig/3245.png,0,0,0,None,50,None
48,4333,Lukas Ullrich,M-Gladbach,2,500000.0,0,https://kickbase.b-cdn.net/pool/playersbig/4333.png,4,-24,-48,None,15,https://kickbase.b-cdn.net/team/2013/07/30/d91892b110704f76a6d787c5078f3030.jpg
49,2065,Felix Uduokhai,Augsburg,2,6280353.0,2,https://kickbase.b-cdn.net/pool/playersbig/2065.png,0,67,1003,None,13,https://kickbase.b-cdn.net/team/2013/07/30/c7c9b0bd44694939a43e5bd3fb3c6364.jpg
50,2378,Lucas Silva Melo,Frankfurt,2,18055014.0,1,https://kickbase.b-cdn.net/pool/playersbig/2378.png,0,93,1400,None,4,https://kickbase.b-cdn.net/team/2013/07/30/80fe7ac3b0f643e2af669f6f77f4a5a6.jpg
51,383,Sven Ulreich,Bayern,1,500000.0,0,https://kickbase.b-cdn.net/pool/playersbig/383.png,0,75,598,2627255,2,https://kickbase.b-cdn.net/team/2013/07/30/3ebe44c53c3f4c87bd605da69e743fb8.jpg
52,3559,Laurin Ulrich,Stuttgart,3,500000.0,0,https://kickbase.b-cdn.net/pool/playersbig/3559.png,0,0,0,None,9,https://kickbase.b-cdn.net/team/2013/07/30/eea01bf0ab1145059d44f2585b352081.jpg
53,7158,Deniz Undav,Stuttgart,4,26495435.0,1,https://kickbase.b-cdn.net/pool/playersbig/7158.png,0,145,1879,2566773,9,https://kickbase.b-cdn.net/team/2013/07/30/eea01bf0ab1145059d44f2585b352081.jpg
54,1991,Dayotchanculle Upamecano,Bayern,2,28116278.0,1,https://kickbase.b-cdn.net/pool/playersbig/1991.png,0,120,1558,88352,2,https://kickbase.b-cdn.net/team/2013/07/30/3ebe44c53c3f4c87bd605da69e743fb8.jpg
55,36,Benjamin Uphoff,Freiburg,1,500000.0,0,https://kickbase.b-cdn.net/pool/playersbig/36.png,0,0,0,None,5,https://kickbase.b-cdn.net/team/2013/07/30/087b1e89dc5d440681b4467e659ffb06.jpg
56,1725,Mark Uth,Köln,3,887288.0,2,https://kickbase.b-cdn.net/pool/playersbig/1725.png,1,6,42,None,28,None
57,7425,Donny van de Beek,Frankfurt,3,15680298.0,1,https://kickbase.b-cdn.net/pool/teamsdummies/4.png,0,0,0,2222233,4,https://kickbase.b-cdn.net/team/2013/07/30/80fe7ac3b0f643e2af669f6f77f4a5a6.jpg
58,4258,Oscar Vilhelmsson,Darmstadt,4,500000.0,0,https://kickbase.b-cdn.net/pool/playersbig/4258.png,2,18,161,None,42,None
59,4418,Sepp van den Berg,Mainz 05,2,11150084.0,1,https://kickbase.b-cdn.net/pool/playersbig/4418.png,0,70,1047,2631100,18,https://kickbase.b-cdn.net/team/2013/07/30/7ddbe10cc9ba45d0902ab5fedfa3e817.jpg
60,1823,Milos Veljkovic,Bremen,2,4770625.0,2,https://kickbase.b-cdn.net/pool/playersbig/1823.png,2,73,946,None,10,https://kickbase.b-cdn.net/team/2013/07/30/f5ee82a13bc74c728dbd61672eafb76c.jpg
61,2664,Ruben Vargas,Augsburg,3,1717856.0,2,https://kickbase.b-cdn.net/pool/playersbig/2664.png,0,33,464,None,13,https://kickbase.b-cdn.net/team/2013/07/30/c7c9b0bd44694939a43e5bd3fb3c6364.jpg
62,2199,Josha Vagnoman,Stuttgart,2,10709700.0,2,https://kickbase.b-cdn.net/pool/playersbig/2199.png,0,46,277,None,9,https://kickbase.b-cdn.net/team/2013/07/30/eea01bf0ab1145059d44f2585b352081.jpg
63,477,Kevin Vogt,Hoffenheim,2,9057747.0,1,https://kickbase.b-cdn.net/pool/playersbig/477.png,0,75,1201,2627255,14,https://kickbase.b-cdn.net/team/2013/07/30/e2f816c2f6de4273945bcf96c70fcff7.jpg
64,3004,Aster Jan Vranckx,Wolfsburg,3,3518922.0,2,https://kickbase.b-cdn.net/pool/playersbig/3004.png,0,40,481,None,11,https://kickbase.b-cdn.net/team/2013/07/30/aaea46b304994c1694bda4880791b280.jpg
65,579,Kevin Volland,Union,4,11479997.0,1,https://kickbase.b-cdn.net/pool/playersbig/579.png,0,50,503,None,40,None
66,737,Luca Waldschmidt,Köln,4,5927295.0,2,https://kickbase.b-cdn.net/pool/playersbig/737.png,0,65,982,2627255,28,None
67,1330,Julian Weigl,M-Gladbach,3,9800435.0,2,https://kickbase.b-cdn.net/pool/playersbig/1330.png,0,78,1172,None,15,https://kickbase.b-cdn.net/team/2013/07/30/d91892b110704f76a6d787c5078f3030.jpg
68,43,Mitchell Weiser,Bremen,2,13152443.0,2,https://kickbase.b-cdn.net/pool/playersbig/43.png,0,79,1261,None,10,https://kickbase.b-cdn.net/team/2013/07/30/f5ee82a13bc74c728dbd61672eafb76c.jpg
69,2229,Wout Weghorst,Hoffenheim,4,12441182.0,1,https://kickbase.b-cdn.net/pool/playersbig/2229.png,0,91,1090,2073012,14,https://kickbase.b-cdn.net/team/2013/07/30/e2f816c2f6de4273945bcf96c70fcff7.jpg
70,4460,Nelson Weiper,Mainz 05,4,500000.0,0,https://kickbase.b-cdn.net/pool/playersbig/4460.png,1,2,7,None,18,https://kickbase.b-cdn.net/team/2013/07/30/7ddbe10cc9ba45d0902ab5fedfa3e817.jpg
71,3084,Marcel Wenig,Frankfurt,3,500000.0,0,https://kickbase.b-cdn.net/pool/playersbig/3084.png,64,0,0,None,4,https://kickbase.b-cdn.net/team/2013/07/30/80fe7ac3b0f643e2af669f6f77f4a5a6.jpg
72,734,Timo Werner,Leipzig,4,6507194.0,1,https://kickbase.b-cdn.net/pool/playersbig/734.png,0,47,376,2222233,43,None
73,3017,Noah Weißhaupt,Freiburg,3,3194433.0,2,https://kickbase.b-cdn.net/pool/playersbig/3017.png,0,39,501,2626903,5,https://kickbase.b-cdn.net/team/2013/07/30/087b1e89dc5d440681b4467e659ffb06.jpg
74,3041,Silvan Dominic Widmer,Mainz 05,2,4083868.0,2,https://kickbase.b-cdn.net/pool/playersbig/3041.png,0,68,273,None,18,https://kickbase.b-cdn.net/team/2013/07/30/7ddbe10cc9ba45d0902ab5fedfa3e817.jpg
75,3124,Patrick Wimmer,Wolfsburg,3,1652891.0,2,https://kickbase.b-cdn.net/pool/playersbig/3124.png,4,29,176,None,11,https://kickbase.b-cdn.net/team/2013/07/30/aaea46b304994c1694bda4880791b280.jpg
76,3196,Jonas Wind,Wolfsburg,4,25196611.0,1,https://kickbase.b-cdn.net/pool/playersbig/3196.png,0,111,1780,1948818,11,https://kickbase.b-cdn.net/team/2013/07/30/aaea46b304994c1694bda4880791b280.jpg
77,3025,Frederik Franck Winther,Augsburg,2,500000.0,0,https://kickbase.b-cdn.net/pool/playersbig/3025.png,2,0,0,None,13,https://kickbase.b-cdn.net/team/2013/07/30/c7c9b0bd44694939a43e5bd3fb3c6364.jpg
78,7156,Maximilian Wöber,M-Gladbach,2,12870333.0,2,https://kickbase.b-cdn.net/pool/playersbig/7156.png,16,105,1573,None,15,https://kickbase.b-cdn.net/team/2013/07/30/d91892b110704f76a6d787c5078f3030.jpg
79,2795,Florian Wirtz,Bayer 04,3,43200354.0,1,https://kickbase.b-cdn.net/pool/playersbig/2795.png,0,179,2858,2631100,7,https://kickbase.b-cdn.net/team/2013/07/30/1429106832154f969e039ca54cf2662c.jpg
80,1809,Marius Wolf,Dortmund,2,7340239.0,1,https://kickbase.b-cdn.net/pool/playersbig/1809.png,2,45,542,None,3,https://kickbase.b-cdn.net/team/2013/07/30/0abbc3334029438b9ffc564f2923886b.jpg
81,2460,Maximilian Wittek,Bochum,2,1690311.0,2,https://kickbase.b-cdn.net/pool/playersbig/2460.png,0,44,399,None,24,None
82,2655,Hannes Wolf,M-Gladbach,3,500000.0,0,https://kickbase.b-cdn.net/pool/playersbig/2655.png,2,0,0,None,15,https://kickbase.b-cdn.net/team/2013/07/30/d91892b110704f76a6d787c5078f3030.jpg
83,1590,Robin Zentner,Mainz 05,1,5129933.0,1,https://kickbase.b-cdn.net/pool/playersbig/1590.png,0,76,907,None,18,https://kickbase.b-cdn.net/team/2013/07/30/7ddbe10cc9ba45d0902ab5fedfa3e817.jpg
84,2758,Nick Woltemade,Bremen,4,500000.0,0,https://kickbase.b-cdn.net/pool/playersbig/2758.png,0,13,153,None,10,https://kickbase.b-cdn.net/team/2013/07/30/f5ee82a13bc74c728dbd61672eafb76c.jpg
85,2068,Dan-Axel Zagadou,Stuttgart,2,22125557.0,1,https://kickbase.b-cdn.net/pool/playersbig/2068.png,0,105,1673,None,9,https://kickbase.b-cdn.net/team/2013/07/30/eea01bf0ab1145059d44f2585b352081.jpg
86,573,Granit Xhaka,Bayer 04,3,37006595.0,1,https://kickbase.b-cdn.net/pool/playersbig/573.png,0,154,2471,2073012,7,https://kickbase.b-cdn.net/team/2013/07/30/1429106832154f969e039ca54cf2662c.jpg
87,6179,Cédric Zesiger,Wolfsburg,2,4680355.0,2,https://kickbase.b-cdn.net/pool/playersbig/6179.png,0,54,702,None,11,https://kickbase.b-cdn.net/team/2013/07/30/aaea46b304994c1694bda4880791b280.jpg
88,1225,Leopold Zingerle,Leipzig,1,500000.0,0,https://kickbase.b-cdn.net/pool/playersbig/1225.png,0,0,0,None,43,None
89,2201,Linton Maina,Köln,4,2196894.0,2,https://kickbase.b-cdn.net/pool/playersbig/2201.png,0,47,656,None,28,None
90,2005,Arne Maier,Augsburg,3,500000.0,0,https://kickbase.b-cdn.net/pool/playersbig/2005.png,0,-10,-39,None,13,https://kickbase.b-cdn.net/team/2013/07/30/c7c9b0bd44694939a43e5bd3fb3c6364.jpg
91,1655,Michael Zetterer,Bremen,1,7354566.0,1,https://kickbase.b-cdn.net/pool/playersbig/1655.png,0,89,798,None,10,https://kickbase.b-cdn.net/team/2013/07/30/f5ee82a13bc74c728dbd61672eafb76c.jpg
92,1782,Christoph Zimmermann,Darmstadt,2,1955768.0,1,https://kickbase.b-cdn.net/pool/playersbig/1782.png,2,49,296,2631100,42,None
93,7215,Jordy Makengo,Freiburg,2,7654529.0,2,https://kickbase.b-cdn.net/pool/playersbig/7215.png,0,84,420,None,5,https://kickbase.b-cdn.net/team/2013/07/30/087b1e89dc5d440681b4467e659ffb06.jpg
94,3087,Donyell Malen,Dortmund,4,24339176.0,1,https://kickbase.b-cdn.net/pool/playersbig/3087.png,0,98,1474,2221997,3,https://kickbase.b-cdn.net/team/2013/07/30/0abbc3334029438b9ffc564f2923886b.jpg
95,7243,Lovro Majer,Wolfsburg,3,8168947.0,2,https://kickbase.b-cdn.net/pool/playersbig/7243.png,0,65,1033,88352,11,https://kickbase.b-cdn.net/team/2013/07/30/aaea46b304994c1694bda4880791b280.jpg
96,841,Patrick Mainka,Heidenheim,2,14907010.0,1,https://kickbase.b-cdn.net/pool/playersbig/841.png,0,99,1589,2566773,50,None
97,3238,Braydon Marvin Manu,Darmstadt,4,500000.0,0,https://kickbase.b-cdn.net/pool/playersbig/3238.png,1,-5,-9,None,42,None
98,2792,Omar Marmoush,Frankfurt,4,15031416.0,2,https://kickbase.b-cdn.net/pool/playersbig/2792.png,256,100,1500,None,4,https://kickbase.b-cdn.net/team/2013/07/30/80fe7ac3b0f643e2af669f6f77f4a5a6.jpg
99,2546,Roberto Massimo,Stuttgart,3,500000.0,0,https://kickbase.b-cdn.net/pool/playersbig/2546.png,0,9,28,None,9,https://kickbase.b-cdn.net/team/2013/07/30/eea01bf0ab1145059d44f2585b352081.jpg
100,2399,Lennard Maloney,Heidenheim,3,5630240.0,1,https://kickbase.b-cdn.net/pool/playersbig/2399.png,0,50,797,None,50,None
101,2702,Eric Martel,Köln,3,9148057.0,2,https://kickbase.b-cdn.net/pool/playersbig/2702.png,0,66,861,None,28,None
102,2639,Kevin Mbabu,Augsburg,2,2708100.0,2,https://kickbase.b-cdn.net/pool/playersbig/2639.png,0,40,404,None,13,https://kickbase.b-cdn.net/team/2013/07/30/c7c9b0bd44694939a43e5bd3fb3c6364.jpg
103,3477,Noussair Mazraoui,Bayern,2,16660662.0,1,https://kickbase.b-cdn.net/pool/playersbig/3477.png,256,139,1526,None,2,https://kickbase.b-cdn.net/team/2013/07/30/3ebe44c53c3f4c87bd605da69e743fb8.jpg
104,4579,Noah Mbamba,Bayer 04,3,692011.0,2,https://kickbase.b-cdn.net/pool/playersbig/4579.png,0,67,134,None,7,https://kickbase.b-cdn.net/team/2013/07/30/1429106832154f969e039ca54cf2662c.jpg
105,2994,Erhan Mašović,Bochum,2,923940.0,2,https://kickbase.b-cdn.net/pool/playersbig/2994.png,0,37,524,2631100,24,None
106,1217,Philipp Max,Frankfurt,2,3417180.0,2,https://kickbase.b-cdn.net/pool/playersbig/1217.png,2,54,702,2566773,4,https://kickbase.b-cdn.net/team/2013/07/30/80fe7ac3b0f643e2af669f6f77f4a5a6.jpg
107,4630,Nathanaël Mbuku,Augsburg,4,500000.0,0,https://kickbase.b-cdn.net/pool/playersbig/4630.png,0,2,2,None,13,https://kickbase.b-cdn.net/team/2013/07/30/c7c9b0bd44694939a43e5bd3fb3c6364.jpg
108,2287,Gonçalo Mendes Paciência,Bochum,4,4315117.0,2,https://kickbase.b-cdn.net/pool/playersbig/2287.png,2,57,571,None,24,None
109,2489,Marvin Mehlem,Darmstadt,3,2517230.0,2,https://kickbase.b-cdn.net/pool/playersbig/2489.png,1,76,992,None,42,None
110,2835,Thomas Meunier,Dortmund,2,4370226.0,2,https://kickbase.b-cdn.net/pool/playersbig/2835.png,0,38,150,None,3,https://kickbase.b-cdn.net/team/2013/07/30/0abbc3334029438b9ffc564f2923886b.jpg
111,3130,Enzo Millot,Stuttgart,3,22027457.0,1,https://kickbase.b-cdn.net/pool/playersbig/3130.png,0,111,1556,None,9,https://kickbase.b-cdn.net/team/2013/07/30/eea01bf0ab1145059d44f2585b352081.jpg
112,2148,Alexander Meyer,Dortmund,1,500000.0,0,https://kickbase.b-cdn.net/pool/playersbig/2148.png,0,71,71,None,3,https://kickbase.b-cdn.net/team/2013/07/30/0abbc3334029438b9ffc564f2923886b.jpg
113,6171,Jovan Milosevic,Stuttgart,4,500000.0,0,https://kickbase.b-cdn.net/pool/playersbig/6171.png,0,9,34,None,9,https://kickbase.b-cdn.net/team/2013/07/30/eea01bf0ab1145059d44f2585b352081.jpg
114,1961,Serge Gnabry,Bayern,3,10668830.0,2,https://kickbase.b-cdn.net/pool/playersbig/1961.png,1,49,245,None,2,https://kickbase.b-cdn.net/team/2013/07/30/3ebe44c53c3f4c87bd605da69e743fb8.jpg
115,168,Sven Michel,Augsburg,4,2558331.0,2,https://kickbase.b-cdn.net/pool/playersbig/168.png,0,29,322,None,13,https://kickbase.b-cdn.net/team/2013/07/30/c7c9b0bd44694939a43e5bd3fb3c6364.jpg
116,660,Leon Goretzka,Bayern,3,29016338.0,1,https://kickbase.b-cdn.net/pool/playersbig/660.png,0,136,1497,None,2,https://kickbase.b-cdn.net/team/2013/07/30/3ebe44c53c3f4c87bd605da69e743fb8.jpg
117,1664,Maximilian Mittelstädt,Stuttgart,2,16991695.0,1,https://kickbase.b-cdn.net/pool/playersbig/1664.png,0,89,1249,88352,9,https://kickbase.b-cdn.net/team/2013/07/30/eea01bf0ab1145059d44f2585b352081.jpg
118,357,Jens Grahl,Frankfurt,1,1701360.0,2,https://kickbase.b-cdn.net/pool/playersbig/357.png,0,174,174,None,4,https://kickbase.b-cdn.net/team/2013/07/30/80fe7ac3b0f643e2af669f6f77f4a5a6.jpg
119,1703,Florian Grillitsch,Hoffenheim,3,4787051.0,2,https://kickbase.b-cdn.net/pool/playersbig/1703.png,0,62,803,2073012,14,https://kickbase.b-cdn.net/team/2013/07/30/e2f816c2f6de4273945bcf96c70fcff7.jpg
120,7242,Robin Gosens,Union,2,13468758.0,1,https://kickbase.b-cdn.net/pool/playersbig/7242.png,2,82,1062,None,40,None
121,493,Michael Gregoritsch,Freiburg,4,13589928.0,1,https://kickbase.b-cdn.net/pool/playersbig/493.png,0,65,915,2566773,5,https://kickbase.b-cdn.net/team/2013/07/30/087b1e89dc5d440681b4467e659ffb06.jpg
122,513,Mario Götze,Frankfurt,3,10115075.0,2,https://kickbase.b-cdn.net/pool/playersbig/513.png,0,39,551,None,4,https://kickbase.b-cdn.net/team/2013/07/30/80fe7ac3b0f643e2af669f6f77f4a5a6.jpg
123,1811,Jeffrey Gouweleeuw,Augsburg,2,6662800.0,2,https://kickbase.b-cdn.net/pool/playersbig/1811.png,0,74,966,None,13,https://kickbase.b-cdn.net/team/2013/07/30/c7c9b0bd44694939a43e5bd3fb3c6364.jpg
124,118,Vincenzo Grifo,Freiburg,3,29605098.0,1,https://kickbase.b-cdn.net/pool/playersbig/118.png,0,113,1581,1948818,5,https://kickbase.b-cdn.net/team/2013/07/30/087b1e89dc5d440681b4467e659ffb06.jpg
125,6173,Alejandro Grimaldo,Bayer 04,2,36980379.0,1,https://kickbase.b-cdn.net/pool/playersbig/6173.png,0,186,2982,None,7,https://kickbase.b-cdn.net/team/2013/07/30/1429106832154f969e039ca54cf2662c.jpg
126,4596,Brajan Gruda,Mainz 05,3,7687497.0,2,https://kickbase.b-cdn.net/pool/playersbig/4596.png,0,45,628,None,18,https://kickbase.b-cdn.net/team/2013/07/30/7ddbe10cc9ba45d0902ab5fedfa3e817.jpg
127,2735,Christian Groß,Bremen,3,500000.0,2,https://kickbase.b-cdn.net/pool/playersbig/2735.png,0,23,187,None,10,https://kickbase.b-cdn.net/team/2013/07/30/f5ee82a13bc74c728dbd61672eafb76c.jpg
128,1862,Raphaël Guerreiro,Bayern,2,19861253.0,1,https://kickbase.b-cdn.net/pool/playersbig/1862.png,0,84,421,None,2,https://kickbase.b-cdn.net/team/2013/07/30/3ebe44c53c3f4c87bd605da69e743fb8.jpg
129,1618,Josuha Guilavogui,Mainz 05,2,2474906.0,1,https://kickbase.b-cdn.net/pool/playersbig/1618.png,0,29,58,2221997,18,https://kickbase.b-cdn.net/team/2013/07/30/7ddbe10cc9ba45d0902ab5fedfa3e817.jpg
130,1920,Serhou Guirassy,Stuttgart,4,35008249.0,2,https://kickbase.b-cdn.net/pool/playersbig/1920.png,2,201,2809,None,9,https://kickbase.b-cdn.net/team/2013/07/30/eea01bf0ab1145059d44f2585b352081.jpg
131,1138,Manuel Gulde,Freiburg,2,3272806.0,2,https://kickbase.b-cdn.net/pool/playersbig/1138.png,0,61,666,None,5,https://kickbase.b-cdn.net/team/2013/07/30/087b1e89dc5d440681b4467e659ffb06.jpg
132,1896,Péter Gulácsi,Leipzig,1,3573882.0,2,https://kickbase.b-cdn.net/pool/playersbig/1896.png,0,0,0,None,43,None
133,89,Christian Günter,Freiburg,2,8248933.0,1,https://kickbase.b-cdn.net/pool/playersbig/89.png,4,132,132,2222409,5,https://kickbase.b-cdn.net/team/2013/07/30/087b1e89dc5d440681b4467e659ffb06.jpg
134,1553,Janik Haberer,Union,3,3956586.0,2,https://kickbase.b-cdn.net/pool/playersbig/1553.png,0,32,381,None,40,None
135,2885,Robert Gumny,Augsburg,2,3248625.0,1,https://kickbase.b-cdn.net/pool/playersbig/2885.png,0,24,260,2633134,13,https://kickbase.b-cdn.net/team/2013/07/30/c7c9b0bd44694939a43e5bd3fb3c6364.jpg
136,2074,Robin Hack,M-Gladbach,3,4342792.0,2,https://kickbase.b-cdn.net/pool/playersbig/2074.png,0,27,321,None,15,https://kickbase.b-cdn.net/team/2013/07/30/d91892b110704f76a6d787c5078f3030.jpg
137,2365,Amadou Haidara,Leipzig,3,10553473.0,2,https://kickbase.b-cdn.net/pool/playersbig/2365.png,256,88,876,2222409,43,None
138,2037,Sébastien Haller,Dortmund,4,2809176.0,2,https://kickbase.b-cdn.net/pool/playersbig/2037.png,256,22,241,None,3,https://kickbase.b-cdn.net/team/2013/07/30/0abbc3334029438b9ffc564f2923886b.jpg
139,4421,Mërgim Berisha,Hoffenheim,4,500000.0,0,https://kickbase.b-cdn.net/pool/playersbig/4421.png,1,13,106,None,14,https://kickbase.b-cdn.net/team/2013/07/30/e2f816c2f6de4273945bcf96c70fcff7.jpg
140,1571,Genki Haraguchi,Stuttgart,3,500000.0,0,https://kickbase.b-cdn.net/pool/playersbig/1571.png,0,-10,-10,None,9,https://kickbase.b-cdn.net/team/2013/07/30/eea01bf0ab1145059d44f2585b352081.jpg
141,1954,Bernardo Fernandes da Silva Junior,Bochum,2,12003933.0,1,https://kickbase.b-cdn.net/pool/playersbig/1954.png,0,81,1291,None,24,None
142,3250,Christian Kühlwetter,Heidenheim,4,500000.0,0,https://kickbase.b-cdn.net/pool/playersbig/3250.png,0,0,0,None,50,None
143,4580,Dion Beljo,Augsburg,4,5401201.0,1,https://kickbase.b-cdn.net/pool/playersbig/4580.png,2,27,346,None,13,https://kickbase.b-cdn.net/team/2013/07/30/c7c9b0bd44694939a43e5bd3fb3c6364.jpg
144,1257,Lukas Kübler,Freiburg,2,2728452.0,1,https://kickbase.b-cdn.net/pool/playersbig/1257.png,0,55,663,2627255,5,https://kickbase.b-cdn.net/team/2013/07/30/087b1e89dc5d440681b4467e659ffb06.jpg
145,6288,Matús Bero,Bochum,3,692832.0,2,https://kickbase.b-cdn.net/pool/playersbig/6288.png,0,19,170,None,24,None
146,4576,Andreas Hanche-Olsen,Mainz 05,2,2040295.0,1,https://kickbase.b-cdn.net/pool/playersbig/4576.png,0,-27,-53,None,18,https://kickbase.b-cdn.net/team/2013/07/30/7ddbe10cc9ba45d0902ab5fedfa3e817.jpg
147,2736,Ramy Bensebaini,Dortmund,2,15225395.0,2,https://kickbase.b-cdn.net/pool/playersbig/2736.png,256,82,1072,None,3,https://kickbase.b-cdn.net/team/2013/07/30/0abbc3334029438b9ffc564f2923886b.jpg
148,2878,Maxence Lacroix,Wolfsburg,2,8298645.0,2,https://kickbase.b-cdn.net/pool/playersbig/2878.png,8,81,1137,None,11,https://kickbase.b-cdn.net/team/2013/07/30/aaea46b304994c1694bda4880791b280.jpg
149,4623,Aïssa Laïdouni,Union,3,1746604.0,2,https://kickbase.b-cdn.net/pool/playersbig/4623.png,256,41,539,None,40,None
150,2038,Konrad Laimer,Bayern,3,24720506.0,2,https://kickbase.b-cdn.net/pool/playersbig/2038.png,0,101,1511,2631100,2,https://kickbase.b-cdn.net/team/2013/07/30/3ebe44c53c3f4c87bd605da69e743fb8.jpg
151,550,Stefan Bell,Mainz 05,2,1436973.0,2,https://kickbase.b-cdn.net/pool/playersbig/550.png,2,32,317,None,18,https://kickbase.b-cdn.net/team/2013/07/30/7ddbe10cc9ba45d0902ab5fedfa3e817.jpg
152,3306,Daniel-Kofi Kyereh,Freiburg,3,500000.0,0,https://kickbase.b-cdn.net/pool/playersbig/3306.png,4,0,0,None,5,https://kickbase.b-cdn.net/team/2013/07/30/087b1e89dc5d440681b4467e659ffb06.jpg
153,2561,Moritz-Broni Kwarteng,Bochum,3,697623.0,2,https://kickbase.b-cdn.net/pool/playersbig/2561.png,0,26,153,None,24,None
154,6185,Hugo Larsson,Frankfurt,3,12468854.0,1,https://kickbase.b-cdn.net/pool/playersbig/6185.png,0,78,1095,2633134,4,https://kickbase.b-cdn.net/team/2013/07/30/80fe7ac3b0f643e2af669f6f77f4a5a6.jpg
155,2644,Stefan Lainer,M-Gladbach,2,1167665.0,1,https://kickbase.b-cdn.net/pool/playersbig/2644.png,0,0,0,2633134,15,https://kickbase.b-cdn.net/team/2013/07/30/d91892b110704f76a6d787c5078f3030.jpg
156,2476,Jae-Sung Lee,Mainz 05,3,2029353.0,2,https://kickbase.b-cdn.net/pool/playersbig/2476.png,256,47,755,None,18,https://kickbase.b-cdn.net/team/2013/07/30/7ddbe10cc9ba45d0902ab5fedfa3e817.jpg
157,4265,Diogo Leite,Union,2,9696631.0,2,https://kickbase.b-cdn.net/pool/playersbig/4265.png,0,69,1038,None,40,None
158,1739,Christopher Lenz,Leipzig,2,500000.0,0,https://kickbase.b-cdn.net/pool/playersbig/1739.png,0,25,124,None,43,None
159,2515,Maxim Leitsch,Mainz 05,2,544847.0,2,https://kickbase.b-cdn.net/pool/playersbig/2515.png,0,54,270,None,18,https://kickbase.b-cdn.net/team/2013/07/30/7ddbe10cc9ba45d0902ab5fedfa3e817.jpg
160,2084,Philipp Lienhart,Freiburg,2,12578849.0,2,https://kickbase.b-cdn.net/pool/playersbig/2084.png,1,87,1217,None,5,https://kickbase.b-cdn.net/team/2013/07/30/087b1e89dc5d440681b4467e659ffb06.jpg
161,2988,Jamie Leweling,Stuttgart,4,9753187.0,1,https://kickbase.b-cdn.net/pool/playersbig/2988.png,0,44,707,88352,9,https://kickbase.b-cdn.net/team/2013/07/30/eea01bf0ab1145059d44f2585b352081.jpg
162,3029,Dejan Ljubičić,Köln,3,4224674.0,2,https://kickbase.b-cdn.net/pool/playersbig/3029.png,2,47,700,None,28,None
163,97,Niklas Lomb,Bayer 04,1,500000.0,0,https://kickbase.b-cdn.net/pool/playersbig/97.png,0,0,0,None,7,https://kickbase.b-cdn.net/team/2013/07/30/1429106832154f969e039ca54cf2662c.jpg
164,6186,Noah Loosli,Bochum,2,500000.0,0,https://kickbase.b-cdn.net/pool/playersbig/6186.png,0,13,88,None,24,None
165,6187,Marcel Lubik,Augsburg,1,500000.0,0,https://kickbase.b-cdn.net/pool/playersbig/6187.png,0,0,0,88352,13,https://kickbase.b-cdn.net/team/2013/07/30/c7c9b0bd44694939a43e5bd3fb3c6364.jpg
166,2979,Marcel Laurenz Lotka,Dortmund,1,500000.0,0,https://kickbase.b-cdn.net/pool/playersbig/2979.png,0,0,0,None,3,https://kickbase.b-cdn.net/team/2013/07/30/0abbc3334029438b9ffc564f2923886b.jpg
167,1514,Anthony Losilla,Bochum,3,3629638.0,2,https://kickbase.b-cdn.net/pool/playersbig/1514.png,0,58,873,None,24,None
168,7167,Senne Lynen,Bremen,3,685423.0,2,https://kickbase.b-cdn.net/pool/playersbig/7167.png,0,21,321,None,10,https://kickbase.b-cdn.net/team/2013/07/30/f5ee82a13bc74c728dbd61672eafb76c.jpg
169,7236,Joakim Mæhle,Wolfsburg,2,14227332.0,1,https://kickbase.b-cdn.net/pool/playersbig/7236.png,0,83,1242,2222409,11,https://kickbase.b-cdn.net/team/2013/07/30/aaea46b304994c1694bda4880791b280.jpg
170,7224,Castello Lukeba,Leipzig,2,15768199.0,1,https://kickbase.b-cdn.net/pool/playersbig/7224.png,0,82,1226,None,43,None
171,3108,Matej Maglica,Darmstadt,2,2061614.0,2,https://kickbase.b-cdn.net/pool/playersbig/3108.png,0,35,449,None,42,None
172,285,Makoto Hasebe,Frankfurt,2,2221159.0,2,https://kickbase.b-cdn.net/pool/playersbig/285.png,0,32,95,None,4,https://kickbase.b-cdn.net/team/2013/07/30/80fe7ac3b0f643e2af669f6f77f4a5a6.jpg
173,3125,Jens Petter Hauge,Frankfurt,3,4140621.0,1,https://kickbase.b-cdn.net/pool/playersbig/3125.png,0,14,112,None,4,https://kickbase.b-cdn.net/team/2013/07/30/80fe7ac3b0f643e2af669f6f77f4a5a6.jpg
174,3128,Piero Hincapié,Bayer 04,2,14872437.0,1,https://kickbase.b-cdn.net/pool/playersbig/3128.png,0,73,587,2631100,7,https://kickbase.b-cdn.net/team/2013/07/30/1429106832154f969e039ca54cf2662c.jpg
175,1689,Benjamin Henrichs,Leipzig,2,25138051.0,2,https://kickbase.b-cdn.net/pool/playersbig/1689.png,0,118,1777,None,43,None
176,547,Patrick Herrmann,M-Gladbach,3,500000.0,0,https://kickbase.b-cdn.net/pool/playersbig/547.png,0,26,79,2566773,15,https://kickbase.b-cdn.net/team/2013/07/30/d91892b110704f76a6d787c5078f3030.jpg
177,1249,Dominique Heintz,Köln,2,670102.0,2,https://kickbase.b-cdn.net/pool/playersbig/1249.png,0,58,348,None,28,None
178,581,Nicolas Höfler,Freiburg,3,6854643.0,2,https://kickbase.b-cdn.net/pool/playersbig/581.png,32,79,942,2626903,5,https://kickbase.b-cdn.net/team/2013/07/30/087b1e89dc5d440681b4467e659ffb06.jpg
179,3471,Adam Hlozek,Bayer 04,4,5986841.0,1,https://kickbase.b-cdn.net/pool/playersbig/3471.png,0,28,365,2221997,7,https://kickbase.b-cdn.net/team/2013/07/30/1429106832154f969e039ca54cf2662c.jpg
180,46,Philipp Hofmann,Bochum,4,1094690.0,2,https://kickbase.b-cdn.net/pool/playersbig/46.png,0,43,553,None,24,None
181,78,Jonas Hofmann,Bayer 04,3,37402153.0,1,https://kickbase.b-cdn.net/pool/playersbig/78.png,0,159,2545,2633134,7,https://kickbase.b-cdn.net/team/2013/07/30/1429106832154f969e039ca54cf2662c.jpg
182,6319,Franck Honorat,M-Gladbach,3,16954665.0,2,https://kickbase.b-cdn.net/pool/playersbig/6319.png,0,99,1586,1948818,15,https://kickbase.b-cdn.net/team/2013/07/30/d91892b110704f76a6d787c5078f3030.jpg
183,6111,Benedict Hollerbach,Union,4,5366045.0,2,https://kickbase.b-cdn.net/pool/playersbig/6111.png,0,29,287,None,40,None
184,2176,Lucas Höler,Freiburg,4,12773619.0,1,https://kickbase.b-cdn.net/pool/playersbig/2176.png,2,82,1310,None,5,https://kickbase.b-cdn.net/team/2013/07/30/087b1e89dc5d440681b4467e659ffb06.jpg
185,6304,Fraser Hornby,Darmstadt,4,500000.0,0,https://kickbase.b-cdn.net/pool/playersbig/6304.png,1,17,118,None,42,None
186,655,Fabian Holland,Darmstadt,2,1111573.0,1,https://kickbase.b-cdn.net/pool/playersbig/655.png,0,52,621,2631100,42,None
187,3242,Thomas Isherwood,Darmstadt,2,2949359.0,1,https://kickbase.b-cdn.net/pool/playersbig/3242.png,0,24,166,2221997,42,None
188,2455,Mathias Honsak,Darmstadt,3,1325154.0,2,https://kickbase.b-cdn.net/pool/playersbig/2455.png,2,15,194,None,42,None
189,1761,Lukas Hradecky,Bayer 04,1,17698876.0,1,https://kickbase.b-cdn.net/pool/playersbig/1761.png,0,114,1820,2626903,7,https://kickbase.b-cdn.net/team/2013/07/30/1429106832154f969e039ca54cf2662c.jpg
190,2662,Iago Amaral Borduchi,Augsburg,2,746631.0,2,https://kickbase.b-cdn.net/pool/playersbig/2662.png,4,43,434,None,13,https://kickbase.b-cdn.net/team/2013/07/30/c7c9b0bd44694939a43e5bd3fb3c6364.jpg
191,2069,Timo Hübers,Köln,2,14070279.0,1,https://kickbase.b-cdn.net/pool/playersbig/2069.png,0,86,1378,2222409,28,None
192,304,Mats Hummels,Dortmund,2,23330908.0,1,https://kickbase.b-cdn.net/pool/playersbig/304.png,0,103,1437,2221997,3,https://kickbase.b-cdn.net/team/2013/07/30/0abbc3334029438b9ffc564f2923886b.jpg
193,3089,Hiroki Ito,Stuttgart,2,14293549.0,2,https://kickbase.b-cdn.net/pool/playersbig/3089.png,256,120,1444,None,9,https://kickbase.b-cdn.net/team/2013/07/30/eea01bf0ab1145059d44f2585b352081.jpg
194,3500,Denis Huseinbasic,Köln,3,500000.0,2,https://kickbase.b-cdn.net/pool/playersbig/3500.png,0,12,121,None,28,None
195,2197,Paul Jaeckel,Union,2,683753.0,2,https://kickbase.b-cdn.net/pool/playersbig/2197.png,0,33,131,None,40,None
196,3129,Ko Itakura,M-Gladbach,2,7660936.0,2,https://kickbase.b-cdn.net/pool/playersbig/3129.png,256,96,673,None,15,https://kickbase.b-cdn.net/team/2013/07/30/d91892b110704f76a6d787c5078f3030.jpg
197,3030,Rafael Borré,Bremen,4,9498222.0,2,https://kickbase.b-cdn.net/pool/playersbig/3030.png,0,64,835,None,10,https://kickbase.b-cdn.net/team/2013/07/30/f5ee82a13bc74c728dbd61672eafb76c.jpg
198,2237,Fabian Bredlow,Stuttgart,1,500000.0,0,https://kickbase.b-cdn.net/pool/playersbig/2237.png,0,0,0,None,9,https://kickbase.b-cdn.net/team/2013/07/30/eea01bf0ab1145059d44f2585b352081.jpg
199,1192,Julian Brandt,Dortmund,3,34943570.0,1,https://kickbase.b-cdn.net/pool/playersbig/1192.png,0,139,2227,2566773,3,https://kickbase.b-cdn.net/team/2013/07/30/0abbc3334029438b9ffc564f2923886b.jpg
200,3329,Tim Breithaupt,Augsburg,3,500000.0,0,https://kickbase.b-cdn.net/pool/playersbig/3329.png,0,7,72,None,13,https://kickbase.b-cdn.net/team/2013/07/30/c7c9b0bd44694939a43e5bd3fb3c6364.jpg
201,2255,Jonathan Burkardt,Mainz 05,4,5031101.0,1,https://kickbase.b-cdn.net/pool/playersbig/2255.png,0,3,15,2627255,18,https://kickbase.b-cdn.net/team/2013/07/30/7ddbe10cc9ba45d0902ab5fedfa3e817.jpg
202,6674,Paris Brunner,Dortmund,4,5731042.0,2,https://kickbase.b-cdn.net/pool/playersbig/6674.png,0,0,0,None,3,https://kickbase.b-cdn.net/team/2013/07/30/0abbc3334029438b9ffc564f2923886b.jpg
203,2552,Marius Bülter,Hoffenheim,4,5623872.0,2,https://kickbase.b-cdn.net/pool/playersbig/2552.png,0,51,817,None,14,https://kickbase.b-cdn.net/team/2013/07/30/e2f816c2f6de4273945bcf96c70fcff7.jpg
204,1561,Alexander Brunst-Zöllner,Darmstadt,1,500000.0,0,https://kickbase.b-cdn.net/pool/playersbig/1561.png,0,68,68,None,42,None
205,1622,Marnon Busch,Heidenheim,2,3988101.0,2,https://kickbase.b-cdn.net/pool/playersbig/1622.png,0,28,170,None,50,None
206,3479,Aurélio Buta,Frankfurt,2,10252741.0,2,https://kickbase.b-cdn.net/pool/playersbig/3479.png,0,58,930,2627255,4,https://kickbase.b-cdn.net/team/2013/07/30/80fe7ac3b0f643e2af669f6f77f4a5a6.jpg
207,2393,Jakob Busk,Union,1,500000.0,0,https://kickbase.b-cdn.net/pool/playersbig/2393.png,0,0,0,None,40,None
208,54,Emre Can,Dortmund,3,20373722.0,2,https://kickbase.b-cdn.net/pool/playersbig/54.png,0,93,1206,2221997,3,https://kickbase.b-cdn.net/team/2013/07/30/0abbc3334029438b9ffc564f2923886b.jpg
209,3219,Jamie Jermaine Bynoe-Gittens,Dortmund,3,15155418.0,1,https://kickbase.b-cdn.net/pool/playersbig/3219.png,0,78,625,2626903,3,https://kickbase.b-cdn.net/team/2013/07/30/0abbc3334029438b9ffc564f2923886b.jpg
210,651,John Anthony Brooks,Hoffenheim,2,16825072.0,1,https://kickbase.b-cdn.net/pool/playersbig/651.png,0,98,1271,1948818,14,https://kickbase.b-cdn.net/team/2013/07/30/e2f816c2f6de4273945bcf96c70fcff7.jpg
211,7161,Rasmus Carstensen,Köln,2,699423.0,2,https://kickbase.b-cdn.net/pool/playersbig/7161.png,0,37,513,None,28,None
212,3470,Anthony Caci,Mainz 05,2,4153670.0,2,https://kickbase.b-cdn.net/pool/playersbig/3470.png,0,57,803,None,18,https://kickbase.b-cdn.net/team/2013/07/30/7ddbe10cc9ba45d0902ab5fedfa3e817.jpg
213,497,Koen Casteels,Wolfsburg,1,12618064.0,1,https://kickbase.b-cdn.net/pool/playersbig/497.png,0,99,1287,2633134,11,https://kickbase.b-cdn.net/team/2013/07/30/aaea46b304994c1694bda4880791b280.jpg
214,2883,Moritz Broschinski,Bochum,4,500000.0,0,https://kickbase.b-cdn.net/pool/playersbig/2883.png,0,4,42,None,24,None
215,3190,Jeff Chabot,Köln,2,9402795.0,1,https://kickbase.b-cdn.net/pool/playersbig/3190.png,0,73,1093,None,28,None
216,7277,Farès Chaïbi,Frankfurt,3,7571617.0,2,https://kickbase.b-cdn.net/pool/playersbig/7277.png,256,71,929,None,4,https://kickbase.b-cdn.net/team/2013/07/30/80fe7ac3b0f643e2af669f6f77f4a5a6.jpg
217,6180,Václav Cerny,Wolfsburg,3,1527929.0,2,https://kickbase.b-cdn.net/pool/playersbig/6180.png,0,35,419,None,11,https://kickbase.b-cdn.net/team/2013/07/30/aaea46b304994c1694bda4880791b280.jpg
218,461,Timothy Chandler,Frankfurt,2,500000.0,0,https://kickbase.b-cdn.net/pool/playersbig/461.png,1,0,0,None,4,https://kickbase.b-cdn.net/team/2013/07/30/80fe7ac3b0f643e2af669f6f77f4a5a6.jpg
219,3063,Fabio Chiarodia,M-Gladbach,2,501933.0,1,https://kickbase.b-cdn.net/pool/playersbig/3063.png,2,14,68,None,15,https://kickbase.b-cdn.net/team/2013/07/30/d91892b110704f76a6d787c5078f3030.jpg
220,6175,Jacob Christensen,Köln,3,500000.0,0,https://kickbase.b-cdn.net/pool/playersbig/6175.png,0,0,0,None,28,None
221,336,Eric Maxim Choupo-Moting,Bayern,4,4546849.0,2,https://kickbase.b-cdn.net/pool/playersbig/336.png,0,59,824,None,2,https://kickbase.b-cdn.net/team/2013/07/30/3ebe44c53c3f4c87bd605da69e743fb8.jpg
222,4318,Tim Oermann,Bochum,2,1952501.0,2,https://kickbase.b-cdn.net/pool/playersbig/4318.png,0,22,112,None,24,None
223,3167,Mathias Flaga Olesen,Köln,3,500000.0,0,https://kickbase.b-cdn.net/pool/playersbig/3167.png,0,-9,-51,None,28,None
224,2494,Masaya Okugawa,Augsburg,3,500000.0,0,https://kickbase.b-cdn.net/pool/playersbig/2494.png,0,14,27,None,13,https://kickbase.b-cdn.net/team/2013/07/30/c7c9b0bd44694939a43e5bd3fb3c6364.jpg
225,6060,Leon Opitz,Bremen,3,500000.0,0,https://kickbase.b-cdn.net/pool/playersbig/6060.png,1,-4,-8,None,10,https://kickbase.b-cdn.net/team/2013/07/30/f5ee82a13bc74c728dbd61672eafb76c.jpg
226,2776,Dani Olmo,Leipzig,3,21516457.0,1,https://kickbase.b-cdn.net/pool/playersbig/2776.png,2,117,584,2626903,43,None
227,6664,Loïs Openda,Leipzig,4,38584501.0,1,https://kickbase.b-cdn.net/pool/playersbig/6664.png,0,136,2174,2633134,43,None
228,4590,Jonas Omlin,M-Gladbach,1,8807131.0,1,https://kickbase.b-cdn.net/pool/playersbig/4590.png,4,133,265,2222233,15,https://kickbase.b-cdn.net/team/2013/07/30/d91892b110704f76a6d787c5078f3030.jpg
229,3558,Ivan Ordets,Bochum,2,4329153.0,1,https://kickbase.b-cdn.net/pool/playersbig/3558.png,4,62,555,None,24,None
230,1918,Salih Özcan,Dortmund,3,3451541.0,2,https://kickbase.b-cdn.net/pool/playersbig/1918.png,0,50,449,None,3,https://kickbase.b-cdn.net/team/2013/07/30/0abbc3334029438b9ffc564f2923886b.jpg
231,2047,Reece Oxford,Augsburg,2,500000.0,0,https://kickbase.b-cdn.net/pool/playersbig/2047.png,1,0,0,None,13,https://kickbase.b-cdn.net/team/2013/07/30/c7c9b0bd44694939a43e5bd3fb3c6364.jpg
232,2850,Jan Jakob Olschowsky,M-Gladbach,1,500000.0,0,https://kickbase.b-cdn.net/pool/playersbig/2850.png,0,0,0,None,15,https://kickbase.b-cdn.net/team/2013/07/30/d91892b110704f76a6d787c5078f3030.jpg
233,1804,Karim Onisiwo,Mainz 05,4,2109051.0,2,https://kickbase.b-cdn.net/pool/playersbig/1804.png,0,37,439,None,18,https://kickbase.b-cdn.net/team/2013/07/30/7ddbe10cc9ba45d0902ab5fedfa3e817.jpg
234,1246,Willi Orban,Leipzig,2,17519502.0,1,https://kickbase.b-cdn.net/pool/playersbig/1246.png,4,115,346,2633134,43,None
235,2722,Patrick Osterhage,Bochum,3,3790385.0,2,https://kickbase.b-cdn.net/pool/playersbig/2722.png,0,58,641,None,24,None
236,6184,Willian Pacho,Frankfurt,2,16346216.0,1,https://kickbase.b-cdn.net/pool/playersbig/6184.png,0,89,1416,None,4,https://kickbase.b-cdn.net/team/2013/07/30/80fe7ac3b0f643e2af669f6f77f4a5a6.jpg
237,2453,Leart Pacarada,Köln,2,950265.0,2,https://kickbase.b-cdn.net/pool/playersbig/2453.png,1,49,586,None,28,None
238,2766,Exequiel Palacios,Bayer 04,3,30016391.0,1,https://kickbase.b-cdn.net/pool/playersbig/2766.png,0,152,2279,2627255,7,https://kickbase.b-cdn.net/team/2013/07/30/1429106832154f969e039ca54cf2662c.jpg
239,3050,Antonios Papadopoulos,Dortmund,2,500000.0,2,https://kickbase.b-cdn.net/pool/playersbig/3050.png,0,33,33,None,3,https://kickbase.b-cdn.net/team/2013/07/30/0abbc3334029438b9ffc564f2923886b.jpg
240,2651,Mads Pedersen,Augsburg,2,2355970.0,2,https://kickbase.b-cdn.net/pool/playersbig/2651.png,32,55,829,None,13,https://kickbase.b-cdn.net/team/2013/07/30/c7c9b0bd44694939a43e5bd3fb3c6364.jpg
241,7264,Daniel Peretz,Bayern,1,500000.0,0,https://kickbase.b-cdn.net/pool/playersbig/7264.png,1,0,0,None,2,https://kickbase.b-cdn.net/team/2013/07/30/3ebe44c53c3f4c87bd605da69e743fb8.jpg
242,3232,Luca Pfeiffer,Darmstadt,4,5711810.0,1,https://kickbase.b-cdn.net/pool/playersbig/3232.png,0,50,795,2222233,42,None
243,3344,Florian Pick,Heidenheim,3,500000.0,0,https://kickbase.b-cdn.net/pool/playersbig/3344.png,0,11,116,None,50,None
244,2278,Pavao Pervan,Wolfsburg,1,500000.0,0,https://kickbase.b-cdn.net/pool/playersbig/2278.png,0,53,160,2073012,11,https://kickbase.b-cdn.net/team/2013/07/30/aaea46b304994c1694bda4880791b280.jpg
245,2572,Patric Pfeiffer,Augsburg,2,3299146.0,1,https://kickbase.b-cdn.net/pool/playersbig/2572.png,0,53,320,None,13,https://kickbase.b-cdn.net/team/2013/07/30/c7c9b0bd44694939a43e5bd3fb3c6364.jpg
246,4296,Dzenan Pejcinovic,Wolfsburg,3,500000.0,0,https://kickbase.b-cdn.net/pool/playersbig/4296.png,0,0,0,None,11,https://kickbase.b-cdn.net/team/2013/07/30/aaea46b304994c1694bda4880791b280.jpg
247,2294,Amos Pieper,Bremen,2,1421706.0,2,https://kickbase.b-cdn.net/pool/playersbig/2294.png,1,89,536,None,10,https://kickbase.b-cdn.net/team/2013/07/30/f5ee82a13bc74c728dbd61672eafb76c.jpg
248,2532,Philipp Pentke,Köln,1,500000.0,0,https://kickbase.b-cdn.net/pool/playersbig/2532.png,0,0,0,2222233,28,None
249,6080,Aleksandar Pavlovic,Bayern,3,10944576.0,1,https://kickbase.b-cdn.net/pool/playersbig/6080.png,0,109,543,None,2,https://kickbase.b-cdn.net/team/2013/07/30/3ebe44c53c3f4c87bd605da69e743fb8.jpg
250,2053,Jiri Pavlenka,Bremen,1,2330827.0,2,https://kickbase.b-cdn.net/pool/playersbig/2053.png,0,82,577,None,10,https://kickbase.b-cdn.net/team/2013/07/30/f5ee82a13bc74c728dbd61672eafb76c.jpg
251,1785,Felix Passlack,Bochum,2,500000.0,2,https://kickbase.b-cdn.net/pool/playersbig/1785.png,0,29,203,None,24,None
252,1226,Maximilian Philipp,Freiburg,4,2224528.0,1,https://kickbase.b-cdn.net/pool/playersbig/1226.png,0,34,203,2633134,5,https://kickbase.b-cdn.net/team/2013/07/30/087b1e89dc5d440681b4467e659ffb06.jpg
253,2893,Matondo-Merveille Papela,Mainz 05,3,500000.0,0,https://kickbase.b-cdn.net/pool/playersbig/2893.png,0,6,45,None,18,https://kickbase.b-cdn.net/team/2013/07/30/7ddbe10cc9ba45d0902ab5fedfa3e817.jpg
254,2852,Luca Philipp,Hoffenheim,1,500000.0,0,https://kickbase.b-cdn.net/pool/playersbig/2852.png,0,0,0,None,14,https://kickbase.b-cdn.net/team/2013/07/30/e2f816c2f6de4273945bcf96c70fcff7.jpg
255,3191,Kevin Paredes,Wolfsburg,3,500000.0,2,https://kickbase.b-cdn.net/pool/playersbig/3191.png,0,27,356,None,11,https://kickbase.b-cdn.net/team/2013/07/30/aaea46b304994c1694bda4880791b280.jpg
256,2288,Alassane Plea,M-Gladbach,4,21834922.0,1,https://kickbase.b-cdn.net/pool/playersbig/2288.png,0,101,1621,2222409,15,https://kickbase.b-cdn.net/team/2013/07/30/d91892b110704f76a6d787c5078f3030.jpg
257,1865,Yussuf Poulsen,Leipzig,4,9885002.0,2,https://kickbase.b-cdn.net/pool/playersbig/1865.png,0,68,1023,None,43,None
258,4633,Gustavo Puerta,Bayer 04,3,5148744.0,2,https://kickbase.b-cdn.net/pool/playersbig/4633.png,0,26,104,None,7,https://kickbase.b-cdn.net/team/2013/07/30/1429106832154f969e039ca54cf2662c.jpg
259,1659,Nicolai Rapp,Bremen,3,500000.0,0,https://kickbase.b-cdn.net/pool/playersbig/1659.png,4,15,29,None,10,https://kickbase.b-cdn.net/team/2013/07/30/f5ee82a13bc74c728dbd61672eafb76c.jpg
260,3027,Marvin Pieringer,Heidenheim,4,2746685.0,2,https://kickbase.b-cdn.net/pool/playersbig/3027.png,0,44,620,2073012,50,None
261,2692,Giovanni Reyna,Dortmund,3,5918720.0,1,https://kickbase.b-cdn.net/pool/playersbig/2692.png,0,42,339,2627255,3,https://kickbase.b-cdn.net/team/2013/07/30/0abbc3334029438b9ffc564f2923886b.jpg
262,7316,Luca Raimund,Stuttgart,3,500000.0,0,https://kickbase.b-cdn.net/pool/teamsdummies/9.png,0,6,6,2566773,9,https://kickbase.b-cdn.net/team/2013/07/30/eea01bf0ab1145059d44f2585b352081.jpg
263,3548,Elidon Qenaj,Heidenheim,4,500000.0,0,https://kickbase.b-cdn.net/pool/playersbig/3548.png,1,0,0,None,50,None
264,1405,Manuel Riemann,Bochum,1,18430747.0,2,https://kickbase.b-cdn.net/pool/playersbig/1405.png,0,117,1868,2627255,24,None
265,2522,David Raum,Leipzig,2,24815059.0,1,https://kickbase.b-cdn.net/pool/playersbig/2522.png,0,123,1968,2073012,43,None
266,3085,Grant-Leon Ranos,M-Gladbach,4,500000.0,0,https://kickbase.b-cdn.net/pool/playersbig/3085.png,0,2,14,None,15,https://kickbase.b-cdn.net/team/2013/07/30/d91892b110704f76a6d787c5078f3030.jpg
267,2091,Elvis Rexhbecaj,Augsburg,3,3284346.0,2,https://kickbase.b-cdn.net/pool/playersbig/2091.png,2,58,934,None,13,https://kickbase.b-cdn.net/team/2013/07/30/c7c9b0bd44694939a43e5bd3fb3c6364.jpg
268,399,Marco Reus,Dortmund,3,16169253.0,2,https://kickbase.b-cdn.net/pool/playersbig/399.png,0,94,1220,None,3,https://kickbase.b-cdn.net/team/2013/07/30/0abbc3334029438b9ffc564f2923886b.jpg
269,2092,Marco Richter,Mainz 05,3,2665381.0,2,https://kickbase.b-cdn.net/pool/playersbig/2092.png,0,37,446,None,18,https://kickbase.b-cdn.net/team/2013/07/30/7ddbe10cc9ba45d0902ab5fedfa3e817.jpg
270,1671,Grischa Prömel,Hoffenheim,3,14431946.0,2,https://kickbase.b-cdn.net/pool/playersbig/1671.png,0,86,1294,None,14,https://kickbase.b-cdn.net/team/2013/07/30/e2f816c2f6de4273945bcf96c70fcff7.jpg
271,3233,Clemens Riedel,Darmstadt,2,500000.0,2,https://kickbase.b-cdn.net/pool/playersbig/3233.png,0,49,342,None,42,None
272,2897,Rocco Reitz,M-Gladbach,3,16682368.0,1,https://kickbase.b-cdn.net/pool/playersbig/2897.png,0,76,1219,2626903,15,https://kickbase.b-cdn.net/team/2013/07/30/d91892b110704f76a6d787c5078f3030.jpg
273,7163,Rogerio Oliveira da Silva,Wolfsburg,2,2405105.0,2,https://kickbase.b-cdn.net/pool/playersbig/7163.png,2,47,331,None,11,https://kickbase.b-cdn.net/team/2013/07/30/aaea46b304994c1694bda4880791b280.jpg
274,392,Sebastian Rode,Frankfurt,3,500000.0,0,https://kickbase.b-cdn.net/pool/playersbig/392.png,4,30,60,None,4,https://kickbase.b-cdn.net/team/2013/07/30/80fe7ac3b0f643e2af669f6f77f4a5a6.jpg
275,3345,Merlin Röhl,Freiburg,3,10496510.0,1,https://kickbase.b-cdn.net/pool/playersbig/3345.png,0,59,705,None,5,https://kickbase.b-cdn.net/team/2013/07/30/087b1e89dc5d440681b4467e659ffb06.jpg
276,3013,Lasse Finn Rieß,Mainz 05,1,500000.0,0,https://kickbase.b-cdn.net/pool/playersbig/3013.png,0,0,0,None,18,https://kickbase.b-cdn.net/team/2013/07/30/7ddbe10cc9ba45d0902ab5fedfa3e817.jpg
277,2395,Julian Ryerson,Dortmund,2,13822758.0,2,https://kickbase.b-cdn.net/pool/playersbig/2395.png,4,126,1262,None,3,https://kickbase.b-cdn.net/team/2013/07/30/0abbc3334029438b9ffc564f2923886b.jpg
278,2279,Frederik Rönnow,Union,1,10371504.0,1,https://kickbase.b-cdn.net/pool/playersbig/2279.png,0,75,1126,None,40,None
279,7301,Anthony Rouault,Stuttgart,2,2582166.0,2,https://kickbase.b-cdn.net/pool/playersbig/7301.png,0,50,553,None,9,https://kickbase.b-cdn.net/team/2013/07/30/eea01bf0ab1145059d44f2585b352081.jpg
280,2321,Jérôme Roussillon,Union,2,3670183.0,2,https://kickbase.b-cdn.net/pool/playersbig/2321.png,0,29,346,None,40,None
281,1222,Leroy Sané,Bayern,3,50106053.0,1,https://kickbase.b-cdn.net/pool/playersbig/1222.png,0,233,3489,None,2,https://kickbase.b-cdn.net/team/2013/07/30/3ebe44c53c3f4c87bd605da69e743fb8.jpg
282,1856,Marcel Sabitzer,Dortmund,3,18338163.0,1,https://kickbase.b-cdn.net/pool/playersbig/1856.png,0,90,986,None,3,https://kickbase.b-cdn.net/team/2013/07/30/0abbc3334029438b9ffc564f2923886b.jpg
283,2124,Fabian Rüdlin,Freiburg,3,500000.0,0,https://kickbase.b-cdn.net/pool/playersbig/2124.png,0,-14,-14,None,5,https://kickbase.b-cdn.net/team/2013/07/30/087b1e89dc5d440681b4467e659ffb06.jpg
284,7281,Amin Sarr,Wolfsburg,4,500000.0,0,https://kickbase.b-cdn.net/pool/playersbig/7281.png,4,-8,-38,None,11,https://kickbase.b-cdn.net/team/2013/07/30/aaea46b304994c1694bda4880791b280.jpg
285,2343,Roland Sallai,Freiburg,3,10855094.0,1,https://kickbase.b-cdn.net/pool/playersbig/2343.png,0,72,861,None,5,https://kickbase.b-cdn.net/team/2013/07/30/087b1e89dc5d440681b4467e659ffb06.jpg
286,2941,Joseph Scally,M-Gladbach,2,6342647.0,2,https://kickbase.b-cdn.net/pool/playersbig/2941.png,0,56,890,None,15,https://kickbase.b-cdn.net/team/2013/07/30/d91892b110704f76a6d787c5078f3030.jpg
287,2915,Bouna Sarr,Bayern,2,500000.0,0,https://kickbase.b-cdn.net/pool/playersbig/2915.png,1,54,107,None,2,https://kickbase.b-cdn.net/team/2013/07/30/3ebe44c53c3f4c87bd605da69e743fb8.jpg
288,2737,Diadie Samassékou,Hoffenheim,3,500000.0,0,https://kickbase.b-cdn.net/pool/playersbig/2737.png,256,21,21,None,14,https://kickbase.b-cdn.net/team/2013/07/30/e2f816c2f6de4273945bcf96c70fcff7.jpg
289,3187,András Schäfer,Union,3,500000.0,2,https://kickbase.b-cdn.net/pool/playersbig/3187.png,0,33,132,None,40,None
290,2809,Stefan Schimmer,Heidenheim,4,500000.0,0,https://kickbase.b-cdn.net/pool/playersbig/2809.png,0,6,45,None,50,None
291,2274,Keven Schlotterbeck,Bochum,2,7658870.0,1,https://kickbase.b-cdn.net/pool/playersbig/2274.png,0,70,769,None,24,None
292,2746,Patrik Schick,Bayer 04,4,18247916.0,1,https://kickbase.b-cdn.net/pool/playersbig/2746.png,0,95,476,2631100,7,https://kickbase.b-cdn.net/team/2013/07/30/1429106832154f969e039ca54cf2662c.jpg
293,2649,Xaver Schlager,Leipzig,3,23189512.0,1,https://kickbase.b-cdn.net/pool/playersbig/2649.png,0,108,1513,2566773,43,None
294,2383,Nico Schlotterbeck,Dortmund,2,26928649.0,2,https://kickbase.b-cdn.net/pool/playersbig/2383.png,0,112,1673,2631100,3,https://kickbase.b-cdn.net/team/2013/07/30/0abbc3334029438b9ffc564f2923886b.jpg
295,3208,Kenneth Schmidt,Freiburg,2,500000.0,0,https://kickbase.b-cdn.net/pool/playersbig/3208.png,1,3,14,None,5,https://kickbase.b-cdn.net/team/2013/07/30/087b1e89dc5d440681b4467e659ffb06.jpg
296,2367,Romano Schmid,Bremen,3,8589449.0,1,https://kickbase.b-cdn.net/pool/playersbig/2367.png,0,64,1020,2222233,10,https://kickbase.b-cdn.net/team/2013/07/30/f5ee82a13bc74c728dbd61672eafb76c.jpg
297,1774,Kingsley Coman,Bayern,3,33865905.0,1,https://kickbase.b-cdn.net/pool/playersbig/1774.png,0,156,1717,None,2,https://kickbase.b-cdn.net/team/2013/07/30/3ebe44c53c3f4c87bd605da69e743fb8.jpg
298,4610,Nicolas Cozza,Wolfsburg,2,500000.0,0,https://kickbase.b-cdn.net/pool/playersbig/4610.png,0,25,127,None,11,https://kickbase.b-cdn.net/team/2013/07/30/aaea46b304994c1694bda4880791b280.jpg
299,4581,David Colina,Augsburg,2,500000.0,0,https://kickbase.b-cdn.net/pool/playersbig/4581.png,0,0,0,None,13,https://kickbase.b-cdn.net/team/2013/07/30/c7c9b0bd44694939a43e5bd3fb3c6364.jpg
300,2195,Finn Dahmen,Augsburg,1,9610380.0,1,https://kickbase.b-cdn.net/pool/playersbig/2195.png,0,89,1420,2221997,13,https://kickbase.b-cdn.net/team/2013/07/30/c7c9b0bd44694939a43e5bd3fb3c6364.jpg
301,1540,Danny Da Costa,Mainz 05,2,678462.0,2,https://kickbase.b-cdn.net/pool/playersbig/1540.png,0,41,489,None,18,https://kickbase.b-cdn.net/team/2013/07/30/7ddbe10cc9ba45d0902ab5fedfa3e817.jpg
302,2533,Lukas Daschner,Bochum,3,500000.0,0,https://kickbase.b-cdn.net/pool/playersbig/2533.png,0,29,294,None,24,None
303,2854,Ermedin Demirović,Augsburg,4,21514221.0,1,https://kickbase.b-cdn.net/pool/playersbig/2854.png,0,97,1557,None,13,https://kickbase.b-cdn.net/team/2013/07/30/c7c9b0bd44694939a43e5bd3fb3c6364.jpg
304,7282,Olivier Deman,Bremen,3,6079276.0,2,https://kickbase.b-cdn.net/pool/playersbig/7282.png,0,58,695,None,10,https://kickbase.b-cdn.net/team/2013/07/30/f5ee82a13bc74c728dbd61672eafb76c.jpg
305,2366,Alphonso Davies,Bayern,2,30393318.0,1,https://kickbase.b-cdn.net/pool/playersbig/2366.png,0,122,1701,2627255,2,https://kickbase.b-cdn.net/team/2013/07/30/3ebe44c53c3f4c87bd605da69e743fb8.jpg
306,6665,Tomás Cvancara,M-Gladbach,4,4141904.0,2,https://kickbase.b-cdn.net/pool/playersbig/6665.png,2,40,521,2633134,15,https://kickbase.b-cdn.net/team/2013/07/30/d91892b110704f76a6d787c5078f3030.jpg
307,2887,Ritsu Dōan,Freiburg,3,6386711.0,2,https://kickbase.b-cdn.net/pool/playersbig/2887.png,256,63,1000,None,5,https://kickbase.b-cdn.net/team/2013/07/30/087b1e89dc5d440681b4467e659ffb06.jpg
308,4252,Florian Dietz,Köln,4,500000.0,0,https://kickbase.b-cdn.net/pool/playersbig/4252.png,0,-5,-10,None,28,None
309,4406,Éric Dina Ebimbe,Frankfurt,3,15679767.0,1,https://kickbase.b-cdn.net/pool/playersbig/4406.png,0,84,1265,None,4,https://kickbase.b-cdn.net/team/2013/07/30/80fe7ac3b0f643e2af669f6f77f4a5a6.jpg
310,4286,Matthijs de Ligt,Bayern,2,23372089.0,1,https://kickbase.b-cdn.net/pool/playersbig/4286.png,0,76,607,None,2,https://kickbase.b-cdn.net/team/2013/07/30/3ebe44c53c3f4c87bd605da69e743fb8.jpg
311,2939,Eren Sami Dinkçi,Heidenheim,4,11626808.0,1,https://kickbase.b-cdn.net/pool/playersbig/2939.png,0,82,1231,None,50,None
312,1929,Niklas Dorsch,Augsburg,3,3633445.0,2,https://kickbase.b-cdn.net/pool/playersbig/1929.png,0,45,629,None,13,https://kickbase.b-cdn.net/team/2013/07/30/c7c9b0bd44694939a43e5bd3fb3c6364.jpg
313,3473,Danilho Doekhi,Union,2,7649852.0,1,https://kickbase.b-cdn.net/pool/playersbig/3473.png,2,80,640,None,40,None
314,2439,Nikola Dovedan,Heidenheim,3,500000.0,0,https://kickbase.b-cdn.net/pool/playersbig/2439.png,0,9,85,None,50,None
315,4662,Damion Downs,Köln,4,500000.0,0,https://kickbase.b-cdn.net/pool/playersbig/4662.png,0,-12,-36,None,28,None
316,2894,Eduardo Dos Santos Haesler,Bremen,1,500000.0,0,https://kickbase.b-cdn.net/pool/playersbig/2894.png,2,0,0,1948818,10,https://kickbase.b-cdn.net/team/2013/07/30/f5ee82a13bc74c728dbd61672eafb76c.jpg
317,4617,Julien Duranville,Dortmund,3,3234709.0,1,https://kickbase.b-cdn.net/pool/playersbig/4617.png,1,0,0,1948818,3,https://kickbase.b-cdn.net/team/2013/07/30/0abbc3334029438b9ffc564f2923886b.jpg
318,82,Marvin Ducksch,Bremen,4,21350931.0,2,https://kickbase.b-cdn.net/pool/playersbig/82.png,0,93,1480,88352,10,https://kickbase.b-cdn.net/team/2013/07/30/f5ee82a13bc74c728dbd61672eafb76c.jpg
319,1645,Maximilian Eggestein,Freiburg,3,14507880.0,2,https://kickbase.b-cdn.net/pool/playersbig/1645.png,0,78,1241,None,5,https://kickbase.b-cdn.net/team/2013/07/30/087b1e89dc5d440681b4467e659ffb06.jpg
320,2832,Lilian Egloff,Stuttgart,3,500000.0,0,https://kickbase.b-cdn.net/pool/playersbig/2832.png,4,4,22,None,9,https://kickbase.b-cdn.net/team/2013/07/30/eea01bf0ab1145059d44f2585b352081.jpg
321,1253,Fabian Schnellhardt,Darmstadt,3,500000.0,0,https://kickbase.b-cdn.net/pool/playersbig/1253.png,0,23,137,None,42,None
322,1229,Benno Schmitz,Köln,2,500000.0,0,https://kickbase.b-cdn.net/pool/playersbig/1229.png,0,21,192,None,28,None
323,1527,Vitus Eicher,Heidenheim,1,500000.0,0,https://kickbase.b-cdn.net/pool/playersbig/1527.png,0,0,0,None,50,None
324,3249,Jan Schöppner,Heidenheim,3,4237762.0,2,https://kickbase.b-cdn.net/pool/playersbig/3249.png,2,74,666,None,50,None
325,6085,Dennis Seimen,Stuttgart,1,500000.0,0,https://kickbase.b-cdn.net/pool/playersbig/6085.png,0,0,0,None,9,https://kickbase.b-cdn.net/team/2013/07/30/eea01bf0ab1145059d44f2585b352081.jpg
326,620,Alexander Schwolow,Union,1,500000.0,0,https://kickbase.b-cdn.net/pool/playersbig/620.png,0,0,0,None,40,None
327,1580,Marvin Schwäbe,Köln,1,7187313.0,2,https://kickbase.b-cdn.net/pool/playersbig/1580.png,0,89,1419,2631100,28,None
328,1266,Marcel Schuhen,Darmstadt,1,9507770.0,2,https://kickbase.b-cdn.net/pool/playersbig/1266.png,0,90,1355,None,42,None
329,1975,Aaron Seydel,Darmstadt,4,500000.0,0,https://kickbase.b-cdn.net/pool/playersbig/1975.png,1,19,116,None,42,None
330,6176,Nicolas Seiwald,Leipzig,3,1441627.0,1,https://kickbase.b-cdn.net/pool/playersbig/6176.png,0,13,75,1948818,43,None
331,1183,Davie Selke,Köln,4,4785139.0,2,https://kickbase.b-cdn.net/pool/playersbig/1183.png,0,51,719,None,28,None
332,3454,Theoson-Jordan Siebatcheu,M-Gladbach,4,5979918.0,1,https://kickbase.b-cdn.net/pool/playersbig/3454.png,0,59,585,2627255,15,https://kickbase.b-cdn.net/team/2013/07/30/d91892b110704f76a6d787c5078f3030.jpg
333,6177,Benjamin Sesko,Leipzig,4,4890455.0,2,https://kickbase.b-cdn.net/pool/playersbig/6177.png,0,50,647,2222233,43,None
334,2822,Silas Katompa Mvumpa,Stuttgart,3,7827430.0,2,https://kickbase.b-cdn.net/pool/playersbig/2822.png,256,61,975,None,9,https://kickbase.b-cdn.net/team/2013/07/30/eea01bf0ab1145059d44f2585b352081.jpg
335,2551,Kevin Sessa,Heidenheim,3,500000.0,0,https://kickbase.b-cdn.net/pool/playersbig/2551.png,0,10,117,None,50,None
336,2690,Tim Siersleben,Heidenheim,2,515951.0,1,https://kickbase.b-cdn.net/pool/playersbig/2690.png,0,53,525,None,50,None
337,2946,Kiliann Sildillia,Freiburg,2,7870690.0,2,https://kickbase.b-cdn.net/pool/playersbig/2946.png,0,64,960,2626903,5,https://kickbase.b-cdn.net/team/2013/07/30/087b1e89dc5d440681b4467e659ffb06.jpg
338,4546,Simon Simoni,Frankfurt,1,500000.0,0,https://kickbase.b-cdn.net/pool/playersbig/4546.png,0,0,0,None,4,https://kickbase.b-cdn.net/team/2013/07/30/80fe7ac3b0f643e2af669f6f77f4a5a6.jpg
339,3001,Mohamed Simakan,Leipzig,2,23953799.0,2,https://kickbase.b-cdn.net/pool/playersbig/3001.png,0,107,1715,None,43,None
340,6672,Xavi Simons,Leipzig,3,36887193.0,1,https://kickbase.b-cdn.net/pool/playersbig/6672.png,0,150,2406,2222409,43,None
341,2717,Robert Skov,Hoffenheim,3,8313557.0,2,https://kickbase.b-cdn.net/pool/playersbig/2717.png,0,82,1149,88352,14,https://kickbase.b-cdn.net/team/2013/07/30/e2f816c2f6de4273945bcf96c70fcff7.jpg
342,2718,Ellyes Skhiri,Frankfurt,3,14589229.0,2,https://kickbase.b-cdn.net/pool/playersbig/2718.png,256,99,1388,None,4,https://kickbase.b-cdn.net/team/2013/07/30/80fe7ac3b0f643e2af669f6f77f4a5a6.jpg
343,2491,Tim Skarke,Darmstadt,3,10399443.0,1,https://kickbase.b-cdn.net/pool/playersbig/2491.png,2,84,1176,None,42,None
344,3457,Hrvoje Smolčić,Frankfurt,2,1394702.0,2,https://kickbase.b-cdn.net/pool/playersbig/3457.png,0,59,410,None,4,https://kickbase.b-cdn.net/team/2013/07/30/80fe7ac3b0f643e2af669f6f77f4a5a6.jpg
345,4611,Moritz Jenz,Wolfsburg,2,8027506.0,1,https://kickbase.b-cdn.net/pool/playersbig/4611.png,0,78,706,1948818,11,https://kickbase.b-cdn.net/team/2013/07/30/aaea46b304994c1694bda4880791b280.jpg
346,2263,Fredrik Jensen,Augsburg,3,2941054.0,2,https://kickbase.b-cdn.net/pool/playersbig/2263.png,0,61,733,None,13,https://kickbase.b-cdn.net/team/2013/07/30/c7c9b0bd44694939a43e5bd3fb3c6364.jpg
347,2793,Julian Justvan,Hoffenheim,3,500000.0,0,https://kickbase.b-cdn.net/pool/playersbig/2793.png,0,-3,-10,None,14,https://kickbase.b-cdn.net/team/2013/07/30/e2f816c2f6de4273945bcf96c70fcff7.jpg
348,2987,Anton Stach,Hoffenheim,3,16207500.0,2,https://kickbase.b-cdn.net/pool/playersbig/2987.png,0,95,1427,2073012,14,https://kickbase.b-cdn.net/team/2013/07/30/e2f816c2f6de4273945bcf96c70fcff7.jpg
349,387,Tony Jantschke,M-Gladbach,2,500000.0,0,https://kickbase.b-cdn.net/pool/playersbig/387.png,0,20,40,None,15,https://kickbase.b-cdn.net/team/2013/07/30/d91892b110704f76a6d787c5078f3030.jpg
350,1544,Danilo Soares,Bochum,2,500000.0,0,https://kickbase.b-cdn.net/pool/playersbig/1544.png,0,44,221,None,24,None
351,2927,Marco John,Hoffenheim,2,500000.0,0,https://kickbase.b-cdn.net/pool/playersbig/2927.png,1,0,0,None,14,https://kickbase.b-cdn.net/team/2013/07/30/e2f816c2f6de4273945bcf96c70fcff7.jpg
352,3143,Kristijan Jakić,Frankfurt,3,500000.0,0,https://kickbase.b-cdn.net/pool/playersbig/3143.png,0,32,97,None,4,https://kickbase.b-cdn.net/team/2013/07/30/80fe7ac3b0f643e2af669f6f77f4a5a6.jpg
353,2302,Woo-Yeong Jeong,Stuttgart,3,588581.0,2,https://kickbase.b-cdn.net/pool/playersbig/2302.png,256,41,497,None,9,https://kickbase.b-cdn.net/team/2013/07/30/eea01bf0ab1145059d44f2585b352081.jpg
354,2373,Ozan Kabak,Hoffenheim,2,10224807.0,2,https://kickbase.b-cdn.net/pool/playersbig/2373.png,0,77,922,2073012,14,https://kickbase.b-cdn.net/team/2013/07/30/e2f816c2f6de4273945bcf96c70fcff7.jpg
355,1858,Anthony Jung,Bremen,2,5951988.0,1,https://kickbase.b-cdn.net/pool/playersbig/1858.png,0,52,777,2221997,10,https://kickbase.b-cdn.net/team/2013/07/30/f5ee82a13bc74c728dbd61672eafb76c.jpg
356,4598,Josip Juranovic,Union,2,8613210.0,2,https://kickbase.b-cdn.net/pool/playersbig/4598.png,0,73,653,88352,40,None
357,1726,Pavel Kaderábek,Hoffenheim,2,11022718.0,2,https://kickbase.b-cdn.net/pool/playersbig/1726.png,0,84,1005,None,14,https://kickbase.b-cdn.net/team/2013/07/30/e2f816c2f6de4273945bcf96c70fcff7.jpg
358,3068,Abdoulaye Kamara,Dortmund,2,500000.0,0,https://kickbase.b-cdn.net/pool/playersbig/3068.png,0,0,0,None,3,https://kickbase.b-cdn.net/team/2013/07/30/0abbc3334029438b9ffc564f2923886b.jpg
359,1903,Florian Kainz,Köln,3,8488977.0,1,https://kickbase.b-cdn.net/pool/playersbig/1903.png,0,61,983,1948818,28,None
360,2819,Sasa Kalajdzic,Frankfurt,4,18476223.0,0,https://kickbase.b-cdn.net/pool/playersbig/2819.png,0,0,0,None,4,https://kickbase.b-cdn.net/team/2013/07/30/80fe7ac3b0f643e2af669f6f77f4a5a6.jpg
361,3475,Jakub Kaminski,Wolfsburg,3,911709.0,1,https://kickbase.b-cdn.net/pool/playersbig/3475.png,0,7,81,None,11,https://kickbase.b-cdn.net/team/2013/07/30/aaea46b304994c1694bda4880791b280.jpg
362,1653,Kevin Kampl,Leipzig,3,13731831.0,1,https://kickbase.b-cdn.net/pool/playersbig/1653.png,0,80,1046,None,43,None
363,7226,Harry Kane,Bayern,4,57968755.0,1,https://kickbase.b-cdn.net/pool/playersbig/7226.png,0,241,3616,2073012,2,https://kickbase.b-cdn.net/team/2013/07/30/3ebe44c53c3f4c87bd605da69e743fb8.jpg
364,3289,Mikkel Kaufmann,Union,4,672798.0,2,https://kickbase.b-cdn.net/pool/playersbig/3289.png,0,7,53,None,40,None
365,3236,Emir Karic,Darmstadt,2,500000.0,2,https://kickbase.b-cdn.net/pool/playersbig/3236.png,0,44,437,None,42,None
366,1868,Naby Keita,Bremen,3,2151374.0,2,https://kickbase.b-cdn.net/pool/playersbig/1868.png,256,12,37,None,10,https://kickbase.b-cdn.net/team/2013/07/30/f5ee82a13bc74c728dbd61672eafb76c.jpg
367,2214,Atakan Karazor,Stuttgart,3,22497579.0,1,https://kickbase.b-cdn.net/pool/playersbig/2214.png,0,111,1772,2222409,9,https://kickbase.b-cdn.net/team/2013/07/30/eea01bf0ab1145059d44f2585b352081.jpg
368,3339,Thomas Leon Keller,Heidenheim,2,500000.0,0,https://kickbase.b-cdn.net/pool/playersbig/3339.png,1,15,29,None,50,None
369,2764,Yannik Keitel,Freiburg,3,3382747.0,1,https://kickbase.b-cdn.net/pool/playersbig/2764.png,0,56,167,None,5,https://kickbase.b-cdn.net/team/2013/07/30/087b1e89dc5d440681b4467e659ffb06.jpg
370,2553,Noah Katterbach,Köln,2,500000.0,0,https://kickbase.b-cdn.net/pool/playersbig/2553.png,0,0,0,None,28,None
371,1464,Tobias Kempe,Darmstadt,3,2226034.0,2,https://kickbase.b-cdn.net/pool/playersbig/1464.png,0,62,803,2627255,42,None
372,6182,Nacho Ferri,Frankfurt,4,500000.0,0,https://kickbase.b-cdn.net/pool/playersbig/6182.png,0,43,173,None,4,https://kickbase.b-cdn.net/team/2013/07/30/80fe7ac3b0f643e2af669f6f77f4a5a6.jpg
373,1158,Michael Esser,Bochum,1,500000.0,0,https://kickbase.b-cdn.net/pool/playersbig/1158.png,1,0,0,None,24,None
374,7239,Max Finkgräfe,Köln,2,4189080.0,1,https://kickbase.b-cdn.net/pool/playersbig/7239.png,0,13,93,None,28,None
375,2643,Edimilson Fernandes,Mainz 05,2,9328902.0,1,https://kickbase.b-cdn.net/pool/playersbig/2643.png,0,82,898,None,18,https://kickbase.b-cdn.net/team/2013/07/30/7ddbe10cc9ba45d0902ab5fedfa3e817.jpg
376,7424,Eljif Elmas,Leipzig,3,11593995.0,1,https://kickbase.b-cdn.net/pool/teamsdummies/43.png,0,0,0,2222233,43,None
377,1686,Nico Elvedi,M-Gladbach,2,10793970.0,1,https://kickbase.b-cdn.net/pool/playersbig/1686.png,0,77,1076,2566773,15,https://kickbase.b-cdn.net/team/2013/07/30/d91892b110704f76a6d787c5078f3030.jpg
378,6318,David Datro Fofana,Union,4,6450240.0,1,https://kickbase.b-cdn.net/pool/playersbig/6318.png,2,32,386,None,40,None
379,3362,Kilian Fischer,Wolfsburg,2,500000.0,0,https://kickbase.b-cdn.net/pool/playersbig/3362.png,0,0,0,None,11,https://kickbase.b-cdn.net/team/2013/07/30/aaea46b304994c1694bda4880791b280.jpg
380,4555,Arne Engels,Augsburg,3,1226036.0,1,https://kickbase.b-cdn.net/pool/playersbig/4555.png,0,37,519,None,13,https://kickbase.b-cdn.net/team/2013/07/30/c7c9b0bd44694939a43e5bd3fb3c6364.jpg
381,3476,Bartol Franjic,Darmstadt,3,1059581.0,1,https://kickbase.b-cdn.net/pool/playersbig/3476.png,0,28,282,None,42,None
382,2944,Timothy Evans Fosu-Mensah,Bayer 04,2,500000.0,0,https://kickbase.b-cdn.net/pool/playersbig/2944.png,0,0,0,1948818,7,https://kickbase.b-cdn.net/team/2013/07/30/1429106832154f969e039ca54cf2662c.jpg
383,1871,Jonas Föhrenbach,Heidenheim,2,5505767.0,1,https://kickbase.b-cdn.net/pool/playersbig/1871.png,0,46,685,None,50,None
384,668,Raphael Framberger,Augsburg,2,500000.0,0,https://kickbase.b-cdn.net/pool/playersbig/668.png,1,0,0,None,13,https://kickbase.b-cdn.net/team/2013/07/30/c7c9b0bd44694939a43e5bd3fb3c6364.jpg
385,1996,Marco Friedl,Bremen,2,9686104.0,1,https://kickbase.b-cdn.net/pool/playersbig/1996.png,0,73,873,2222233,10,https://kickbase.b-cdn.net/team/2013/07/30/f5ee82a13bc74c728dbd61672eafb76c.jpg
386,1223,Marvin Friedrich,M-Gladbach,2,3113999.0,1,https://kickbase.b-cdn.net/pool/playersbig/1223.png,0,44,435,None,15,https://kickbase.b-cdn.net/team/2013/07/30/d91892b110704f76a6d787c5078f3030.jpg
387,2526,Philipp Förster,Bochum,3,500000.0,0,https://kickbase.b-cdn.net/pool/playersbig/2526.png,0,19,132,None,24,None
388,2948,Jeremie Frimpong,Bayer 04,2,37613233.0,1,https://kickbase.b-cdn.net/pool/playersbig/2948.png,0,145,2326,88352,7,https://kickbase.b-cdn.net/team/2013/07/30/1429106832154f969e039ca54cf2662c.jpg
389,608,Niclas Füllkrug,Dortmund,4,27938687.0,1,https://kickbase.b-cdn.net/pool/playersbig/608.png,0,90,1439,2627255,3,https://kickbase.b-cdn.net/team/2013/07/30/0abbc3334029438b9ffc564f2923886b.jpg
390,2172,Chris Führich,Stuttgart,3,26594447.0,1,https://kickbase.b-cdn.net/pool/playersbig/2172.png,0,142,2268,1948818,9,https://kickbase.b-cdn.net/team/2013/07/30/eea01bf0ab1145059d44f2585b352081.jpg
391,2990,Cristian Gamboa,Bochum,2,1273933.0,2,https://kickbase.b-cdn.net/pool/playersbig/2990.png,0,46,598,None,24,None
392,1990,Dennis Geiger,Hoffenheim,3,1672410.0,2,https://kickbase.b-cdn.net/pool/playersbig/1990.png,4,0,0,2221997,14,https://kickbase.b-cdn.net/team/2013/07/30/e2f816c2f6de4273945bcf96c70fcff7.jpg
393,1298,Yannick Gerhardt,Wolfsburg,3,1416245.0,2,https://kickbase.b-cdn.net/pool/playersbig/1298.png,0,45,539,2627255,11,https://kickbase.b-cdn.net/team/2013/07/30/aaea46b304994c1694bda4880791b280.jpg
394,2463,Klaus Gjasula,Darmstadt,3,1436615.0,2,https://kickbase.b-cdn.net/pool/playersbig/2463.png,0,36,359,None,42,None
395,49,Matthias Ginter,Freiburg,2,23212710.0,2,https://kickbase.b-cdn.net/pool/playersbig/49.png,0,91,1362,2626903,5,https://kickbase.b-cdn.net/team/2013/07/30/087b1e89dc5d440681b4467e659ffb06.jpg
396,1687,Benedikt Gimber,Heidenheim,3,10727280.0,1,https://kickbase.b-cdn.net/pool/playersbig/1687.png,0,109,760,1948818,50,None
397,51,Rani Khedira,Union,3,4861465.0,2,https://kickbase.b-cdn.net/pool/playersbig/51.png,1,23,117,None,40,None
398,2918,Christoph Klarer,Darmstadt,2,2252493.0,2,https://kickbase.b-cdn.net/pool/playersbig/2918.png,0,47,702,2073012,42,None
399,2349,Luca Kilian,Köln,2,500000.0,0,https://kickbase.b-cdn.net/pool/playersbig/2349.png,0,17,156,None,28,None
400,6668,Min-Jae Kim,Bayern,2,30709631.0,2,https://kickbase.b-cdn.net/pool/playersbig/6668.png,256,135,2027,None,2,https://kickbase.b-cdn.net/team/2013/07/30/3ebe44c53c3f4c87bd605da69e743fb8.jpg
401,2863,Ansgar Knauff,Frankfurt,3,8628201.0,2,https://kickbase.b-cdn.net/pool/playersbig/2863.png,0,47,610,2566773,4,https://kickbase.b-cdn.net/team/2013/07/30/80fe7ac3b0f643e2af669f6f77f4a5a6.jpg
402,1685,Joshua Kimmich,Bayern,3,42740064.0,1,https://kickbase.b-cdn.net/pool/playersbig/1685.png,0,156,1712,None,2,https://kickbase.b-cdn.net/team/2013/07/30/3ebe44c53c3f4c87bd605da69e743fb8.jpg
403,1829,Niklas Klinger,Wolfsburg,1,500000.0,0,https://kickbase.b-cdn.net/pool/playersbig/1829.png,0,0,0,None,11,https://kickbase.b-cdn.net/team/2013/07/30/aaea46b304994c1694bda4880791b280.jpg
404,849,Tim Kleindienst,Heidenheim,4,14742596.0,1,https://kickbase.b-cdn.net/pool/playersbig/849.png,0,91,1450,None,50,None
405,1333,Lukas Klostermann,Leipzig,2,14436347.0,1,https://kickbase.b-cdn.net/pool/playersbig/1333.png,0,83,1073,2566773,43,None
406,623,Robin Knoche,Union,2,8387136.0,2,https://kickbase.b-cdn.net/pool/playersbig/623.png,0,45,534,None,40,None
407,1873,Gregor Kobel,Dortmund,1,23374204.0,2,https://kickbase.b-cdn.net/pool/playersbig/1873.png,0,101,1613,None,3,https://kickbase.b-cdn.net/team/2013/07/30/0abbc3334029438b9ffc564f2923886b.jpg
408,2536,Matthias Köbbing,Köln,1,3424278.0,1,https://kickbase.b-cdn.net/pool/playersbig/2536.png,0,0,0,2631100,28,None
409,4654,Mert Kömür,Augsburg,3,500000.0,0,https://kickbase.b-cdn.net/pool/playersbig/4654.png,0,0,0,None,13,https://kickbase.b-cdn.net/team/2013/07/30/c7c9b0bd44694939a43e5bd3fb3c6364.jpg
410,60,Dominik Kohr,Mainz 05,3,5789075.0,1,https://kickbase.b-cdn.net/pool/playersbig/60.png,0,47,705,2633134,18,https://kickbase.b-cdn.net/team/2013/07/30/7ddbe10cc9ba45d0902ab5fedfa3e817.jpg
411,2144,Robin Koch,Frankfurt,2,15664708.0,1,https://kickbase.b-cdn.net/pool/playersbig/2144.png,0,95,1331,88352,4,https://kickbase.b-cdn.net/team/2013/07/30/80fe7ac3b0f643e2af669f6f77f4a5a6.jpg
412,3011,Emmanuel Kouadio Koné,M-Gladbach,3,9500930.0,2,https://kickbase.b-cdn.net/pool/playersbig/3011.png,0,44,354,None,15,https://kickbase.b-cdn.net/team/2013/07/30/d91892b110704f76a6d787c5078f3030.jpg
413,2727,Tomás Koubek,Augsburg,1,500000.0,0,https://kickbase.b-cdn.net/pool/playersbig/2727.png,1,0,0,None,13,https://kickbase.b-cdn.net/team/2013/07/30/c7c9b0bd44694939a43e5bd3fb3c6364.jpg
414,4253,Alex Král,Union,3,2401181.0,1,https://kickbase.b-cdn.net/pool/playersbig/4253.png,0,23,278,2631100,40,None
415,3079,Odilon Kossounou,Bayer 04,2,20278680.0,2,https://kickbase.b-cdn.net/pool/playersbig/3079.png,256,122,1833,None,7,https://kickbase.b-cdn.net/team/2013/07/30/1429106832154f969e039ca54cf2662c.jpg
416,7241,Matej Kovár,Bayer 04,1,500000.0,0,https://kickbase.b-cdn.net/pool/playersbig/7241.png,0,0,0,None,7,https://kickbase.b-cdn.net/team/2013/07/30/1429106832154f969e039ca54cf2662c.jpg
417,4545,Paxten Aaronson,Frankfurt,3,500000.0,0,https://kickbase.b-cdn.net/pool/playersbig/4545.png,0,11,80,None,4,https://kickbase.b-cdn.net/team/2013/07/30/80fe7ac3b0f643e2af669f6f77f4a5a6.jpg
418,1815,Andrej Kramaric,Hoffenheim,4,24832599.0,1,https://kickbase.b-cdn.net/pool/playersbig/1815.png,0,124,1613,None,14,https://kickbase.b-cdn.net/team/2013/07/30/e2f816c2f6de4273945bcf96c70fcff7.jpg
419,2375,Dawid Kownacki,Bremen,4,500000.0,0,https://kickbase.b-cdn.net/pool/playersbig/2375.png,0,7,60,None,10,https://kickbase.b-cdn.net/team/2013/07/30/f5ee82a13bc74c728dbd61672eafb76c.jpg
420,6748,Frans Krätzig,Bayern,2,636670.0,2,https://kickbase.b-cdn.net/pool/playersbig/6748.png,0,41,162,None,2,https://kickbase.b-cdn.net/team/2013/07/30/3ebe44c53c3f4c87bd605da69e743fb8.jpg
421,6312,Brenden Aaronson,Union,3,500000.0,0,https://kickbase.b-cdn.net/pool/playersbig/6312.png,0,3,38,None,40,None
422,2358,Tom Krauß,Mainz 05,3,3238213.0,2,https://kickbase.b-cdn.net/pool/playersbig/2358.png,0,34,514,None,18,https://kickbase.b-cdn.net/team/2013/07/30/7ddbe10cc9ba45d0902ab5fedfa3e817.jpg
423,8,Christoph Kramer,M-Gladbach,3,1007416.0,2,https://kickbase.b-cdn.net/pool/playersbig/8.png,0,14,135,None,15,https://kickbase.b-cdn.net/team/2013/07/30/d91892b110704f76a6d787c5078f3030.jpg
424,6172,Junior Adamu,Freiburg,4,2384727.0,1,https://kickbase.b-cdn.net/pool/playersbig/6172.png,0,2,23,None,5,https://kickbase.b-cdn.net/team/2013/07/30/087b1e89dc5d440681b4467e659ffb06.jpg
425,2309,Kasim Adams,Hoffenheim,2,500000.0,0,https://kickbase.b-cdn.net/pool/playersbig/2309.png,0,0,0,None,14,https://kickbase.b-cdn.net/team/2013/07/30/e2f816c2f6de4273945bcf96c70fcff7.jpg
426,3132,Amine Adli,Bayer 04,4,6551584.0,2,https://kickbase.b-cdn.net/pool/playersbig/3132.png,256,62,684,None,7,https://kickbase.b-cdn.net/team/2013/07/30/1429106832154f969e039ca54cf2662c.jpg
427,2426,Sargis Adamyan,Köln,4,500000.0,0,https://kickbase.b-cdn.net/pool/playersbig/2426.png,1,7,36,None,28,None
428,2842,Felix Agu,Bremen,2,500000.0,2,https://kickbase.b-cdn.net/pool/playersbig/2842.png,0,15,92,None,10,https://kickbase.b-cdn.net/team/2013/07/30/f5ee82a13bc74c728dbd61672eafb76c.jpg
429,96,Kevin Akpoguma,Hoffenheim,2,2065184.0,2,https://kickbase.b-cdn.net/pool/playersbig/96.png,0,40,402,None,14,https://kickbase.b-cdn.net/team/2013/07/30/e2f816c2f6de4273945bcf96c70fcff7.jpg
430,3482,Karim Adeyemi,Dortmund,4,8403880.0,2,https://kickbase.b-cdn.net/pool/playersbig/3482.png,1,18,202,None,3,https://kickbase.b-cdn.net/team/2013/07/30/0abbc3334029438b9ffc564f2923886b.jpg
431,4600,Ludovic Ajorque,Mainz 05,4,2836715.0,2,https://kickbase.b-cdn.net/pool/playersbig/4600.png,0,20,262,None,18,https://kickbase.b-cdn.net/team/2013/07/30/7ddbe10cc9ba45d0902ab5fedfa3e817.jpg
432,1639,Nadiem Amiri,Bayer 04,3,1850950.0,1,https://kickbase.b-cdn.net/pool/playersbig/1639.png,0,15,107,None,7,https://kickbase.b-cdn.net/team/2013/07/30/1429106832154f969e039ca54cf2662c.jpg
433,663,Robert Andrich,Bayer 04,3,11195954.0,1,https://kickbase.b-cdn.net/pool/playersbig/663.png,0,49,491,2633134,7,https://kickbase.b-cdn.net/team/2013/07/30/1429106832154f969e039ca54cf2662c.jpg
434,6174,Arthur Augusto de Matos Soares,Bayer 04,2,500000.0,0,https://kickbase.b-cdn.net/pool/playersbig/6174.png,1,40,80,None,7,https://kickbase.b-cdn.net/team/2013/07/30/1429106832154f969e039ca54cf2662c.jpg
435,2539,Christopher Antwi-Adjei,Bochum,3,958491.0,2,https://kickbase.b-cdn.net/pool/playersbig/2539.png,0,31,435,2631100,24,None
436,1704,Waldemar Anton,Stuttgart,2,23613099.0,1,https://kickbase.b-cdn.net/pool/playersbig/1704.png,0,114,1820,2627255,9,https://kickbase.b-cdn.net/team/2013/07/30/eea01bf0ab1145059d44f2585b352081.jpg
437,3282,Faride Alidou,Köln,3,500000.0,0,https://kickbase.b-cdn.net/pool/playersbig/3282.png,0,-6,-55,None,28,None
438,44,Maximilian Arnold,Wolfsburg,3,11202729.0,1,https://kickbase.b-cdn.net/pool/playersbig/44.png,0,64,826,2073012,11,https://kickbase.b-cdn.net/team/2013/07/30/aaea46b304994c1694bda4880791b280.jpg
439,2079,Takuma Asano,Bochum,4,7158888.0,2,https://kickbase.b-cdn.net/pool/playersbig/2079.png,256,61,969,None,24,None
440,3019,Noah Atubolu,Freiburg,1,10598491.0,2,https://kickbase.b-cdn.net/pool/playersbig/3019.png,0,84,1336,2222409,5,https://kickbase.b-cdn.net/team/2013/07/30/087b1e89dc5d440681b4467e659ffb06.jpg
441,1971,Aymane Barkok,Mainz 05,3,500000.0,0,https://kickbase.b-cdn.net/pool/playersbig/1971.png,0,13,165,None,18,https://kickbase.b-cdn.net/team/2013/07/30/7ddbe10cc9ba45d0902ab5fedfa3e817.jpg
442,2450,Matthias Bader,Darmstadt,2,1289612.0,2,https://kickbase.b-cdn.net/pool/playersbig/2450.png,0,56,677,2073012,42,None
443,4520,Samuel Bamba,Dortmund,4,5895620.0,1,https://kickbase.b-cdn.net/pool/teamsdummies/3.png,0,16,31,None,3,https://kickbase.b-cdn.net/team/2013/07/30/0abbc3334029438b9ffc564f2923886b.jpg
444,2335,Leandro Barreiro,Mainz 05,3,7271555.0,1,https://kickbase.b-cdn.net/pool/playersbig/2335.png,0,71,999,None,18,https://kickbase.b-cdn.net/team/2013/07/30/7ddbe10cc9ba45d0902ab5fedfa3e817.jpg
445,2141,Bote Baku,Wolfsburg,2,9107137.0,2,https://kickbase.b-cdn.net/pool/playersbig/2141.png,2,45,725,None,11,https://kickbase.b-cdn.net/team/2013/07/30/aaea46b304994c1694bda4880791b280.jpg
446,577,Daniel Batz,Mainz 05,1,3745193.0,2,https://kickbase.b-cdn.net/pool/playersbig/577.png,0,75,300,None,18,https://kickbase.b-cdn.net/team/2013/07/30/7ddbe10cc9ba45d0902ab5fedfa3e817.jpg
447,2665,Mateu Morey,Dortmund,2,500000.0,0,https://kickbase.b-cdn.net/pool/playersbig/2665.png,0,0,0,1948818,3,https://kickbase.b-cdn.net/team/2013/07/30/0abbc3334029438b9ffc564f2923886b.jpg
448,2866,Youssoufa Moukoko,Dortmund,4,1924684.0,2,https://kickbase.b-cdn.net/pool/playersbig/2866.png,0,18,146,2566773,3,https://kickbase.b-cdn.net/team/2013/07/30/0abbc3334029438b9ffc564f2923886b.jpg
449,3140,Ilaix Moriba,Leipzig,3,500000.0,0,https://kickbase.b-cdn.net/pool/playersbig/3140.png,0,0,0,None,43,None
450,450,Thomas Müller,Bayern,3,22781364.0,1,https://kickbase.b-cdn.net/pool/playersbig/450.png,0,101,1318,None,2,https://kickbase.b-cdn.net/team/2013/07/30/3ebe44c53c3f4c87bd605da69e743fb8.jpg
451,755,Kevin Müller,Heidenheim,1,11347662.0,1,https://kickbase.b-cdn.net/pool/playersbig/755.png,0,101,1615,2566773,50,None
452,2804,Jamal Musiala,Bayern,3,41719745.0,1,https://kickbase.b-cdn.net/pool/playersbig/2804.png,0,130,1295,None,2,https://kickbase.b-cdn.net/team/2013/07/30/3ebe44c53c3f4c87bd605da69e743fb8.jpg
453,3397,Andreas Müller,Darmstadt,3,500000.0,0,https://kickbase.b-cdn.net/pool/playersbig/3397.png,0,23,70,None,42,None
454,1910,Florian Müller,Freiburg,1,500000.0,0,https://kickbase.b-cdn.net/pool/playersbig/1910.png,0,0,0,None,5,https://kickbase.b-cdn.net/team/2013/07/30/087b1e89dc5d440681b4467e659ffb06.jpg
455,2430,Jannik Müller,Darmstadt,2,500000.0,0,https://kickbase.b-cdn.net/pool/playersbig/2430.png,0,53,369,None,42,None
456,4419,Nathan Ngoumou,M-Gladbach,3,3366422.0,2,https://kickbase.b-cdn.net/pool/playersbig/4419.png,0,39,584,None,15,https://kickbase.b-cdn.net/team/2013/07/30/d91892b110704f76a6d787c5078f3030.jpg
457,2261,Florian Neuhaus,M-Gladbach,3,5782538.0,2,https://kickbase.b-cdn.net/pool/playersbig/2261.png,0,65,843,None,15,https://kickbase.b-cdn.net/team/2013/07/30/d91892b110704f76a6d787c5078f3030.jpg
458,237,Manuel Neuer,Bayern,1,19069041.0,1,https://kickbase.b-cdn.net/pool/playersbig/237.png,0,102,713,None,2,https://kickbase.b-cdn.net/team/2013/07/30/3ebe44c53c3f4c87bd605da69e743fb8.jpg
459,2799,Luca Netz,M-Gladbach,2,12716359.0,2,https://kickbase.b-cdn.net/pool/playersbig/2799.png,0,80,1115,None,15,https://kickbase.b-cdn.net/team/2013/07/30/d91892b110704f76a6d787c5078f3030.jpg
460,2120,Nikolas Nartey,Stuttgart,3,500000.0,0,https://kickbase.b-cdn.net/pool/playersbig/2120.png,1,0,0,88352,9,https://kickbase.b-cdn.net/team/2013/07/30/eea01bf0ab1145059d44f2585b352081.jpg
461,1883,Moritz Nicolas,M-Gladbach,1,5397553.0,1,https://kickbase.b-cdn.net/pool/playersbig/1883.png,0,85,1195,None,15,https://kickbase.b-cdn.net/team/2013/07/30/d91892b110704f76a6d787c5078f3030.jpg
462,2232,Philipp Mwene,Mainz 05,2,7200320.0,1,https://kickbase.b-cdn.net/pool/playersbig/2232.png,0,61,546,None,18,https://kickbase.b-cdn.net/team/2013/07/30/7ddbe10cc9ba45d0902ab5fedfa3e817.jpg
463,2791,Jessic Ngankam,Frankfurt,4,1285089.0,2,https://kickbase.b-cdn.net/pool/playersbig/2791.png,0,4,47,None,4,https://kickbase.b-cdn.net/team/2013/07/30/80fe7ac3b0f643e2af669f6f77f4a5a6.jpg
464,3228,Justin Gideon Njinmah,Bremen,4,6961509.0,1,https://kickbase.b-cdn.net/pool/playersbig/3228.png,0,44,613,None,10,https://kickbase.b-cdn.net/team/2013/07/30/f5ee82a13bc74c728dbd61672eafb76c.jpg
465,7289,Niels Nkounkou,Frankfurt,2,4751701.0,2,https://kickbase.b-cdn.net/pool/playersbig/7289.png,0,40,479,2222409,4,https://kickbase.b-cdn.net/team/2013/07/30/80fe7ac3b0f643e2af669f6f77f4a5a6.jpg
466,2724,Lukas Nmecha,Wolfsburg,4,3386921.0,1,https://kickbase.b-cdn.net/pool/playersbig/2724.png,4,0,0,2633134,11,https://kickbase.b-cdn.net/team/2013/07/30/aaea46b304994c1694bda4880791b280.jpg
467,3069,Felix Nmecha,Dortmund,3,8774843.0,2,https://kickbase.b-cdn.net/pool/playersbig/3069.png,1,77,772,None,3,https://kickbase.b-cdn.net/team/2013/07/30/0abbc3334029438b9ffc564f2923886b.jpg
468,4352,Stanley Nsoki,Hoffenheim,2,500000.0,0,https://kickbase.b-cdn.net/pool/playersbig/4352.png,0,18,35,None,14,https://kickbase.b-cdn.net/team/2013/07/30/e2f816c2f6de4273945bcf96c70fcff7.jpg
469,2977,Nahuel Noll,Hoffenheim,1,500000.0,0,https://kickbase.b-cdn.net/pool/playersbig/2977.png,0,0,0,None,14,https://kickbase.b-cdn.net/team/2013/07/30/e2f816c2f6de4273945bcf96c70fcff7.jpg
470,3369,Fabian Nürnberger,Darmstadt,3,3511049.0,2,https://kickbase.b-cdn.net/pool/playersbig/3369.png,2,74,893,None,42,None
471,1581,Alexander Nübel,Stuttgart,1,18079324.0,1,https://kickbase.b-cdn.net/pool/playersbig/1581.png,0,112,1794,None,9,https://kickbase.b-cdn.net/team/2013/07/30/eea01bf0ab1145059d44f2585b352081.jpg
