Name,Born,Position,Value,Squad,Zustand,Einsätze,Spieltagspunkte,Punkteschnitt,Punktetotal
Manuel Neuer,1986,Torhüter,10.045.696,FC Bayern München,Aufbautraining,0,0,0,0
Sven Ulreich,1988,Torhüter,10.288.644,FC Bayern München,Fit,3,71,"88,00",264
Daniel Peretz,2000,Torhüter,967.555,FC Bayern München,Fit,0,0,0,0
Tom Ritzy Hülsmann,2004,Torhüter,-,FC Bayern München,Verletzung,0,0,0,0
Matthijs de Ligt,1999,Abwehrspieler,28.763.587,FC Bayern München,Schwerer angeschlagen ,3,20,"28,67",86
Dayot Upamecano,1998,Abwehrspieler,26.042.045,FC Bayern München,Fit,3,92,"111,67",335
Minjae Kim,1996,Abwehrspieler,36.606.952,FC Bayern München,Fit,3,120,"106,00",318
Gabriel Marušić,2003,Abwehrspieler,-,FC Bayern München,Verletzung,0,0,0,0
Tarek Buchmann,2005,Abwehrspieler,-,FC Bayern München,Verletzung,0,0,0,0
Raphaël Guerreiro,1993,Abwehrspieler,19.900.234,FC Bayern München,Fit,0,0,0,0
Alphonso Davies,2000,Abwehrspieler,34.105.280,FC Bayern München,Fit,3,146,"210,00",630
Frans Krätzig,2003,Abwehrspieler,1.475.085,FC Bayern München,Fit,0,0,0,0
Bouna Sarr,1992,Abwehrspieler,552.158,FC Bayern München,Fit,0,0,0,0
Noussair Mazraoui,1997,Abwehrspieler,19.645.746,FC Bayern München,Fit,3,50,"110,33",331
Joshua Kimmich,1995,Mittelfeldspieler,51.407.137,FC Bayern München,Fit,3,341,"223,00",669
Aleksandar Pavlović,2004,Mittelfeldspieler,500.000,FC Bayern München,Fit,0,0,0,0
Leon Goretzka,1995,Mittelfeldspieler,29.827.598,FC Bayern München,Fit,3,161,"163,00",489
Konrad Laimer,1997,Mittelfeldspieler,20.894.534,FC Bayern München,Fit,3,140,"77,33",232
Taichi Fukui,2004,Mittelfeldspieler,-,FC Bayern München,Fit,0,0,0,0
Thomas Müller,1989,Mittelfeldspieler,28.114.813,FC Bayern München,Fit,3,76,"72,33",217
Jamal Musiala,2003,Mittelfeldspieler,49.051.058,FC Bayern München,Fit,1,,"146,00",146
Kingsley Coman,1996,Mittelfeldspieler,37.786.368,FC Bayern München,Fit,3,54,"101,00",303
Leroy Sané,1996,Mittelfeldspieler,45.940.291,FC Bayern München,Fit,3,240,"239,00",717
Serge Gnabry,1995,Mittelfeldspieler,32.812.003,FC Bayern München,Verletzung,2,71,"97,00",194
Eric-Maxim Choupo-Moting,1989,Stürmer,6.996.791,FC Bayern München,Fit,0,0,0,0
Harry Kane,1993,Stürmer,55.408.709,FC Bayern München,Fit,3,72,"204,00",612
Mathys Tel,2005,Stürmer,17.433.865,FC Bayern München,Fit,3,139,"102,00",306
Gregor Kobel,1997,Torhüter,25.299.799,Borussia Dortmund,Fit,3,98,"124,00",372
Alexander Meyer,1991,Torhüter,500.000,Borussia Dortmund,Fit,0,0,0,0
Marcel Lotka,2001,Torhüter,500.000,Borussia Dortmund,Fit,0,0,0,0
Silas Ostrzinski,2003,Torhüter,-,Borussia Dortmund,Fit,0,0,0,0
Mats Hummels,1988,Abwehrspieler,23.736.627,Borussia Dortmund,Fit,2,,"120,00",240
Niklas Süle,1995,Abwehrspieler,22.704.090,Borussia Dortmund,Fit,3,92,"96,67",290
Nico Schlotterbeck,1999,Abwehrspieler,29.628.530,Borussia Dortmund,Fit,2,111,"87,00",174
Antonios Papadopoulos,1999,Abwehrspieler,500.000,Borussia Dortmund,Fit,0,0,0,0
Ramy Bensebaini,1995,Abwehrspieler,24.854.044,Borussia Dortmund,Fit,3,47,"94,33",283
Thomas Meunier,1991,Abwehrspieler,500.000,Borussia Dortmund,Verletzung,0,0,0,0
Marius Wolf,1995,Abwehrspieler,11.076.577,Borussia Dortmund,Fit,3,94,"50,00",150
Mateu Morey Bauzà,2000,Abwehrspieler,500.000,Borussia Dortmund,Verletzung,0,0,0,0
Julian Ryerson,1997,Abwehrspieler,16.583.680,Borussia Dortmund,Fit,1,,"95,00",95
Emre Can,1994,Mittelfeldspieler,24.270.297,Borussia Dortmund,Fit,3,183,"107,00",321
Salih Özcan,1998,Mittelfeldspieler,4.673.746,Borussia Dortmund,Fit,1,,"2,00",2
Abdoulaye Kamara,2004,Mittelfeldspieler,500.000,Borussia Dortmund,Fit,0,0,0,0
Marcel Sabitzer,1994,Mittelfeldspieler,17.275.338,Borussia Dortmund,Verletzung,3,103,"98,00",294
Marco Reus,1989,Mittelfeldspieler,21.191.854,Borussia Dortmund,Fit,1,,"117,00",117
Julian Brandt,1996,Mittelfeldspieler,39.272.113,Borussia Dortmund,Fit,3,141,"152,00",456
Giovanni Reyna,2002,Mittelfeldspieler,6.772.947,Borussia Dortmund,Fit,0,0,0,0
Felix Nmecha,2000,Mittelfeldspieler,17.423.582,Borussia Dortmund,Fit,3,41,"67,00",201
Ole Pohlmann,2001,Mittelfeldspieler,-,Borussia Dortmund,Fit,0,0,0,0
Jamie Bynoe-Gittens,2004,Mittelfeldspieler,6.354.041,Borussia Dortmund,Fit,1,,"-3,00",-3
Julien Duranville,2006,Mittelfeldspieler,5.282.979,Borussia Dortmund,Fit,0,0,0,0
Niclas Füllkrug,1993,Stürmer,28.641.518,Borussia Dortmund,Fit,3,-3,"38,00",114
Sébastien Haller,1994,Stürmer,25.159.536,Borussia Dortmund,Fit,3,-24,"36,67",110
Donyell Malen,1999,Stürmer,34.655.342,Borussia Dortmund,Fit,3,75,"136,67",410
Karim Adeyemi,2002,Stürmer,26.037.286,Borussia Dortmund,Fit,3,54,"25,67",77
Youssoufa Moukoko,2004,Stürmer,6.776.513,Borussia Dortmund,Fit,3,9,"14,00",42
Janis Blaswich,1991,Torhüter,15.400.412,RB Leipzig,Fit,3,144,"110,67",332
Leopold Zingerle,1994,Torhüter,500.000,RB Leipzig,Fit,0,0,0,0
Péter Gulácsi,1990,Torhüter,6.179.590,RB Leipzig,Fit,0,0,0,0
Timo Schlieck,2006,Torhüter,-,RB Leipzig,Verletzung,0,0,0,0
Willi Orbán,1992,Abwehrspieler,22.287.845,RB Leipzig,Verletzung,3,191,"115,33",346
Lukas Klostermann,1996,Abwehrspieler,4.904.402,RB Leipzig,Fit,2,38,"29,50",59
Mohamed Simakan,2000,Abwehrspieler,23.122.193,RB Leipzig,Fit,3,148,"135,67",407
El Chadaille Bitshiabu,2005,Abwehrspieler,1.943.239,RB Leipzig,Verletzung,0,0,0,0
Castello Lukeba,2002,Abwehrspieler,12.744.677,RB Leipzig,Fit,2,27,"11,00",22
Tim Köhler,2005,Abwehrspieler,-,RB Leipzig,Fit,0,0,0,0
Christopher Lenz,1994,Abwehrspieler,3.665.894,RB Leipzig,Fit,1,,"16,00",16
David Raum,1998,Abwehrspieler,22.366.555,RB Leipzig,Fit,3,101,"138,33",415
Benjamin Henrichs,1997,Abwehrspieler,26.174.529,RB Leipzig,Fit,3,200,"180,00",540
Kevin Kampl,1990,Mittelfeldspieler,15.114.762,RB Leipzig,Fit,3,134,"134,00",402
Xaver Schlager,1997,Mittelfeldspieler,18.546.705,RB Leipzig,Fit,3,131,"86,67",260
Amadou Haidara,1998,Mittelfeldspieler,5.200.888,RB Leipzig,Fit,0,0,0,0
Nicolas Seiwald,2001,Mittelfeldspieler,4.492.353,RB Leipzig,Fit,1,,"-11,00",-11
Ilaix Moriba,2003,Mittelfeldspieler,500.000,RB Leipzig,Fit,0,0,0,0
Dani Olmo,1998,Mittelfeldspieler,26.549.668,RB Leipzig,Verletzung,3,205,"174,00",522
Christoph Baumgartner,1999,Mittelfeldspieler,6.097.943,RB Leipzig,Fit,2,27,"22,00",44
Xavi Simons,2003,Mittelfeldspieler,32.590.289,RB Leipzig,Fit,3,287,"186,00",558
Fábio Carvalho,2002,Mittelfeldspieler,7.058.662,RB Leipzig,Fit,1,,"-8,00",-8
Emil Forsberg,1991,Mittelfeldspieler,10.306.403,RB Leipzig,Fit,3,28,"22,33",67
Timo Werner,1996,Stürmer,17.961.960,RB Leipzig,Angeschlagen,2,,"12,50",25
Yussuf Poulsen,1994,Stürmer,8.638.786,RB Leipzig,Fit,3,57,"38,67",116
Loïs Openda,2000,Stürmer,36.177.637,RB Leipzig,Fit,3,45,"117,00",351
Benjamin Šeško,2003,Stürmer,18.734.992,RB Leipzig,Fit,2,228,"125,50",251
Alexander Schwolow,1992,Torhüter,1.391.640,1. FC Union Berlin,Fit,0,0,0,0
Jakob Busk,1993,Torhüter,500.000,1. FC Union Berlin,Fit,0,0,0,0
Frederik Rønnow,1992,Torhüter,19.339.328,1. FC Union Berlin,Fit,3,33,"149,67",449
Yannic Stein,2004,Torhüter,-,1. FC Union Berlin,Fit,0,0,0,0
Leonardo Bonucci,1987,Abwehrspieler,9.623.914,1. FC Union Berlin,Fit,0,0,0,0
Robin Knoche,1992,Abwehrspieler,13.858.988,1. FC Union Berlin,Schwerer angeschlagen ,3,56,"48,00",144
Paul Jaeckel,1998,Abwehrspieler,2.571.644,1. FC Union Berlin,Fit,0,0,0,0
Diogo Leite,1999,Abwehrspieler,16.067.279,1. FC Union Berlin,Fit,3,29,"80,67",242
Danilho Doekhi,1998,Abwehrspieler,24.536.375,1. FC Union Berlin,Fit,3,20,"120,33",361
Jérôme Roussillon,1993,Abwehrspieler,5.399.209,1. FC Union Berlin,Fit,3,-15,"44,00",132
Robin Gosens,1994,Abwehrspieler,23.392.340,1. FC Union Berlin,Fit,3,-15,"118,00",354
Christopher Trimmel,1987,Abwehrspieler,7.479.733,1. FC Union Berlin,Fit,2,-16,"58,50",117
Josip Juranović,1995,Abwehrspieler,13.042.197,1. FC Union Berlin,Fit,2,-4,"122,50",245
Rani Khedira,1994,Mittelfeldspieler,5.284.833,1. FC Union Berlin,Verletzung,0,0,0,0
Alex Král,1998,Mittelfeldspieler,10.074.983,1. FC Union Berlin,Fit,3,38,"50,67",152
Aljoscha Kemlein,2004,Mittelfeldspieler,935.727,1. FC Union Berlin,Fit,2,,"27,00",54
Janik Haberer,1994,Mittelfeldspieler,5.263.239,1. FC Union Berlin,Fit,1,-36,"-36,00",-36
Lucas Tousart,1997,Mittelfeldspieler,6.873.974,1. FC Union Berlin,Fit,0,0,0,0
Aïssa Laïdouni,1996,Mittelfeldspieler,9.886.856,1. FC Union Berlin,Fit,3,18,"79,33",238
András Schäfer,1999,Mittelfeldspieler,500.000,1. FC Union Berlin,Verletzung,0,0,0,0
Brenden Aaronson,2000,Mittelfeldspieler,7.029.707,1. FC Union Berlin,Fit,2,,"1,50",3
Laurenz Dehl,2001,Mittelfeldspieler,-,1. FC Union Berlin,Verletzung,0,0,0,0
Kevin Volland,1992,Stürmer,9.374.165,1. FC Union Berlin,Rote Karte,3,-68,"8,33",25
Kevin Behrens,1991,Stürmer,19.563.858,1. FC Union Berlin,Fit,3,-8,"162,67",488
Sheraldo Becker,1995,Stürmer,19.290.367,1. FC Union Berlin,Fit,2,,"82,00",164
Mikkel Kaufmann,2001,Stürmer,500.000,1. FC Union Berlin,Fit,1,-21,"-21,00",-21
Benedict Hollerbach,2001,Stürmer,843.307,1. FC Union Berlin,Fit,1,-36,"-36,00",-36
David Datro Fofana,2002,Stürmer,12.252.595,1. FC Union Berlin,Fit,3,6,"33,67",101
Benjamin Uphoff,1993,Torhüter,500.000,SC Freiburg,Verletzung,0,0,0,0
Florian Müller,1997,Torhüter,1.210.900,SC Freiburg,Fit,0,0,0,0
Noah Atubolu,2002,Torhüter,10.126.132,SC Freiburg,Fit,3,-12,"55,67",167
Manuel Gulde,1991,Abwehrspieler,5.101.638,SC Freiburg,Fit,1,,"22,00",22
Matthias Ginter,1994,Abwehrspieler,23.814.097,SC Freiburg,Fit,3,15,"89,67",269
Philipp Lienhart,1996,Abwehrspieler,14.334.353,SC Freiburg,Fit,3,10,"62,67",188
Max Rosenfelder,2003,Abwehrspieler,-,SC Freiburg,Verletzung,0,0,0,0
Kenneth Schmidt,2002,Abwehrspieler,4.391.002,SC Freiburg,Fit,2,14,"19,50",39
Christian Günter,1993,Abwehrspieler,9.118.953,SC Freiburg,Verletzung,1,,"132,00",132
Jordy Makengo,2001,Abwehrspieler,-,SC Freiburg,Fit,0,0,0,0
Lukas Kübler,1992,Abwehrspieler,9.961.100,SC Freiburg,Fit,3,15,"85,00",255
Kiliann Sildillia,2002,Abwehrspieler,7.362.980,SC Freiburg,Fit,3,2,"51,33",154
Nicolas Höfler,1990,Mittelfeldspieler,9.326.148,SC Freiburg,Rote Karte,2,53,"113,00",226
Fabian Rüdlin,1997,Mittelfeldspieler,-,SC Freiburg,Fit,0,0,0,0
Yannik Keitel,2000,Mittelfeldspieler,4.301.690,SC Freiburg,Fit,1,,"24,00",24
Merlin Röhl,2002,Mittelfeldspieler,5.730.972,SC Freiburg,Fit,2,-3,"33,00",66
Maximilian Eggestein,1996,Mittelfeldspieler,13.826.018,SC Freiburg,Fit,3,5,"84,33",253
Daniel-Kofi Kyereh,1996,Mittelfeldspieler,500.000,SC Freiburg,Verletzung,0,0,0,0
Vincenzo Grifo,1993,Mittelfeldspieler,36.829.756,SC Freiburg,Fit,3,41,"105,33",316
Noah Weißhaupt,2001,Mittelfeldspieler,4.144.854,SC Freiburg,Fit,3,-14,"46,00",138
Roland Sallai,1997,Mittelfeldspieler,12.761.005,SC Freiburg,Fit,3,-21,"107,33",322
Ritsu Doan,1998,Mittelfeldspieler,13.319.197,SC Freiburg,Fit,3,17,"45,00",135
Michael Gregoritsch,1994,Stürmer,16.718.133,SC Freiburg,Angeschlagen,3,13,"53,00",159
Maximilian Philipp,1994,Stürmer,5.821.250,SC Freiburg,Fit,2,-15,"63,00",126
Lucas Höler,1994,Stürmer,13.515.395,SC Freiburg,Fit,3,-11,"63,00",189
Maximilian Breunig,2000,Stürmer,-,SC Freiburg,Fit,0,0,0,0
Junior Adamu,2001,Stürmer,3.139.799,SC Freiburg,Fit,0,0,0,0
Niklas Lomb,1993,Torhüter,500.000,Bayer 04 Leverkusen,Fit,0,0,0,0
Lukáš Hrádecký,1989,Torhüter,18.493.936,Bayer 04 Leverkusen,Fit,3,54,"120,67",362
Matěj Kovář,2000,Torhüter,500.000,Bayer 04 Leverkusen,Fit,0,0,0,0
Jonathan Tah,1996,Abwehrspieler,23.512.525,Bayer 04 Leverkusen,Fit,3,110,"197,67",593
Edmond Tapsoba,1999,Abwehrspieler,25.741.647,Bayer 04 Leverkusen,Fit,3,166,"131,67",395
Josip Stanišić,2000,Abwehrspieler,6.180.693,Bayer 04 Leverkusen,Fit,2,50,"35,50",71
Odilon Kossounou,2001,Abwehrspieler,16.872.477,Bayer 04 Leverkusen,Fit,3,119,"111,33",334
Piero Hincapié,2002,Abwehrspieler,10.142.857,Bayer 04 Leverkusen,Fit,0,0,0,0
Madi Monamay,2006,Abwehrspieler,-,Bayer 04 Leverkusen,Fit,0,0,0,0
Reno Münz,2005,Abwehrspieler,-,Bayer 04 Leverkusen,Fit,0,0,0,0
Alejandro Grimaldo,1995,Abwehrspieler,27.538.765,Bayer 04 Leverkusen,Fit,3,133,"118,67",356
Timothy Fosu-Mensah,1998,Abwehrspieler,500.000,Bayer 04 Leverkusen,Verletzung,0,0,0,0
Jeremie Frimpong,2000,Abwehrspieler,35.659.991,Bayer 04 Leverkusen,Fit,3,180,"170,33",511
Arthur,2003,Abwehrspieler,3.208.513,Bayer 04 Leverkusen,Verletzung,2,,"40,00",80
Granit Xhaka,1992,Mittelfeldspieler,33.020.791,Bayer 04 Leverkusen,Fit,3,192,"175,00",525
Robert Andrich,1994,Mittelfeldspieler,11.413.948,Bayer 04 Leverkusen,Fit,3,62,"43,67",131
Noah Mbamba,2005,Mittelfeldspieler,5.455.735,Bayer 04 Leverkusen,Angeschlagen,1,126,"126,00",126
Nadiem Amiri,1996,Mittelfeldspieler,3.470.102,Bayer 04 Leverkusen,Fit,1,,"14,00",14
Exequiel Palacios,1998,Mittelfeldspieler,24.647.052,Bayer 04 Leverkusen,Fit,3,226,"165,33",496
Gustavo Puerta,2003,Mittelfeldspieler,3.422.925,Bayer 04 Leverkusen,Fit,1,,"19,00",19
Florian Wirtz,2003,Mittelfeldspieler,44.380.028,Bayer 04 Leverkusen,Fit,3,211,"210,33",631
Ayman Aourir,2004,Mittelfeldspieler,-,Bayer 04 Leverkusen,Fit,0,0,0,0
Adam Hložek,2002,Mittelfeldspieler,7.988.535,Bayer 04 Leverkusen,Fit,0,0,0,0
Amine Adli,2000,Mittelfeldspieler,9.053.394,Bayer 04 Leverkusen,Fit,0,0,0,0
Jonas Hofmann,1992,Mittelfeldspieler,40.710.251,Bayer 04 Leverkusen,Fit,3,247,"227,67",683
Nathan Tella,1999,Mittelfeldspieler,5.072.721,Bayer 04 Leverkusen,Fit,1,41,"41,00",41
Patrik Schick,1996,Stürmer,7.359.022,Bayer 04 Leverkusen,Aufbautraining,0,0,0,0
Victor Boniface,2000,Stürmer,33.446.947,Bayer 04 Leverkusen,Fit,3,357,"259,00",777
Kevin Trapp,1990,Torhüter,15.029.087,Eintracht Frankfurt,Fit,3,36,"60,67",182
Jens Grahl,1988,Torhüter,500.000,Eintracht Frankfurt,Fit,0,0,0,0
Simon Simoni,2004,Torhüter,500.000,Eintracht Frankfurt,Verletzung,0,0,0,0
Kauã Santos,2003,Torhüter,-,Eintracht Frankfurt,Fit,0,0,0,0
Makoto Hasebe,1984,Abwehrspieler,2.434.685,Eintracht Frankfurt,Fit,1,,"56,00",56
Robin Koch,1996,Abwehrspieler,16.179.359,Eintracht Frankfurt,Fit,3,69,"86,00",258
Tuta,1999,Abwehrspieler,16.164.424,Eintracht Frankfurt,Fit,2,108,"103,50",207
Nnamdi Collins,2004,Abwehrspieler,-,Eintracht Frankfurt,Fit,0,0,0,0
Hrvoje Smolčić,2000,Abwehrspieler,3.643.092,Eintracht Frankfurt,Fit,1,,"64,00",64
Dario Gebuhr,2003,Abwehrspieler,-,Eintracht Frankfurt,Nicht im Kader,0,0,0,0
Willian Pacho,2001,Abwehrspieler,14.199.778,Eintracht Frankfurt,Fit,3,88,"97,67",293
Davis Bautista,2005,Abwehrspieler,-,Eintracht Frankfurt,Nicht im Kader,0,0,0,0
Philipp Max,1993,Abwehrspieler,7.948.940,Eintracht Frankfurt,Fit,3,-8,"63,33",190
Niels Nkounkou,2000,Abwehrspieler,8.227.527,Eintracht Frankfurt,Fit,1,98,"98,00",98
Timothy Chandler,1990,Abwehrspieler,500.000,Eintracht Frankfurt,Fit,0,0,0,0
Aurélio Buta,1997,Abwehrspieler,8.412.138,Eintracht Frankfurt,Fit,3,68,"35,00",105
Ellyes Skhiri,1995,Mittelfeldspieler,22.116.798,Eintracht Frankfurt,Fit,3,132,"80,00",240
Kristijan Jakić,1997,Mittelfeldspieler,3.350.595,Eintracht Frankfurt,Fit,2,,"40,50",81
Sebastian Rode,1990,Mittelfeldspieler,4.434.538,Eintracht Frankfurt,Verletzung,2,35,"30,00",60
Sidney Raebiger,2005,Mittelfeldspieler,500.000,Eintracht Frankfurt,Nicht im Kader,0,0,0,0
Éric-Junior Dina-Ebimbe,2000,Mittelfeldspieler,14.288.401,Eintracht Frankfurt,Fit,0,0,0,0
Mehdi Loune,2004,Mittelfeldspieler,-,Eintracht Frankfurt,Verletzung,0,0,0,0
Hugo Larsson,2004,Mittelfeldspieler,8.043.433,Eintracht Frankfurt,Fit,1,57,"57,00",57
Mario Götze,1992,Mittelfeldspieler,19.310.027,Eintracht Frankfurt,Fit,3,68,"73,33",220
Marcel Wenig,2004,Mittelfeldspieler,500.000,Eintracht Frankfurt,Nicht im Kader,0,0,0,0
Paxten Aaronson,2003,Mittelfeldspieler,4.182.819,Eintracht Frankfurt,Fit,2,56,"35,50",71
Farès Chaïbi,2002,Mittelfeldspieler,7.511.662,Eintracht Frankfurt,Fit,0,0,0,0
Jens Petter Hauge,1999,Mittelfeldspieler,3.408.146,Eintracht Frankfurt,Fit,1,48,"48,00",48
Ansgar Knauff,2002,Mittelfeldspieler,2.925.018,Eintracht Frankfurt,Fit,1,,"-65,00",-65
Lucas Alario,1992,Stürmer,3.443.990,Eintracht Frankfurt,Fit,0,0,0,0
Jessic Ngankam,2000,Stürmer,7.166.305,Eintracht Frankfurt,Fit,3,17,"15,00",45
Omar Marmoush,1999,Stürmer,9.538.035,Eintracht Frankfurt,Fit,3,14,"53,67",161
Ignacio Ferri Julià,2004,Stürmer,1.161.809,Eintracht Frankfurt,Fit,0,0,0,0
Koen Casteels,1992,Torhüter,18.946.516,VfL Wolfsburg,Fit,3,19,"85,00",255
Niklas Klinger,1995,Torhüter,500.000,VfL Wolfsburg,Fit,0,0,0,0
Pavao Pervan,1987,Torhüter,500.000,VfL Wolfsburg,Fit,0,0,0,0
Philipp Schulze,2003,Torhüter,-,VfL Wolfsburg,Fit,0,0,0,0
Sebastiaan Bornauw,1999,Abwehrspieler,2.547.577,VfL Wolfsburg,Fit,0,0,0,0
Cédric Zesiger,1998,Abwehrspieler,8.838.736,VfL Wolfsburg,Fit,3,31,"101,33",304
Maxence Lacroix,2000,Abwehrspieler,14.930.686,VfL Wolfsburg,Fit,3,82,"101,67",305
Felix Lange,2004,Abwehrspieler,-,VfL Wolfsburg,Verletzung,0,0,0,0
Moritz Jenz,1999,Abwehrspieler,9.119.178,VfL Wolfsburg,Schwerer angeschlagen ,0,0,0,0
Rogério,1998,Abwehrspieler,6.369.578,VfL Wolfsburg,Schwerer angeschlagen ,1,57,"57,00",57
Nicolas Cozza,1999,Abwehrspieler,3.941.832,VfL Wolfsburg,Fit,2,,"52,50",105
Ridle Baku,1998,Abwehrspieler,13.489.421,VfL Wolfsburg,Fit,3,38,"89,33",268
Joakim Mæhle,1997,Abwehrspieler,16.507.476,VfL Wolfsburg,Fit,3,46,"102,00",306
Kilian Fischer,2000,Abwehrspieler,500.000,VfL Wolfsburg,Aufbautraining,0,0,0,0
Maximilian Arnold,1994,Mittelfeldspieler,19.357.502,VfL Wolfsburg,Fit,2,49,"29,00",58
Yannick Gerhardt,1994,Mittelfeldspieler,9.527.143,VfL Wolfsburg,Fit,3,-13,"35,00",105
Lovro Majer,1998,Mittelfeldspieler,12.611.305,VfL Wolfsburg,Fit,3,20,"52,33",157
Aster Vranckx,2002,Mittelfeldspieler,2.385.516,VfL Wolfsburg,Fit,2,,"23,00",46
Mattias Svanberg,1999,Mittelfeldspieler,14.289.720,VfL Wolfsburg,Fit,3,-1,"104,67",314
Jakub Kamiński,2002,Mittelfeldspieler,3.926.208,VfL Wolfsburg,Fit,3,12,"25,67",77
Kevin Paredes,2003,Mittelfeldspieler,3.509.599,VfL Wolfsburg,Fit,2,18,"20,00",40
Václav Černý,1997,Mittelfeldspieler,8.893.624,VfL Wolfsburg,Fit,3,53,"73,33",220
Patrick Wimmer,2001,Mittelfeldspieler,9.444.945,VfL Wolfsburg,Fit,2,,"49,00",98
Lukas Nmecha,1998,Stürmer,2.546.315,VfL Wolfsburg,Verletzung,0,0,0,0
Jonas Wind,1999,Stürmer,20.832.449,VfL Wolfsburg,Fit,3,104,"196,00",588
Tiago Tomás,2002,Stürmer,8.958.731,VfL Wolfsburg,Fit,3,90,"43,33",130
Dženan Pejčinović,2005,Stürmer,500.000,VfL Wolfsburg,Fit,0,0,0,0
Amin Sarr,2001,Stürmer,2.633.834,VfL Wolfsburg,Fit,1,-22,"-22,00",-22
Daniel Batz,1991,Torhüter,500.000,1. FSV Mainz 05,Fit,0,0,0,0
Robin Zentner,1994,Torhüter,9.156.509,1. FSV Mainz 05,Fit,3,44,"45,33",136
Lasse Rieß,2001,Torhüter,500.000,1. FSV Mainz 05,Fit,0,0,0,0
Stefan Bell,1991,Abwehrspieler,3.890.258,1. FSV Mainz 05,Fit,3,-9,"9,33",28
Josuha Guilavogui,1990,Abwehrspieler,-,1. FSV Mainz 05,Fit,0,0,0,0
Edimilson Fernandes,1996,Abwehrspieler,8.354.742,1. FSV Mainz 05,Fit,3,57,"52,00",156
Maxim Leitsch,1998,Abwehrspieler,855.189,1. FSV Mainz 05,Verletzung,1,,"32,00",32
Sepp van den Berg,2001,Abwehrspieler,4.723.323,1. FSV Mainz 05,Fit,3,47,"28,33",85
Andreas Hanche-Olsen,1997,Abwehrspieler,4.173.845,1. FSV Mainz 05,Verletzung,2,-63,"-26,50",-53
Anthony Caci,1997,Abwehrspieler,8.199.868,1. FSV Mainz 05,Fit,3,3,"55,67",167
Danny da Costa,1993,Abwehrspieler,3.383.553,1. FSV Mainz 05,Fit,2,,"41,50",83
Silvan Widmer,1993,Abwehrspieler,2.132.589,1. FSV Mainz 05,Aufbautraining,0,0,0,0
Phillipp Mwene,1994,Abwehrspieler,3.935.023,1. FSV Mainz 05,Angeschlagen,2,-1,"36,50",73
Dominik Kohr,1994,Mittelfeldspieler,8.123.260,1. FSV Mainz 05,Fit,3,75,"45,67",137
Tom Krauß,2001,Mittelfeldspieler,3.246.698,1. FSV Mainz 05,Fit,2,-7,"-12,50",-25
Leandro Barreiro,2000,Mittelfeldspieler,9.658.908,1. FSV Mainz 05,Fit,3,27,"36,00",108
Merveille Papela,2001,Mittelfeldspieler,500.000,1. FSV Mainz 05,Fit,1,0,"0,00",0
Eniss Shabani,2003,Mittelfeldspieler,-,1. FSV Mainz 05,Nicht im Kader,0,0,0,0
Aymen Barkok,1998,Mittelfeldspieler,500.000,1. FSV Mainz 05,Fit,1,,"-24,00",-24
Jae-sung Lee,1992,Mittelfeldspieler,8.431.323,1. FSV Mainz 05,Fit,3,29,"51,33",154
David Mamutović,2000,Mittelfeldspieler,-,1. FSV Mainz 05,Fit,0,0,0,0
Anwar El Ghazi,1995,Mittelfeldspieler,5.235.854,1. FSV Mainz 05,Fit,0,0,0,0
Marco Richter,1997,Mittelfeldspieler,4.463.339,1. FSV Mainz 05,Fit,2,-7,"-1,00",-2
Brajan Gruda,2004,Mittelfeldspieler,3.142.288,1. FSV Mainz 05,Fit,3,9,"17,33",52
Karim Onisiwo,1992,Stürmer,10.220.513,1. FSV Mainz 05,Fit,2,49,"27,00",54
Jonathan Burkardt,2000,Stürmer,810.837,1. FSV Mainz 05,Verletzung,0,0,0,0
Ludovic Ajorque,1994,Stürmer,11.356.319,1. FSV Mainz 05,Fit,1,,"-102,00",-102
Nelson Weiper,2005,Stürmer,2.729.848,1. FSV Mainz 05,Verletzung,3,-9,"2,33",7
Tobias Sippel,1988,Torhüter,500.000,Borussia Mönchengladbach,Fit,0,0,0,0
Moritz Nicolas,1997,Torhüter,9.543.934,Borussia Mönchengladbach,Fit,1,125,"125,00",125
Jan Olschowsky,2001,Torhüter,500.000,Borussia Mönchengladbach,Fit,0,0,0,0
Jonas Omlin,1994,Torhüter,6.462.165,Borussia Mönchengladbach,Verletzung,2,,"132,50",265
Tony Jantschke,1990,Abwehrspieler,500.000,Borussia Mönchengladbach,Fit,1,1,"1,00",1
Marvin Friedrich,1995,Abwehrspieler,8.044.603,Borussia Mönchengladbach,Fit,3,147,"75,33",226
Nico Elvedi,1996,Abwehrspieler,8.755.671,Borussia Mönchengladbach,Fit,1,-22,"-22,00",-22
Maximilian Wöber,1998,Abwehrspieler,15.838.145,Borussia Mönchengladbach,Fit,3,137,"103,33",310
Fabio Chiarodia,2005,Abwehrspieler,2.290.838,Borussia Mönchengladbach,Fit,0,0,0,0
Kō Itakura,1997,Abwehrspieler,19.790.679,Borussia Mönchengladbach,Fit,3,179,"120,00",360
Luca Netz,2003,Abwehrspieler,6.760.834,Borussia Mönchengladbach,Fit,1,,"-8,00",-8
Lukas Ullrich,2004,Abwehrspieler,518.686,Borussia Mönchengladbach,Fit,2,-38,"-24,00",-48
Stefan Lainer,1992,Abwehrspieler,500.000,Borussia Mönchengladbach,Verletzung,0,0,0,0
Joe Scally,2002,Abwehrspieler,6.884.940,Borussia Mönchengladbach,Fit,3,39,"59,00",177
Simon Walde,2005,Abwehrspieler,-,Borussia Mönchengladbach,Fit,0,0,0,0
Christoph Kramer,1991,Mittelfeldspieler,4.023.550,Borussia Mönchengladbach,Fit,0,0,0,0
Julian Weigl,1995,Mittelfeldspieler,14.366.522,Borussia Mönchengladbach,Fit,3,53,"85,00",255
Florian Neuhaus,1997,Mittelfeldspieler,11.625.915,Borussia Mönchengladbach,Fit,3,25,"27,67",83
Rocco Reitz,2002,Mittelfeldspieler,7.153.620,Borussia Mönchengladbach,Fit,3,32,"14,67",44
Manu Koné,2001,Mittelfeldspieler,11.876.776,Borussia Mönchengladbach,Fit,0,0,0,0
Hannes Wolf,1999,Mittelfeldspieler,2.042.474,Borussia Mönchengladbach,Fit,0,0,0,0
Robin Hack,1998,Mittelfeldspieler,2.405.339,Borussia Mönchengladbach,Fit,2,,"7,00",14
Yvandro Borges Sanches,2004,Mittelfeldspieler,3.084.477,Borussia Mönchengladbach,Fit,0,0,0,0
Patrick Herrmann,1991,Mittelfeldspieler,1.293.021,Borussia Mönchengladbach,Fit,0,0,0,0
Franck Honorat,1996,Mittelfeldspieler,14.079.727,Borussia Mönchengladbach,Fit,3,-16,"61,00",183
Nathan Ngoumou,2000,Mittelfeldspieler,8.512.418,Borussia Mönchengladbach,Fit,3,31,"66,00",198
Alassane Pléa,1993,Stürmer,12.148.406,Borussia Mönchengladbach,Fit,3,46,"41,00",123
Jordan,1996,Stürmer,8.273.673,Borussia Mönchengladbach,Fit,2,-15,"13,50",27
Tomáš Čvančara,2000,Stürmer,15.366.685,Borussia Mönchengladbach,Angeschlagen,3,3,"71,67",215
Grant-Leon Ranos,2003,Stürmer,500.000,Borussia Mönchengladbach,Fit,2,,"1,00",2
Marvin Schwäbe,1995,Torhüter,8.955.294,1. FC Köln,Fit,3,50,"54,33",163
Philipp Pentke,1985,Torhüter,500.000,1. FC Köln,Fit,0,0,0,0
Matthias Köbbing,1997,Torhüter,-,1. FC Köln,Fit,0,0,0,0
Jonas Nickisch,2004,Torhüter,500.000,1. FC Köln,Fit,0,0,0,0
Dominique Heintz,1993,Abwehrspieler,500.000,1. FC Köln,Fit,0,0,0,0
Timo Hübers,1996,Abwehrspieler,10.970.086,1. FC Köln,Fit,3,76,"53,33",160
Julian Chabot,1998,Abwehrspieler,14.558.137,1. FC Köln,Fit,3,112,"76,00",228
Luca Kilian,1999,Abwehrspieler,3.648.257,1. FC Köln,Fit,2,14,"8,00",16
Elias Bakatukanda,2004,Abwehrspieler,500.000,1. FC Köln,Fit,0,0,0,0
Leart Paçarada,1994,Abwehrspieler,9.608.688,1. FC Köln,Fit,3,46,"37,33",112
Noah Katterbach,2001,Abwehrspieler,500.000,1. FC Köln,Aufbautraining,0,0,0,0
Max Finkgräfe,2004,Abwehrspieler,2.121.423,1. FC Köln,Fit,2,,"-1,00",-2
Benno Schmitz,1994,Abwehrspieler,4.981.043,1. FC Köln,Fit,3,1,"5,67",17
Rasmus Carstensen,2000,Abwehrspieler,3.025.474,1. FC Köln,Fit,3,8,"22,67",68
Eric Martel,2002,Mittelfeldspieler,6.543.259,1. FC Köln,Verletzung,3,120,"69,67",209
Emin Kujović,2004,Mittelfeldspieler,-,1. FC Köln,Fit,0,0,0,0
Jacob Christensen,2001,Mittelfeldspieler,4.627.526,1. FC Köln,Fit,0,0,0,0
Dejan Ljubičić,1997,Mittelfeldspieler,8.280.219,1. FC Köln,Fit,3,48,"54,33",163
Mathias Olesen,2001,Mittelfeldspieler,500.000,1. FC Köln,Aufbautraining,3,2,"2,67",8
Denis Huseinbašić,2001,Mittelfeldspieler,4.743.241,1. FC Köln,Fit,1,,"1,00",1
Meiko Wäschenbach,2004,Mittelfeldspieler,-,1. FC Köln,Verletzung,0,0,0,0
Mark Uth,1991,Mittelfeldspieler,1.568.965,1. FC Köln,Aufbautraining,0,0,0,0
Florian Kainz,1992,Mittelfeldspieler,17.533.445,1. FC Köln,Fit,3,120,"63,00",189
Faride Alidou,2001,Mittelfeldspieler,2.099.387,1. FC Köln,Fit,1,18,"18,00",18
Linton Maina,1999,Mittelfeldspieler,4.801.295,1. FC Köln,Fit,0,0,0,0
Dimitrios Limnios,1998,Mittelfeldspieler,500.000,1. FC Köln,Fit,0,0,0,0
Luca Waldschmidt,1996,Stürmer,10.130.189,1. FC Köln,Fit,3,32,"74,33",223
Davie Selke,1995,Stürmer,10.144.471,1. FC Köln,Fit,2,,"16,00",32
Florian Dietz,1998,Stürmer,1.041.393,1. FC Köln,Fit,0,0,0,0
Sargis Adamyan,1993,Stürmer,2.458.462,1. FC Köln,Fit,3,5,"19,67",59
Steffen Tigges,1998,Stürmer,3.746.701,1. FC Köln,Fit,1,35,"35,00",35
Jan Thielmann,2002,Stürmer,500.000,1. FC Köln,Aufbautraining,0,0,0,0
Damion Downs,2004,Stürmer,500.000,1. FC Köln,Fit,0,0,0,0
Oliver Baumann,1990,Torhüter,18.323.359,TSG Hoffenheim,Fit,3,145,"171,33",514
Luca Philipp,2000,Torhüter,500.000,TSG Hoffenheim,Fit,0,0,0,0
Nahuel Noll,2003,Torhüter,500.000,TSG Hoffenheim,Fit,0,0,0,0
Kevin Vogt,1991,Abwehrspieler,10.755.881,TSG Hoffenheim,Fit,3,79,"75,67",227
John Anthony Brooks,1993,Abwehrspieler,14.733.556,TSG Hoffenheim,Fit,3,220,"130,00",390
Kevin Akpoguma,1995,Abwehrspieler,5.410.118,TSG Hoffenheim,Fit,1,,"118,00",118
Kasim Adams,1995,Abwehrspieler,1.380.765,TSG Hoffenheim,Fit,0,0,0,0
Stanley Nsoki,1999,Abwehrspieler,3.584.192,TSG Hoffenheim,Schwerer angeschlagen ,0,0,0,0
Ozan Kabak,2000,Abwehrspieler,16.182.363,TSG Hoffenheim,Fit,2,,"150,00",300
Attila Szalai,1998,Abwehrspieler,6.474.994,TSG Hoffenheim,Fit,2,104,"13,50",27
Joshua Quarshie,2004,Abwehrspieler,-,TSG Hoffenheim,Fit,0,0,0,0
Marco John,2002,Abwehrspieler,500.000,TSG Hoffenheim,Verletzung,0,0,0,0
Pavel Kadeřábek,1992,Abwehrspieler,13.081.144,TSG Hoffenheim,Fit,2,,"136,50",273
Florian Grillitsch,1995,Mittelfeldspieler,14.790.436,TSG Hoffenheim,Fit,3,84,"83,67",251
Diadié Samassékou,1996,Mittelfeldspieler,500.000,TSG Hoffenheim,Fit,1,21,"21,00",21
Grischa Prömel,1995,Mittelfeldspieler,10.978.537,TSG Hoffenheim,Fit,3,62,"49,67",149
Dennis Geiger,1998,Mittelfeldspieler,1.359.379,TSG Hoffenheim,Verletzung,0,0,0,0
Finn Ole Becker,2000,Mittelfeldspieler,4.112.340,TSG Hoffenheim,Fit,1,,"97,00",97
Anton Stach,1998,Mittelfeldspieler,11.180.149,TSG Hoffenheim,Fit,2,,"65,50",131
Umut Tohumcu,2004,Mittelfeldspieler,500.000,TSG Hoffenheim,Fit,0,0,0,0
Tom Bischof,2005,Mittelfeldspieler,4.002.455,TSG Hoffenheim,Fit,2,,"55,50",111
Marius Bülter,1993,Mittelfeldspieler,9.502.401,TSG Hoffenheim,Fit,0,0,0,0
Bambasé Conté,2003,Mittelfeldspieler,-,TSG Hoffenheim,Verletzung,0,0,0,0
Julian Justvan,1998,Mittelfeldspieler,2.719.441,TSG Hoffenheim,Fit,1,,"-17,00",-17
Robert Skov,1996,Mittelfeldspieler,10.923.055,TSG Hoffenheim,Fit,2,202,"132,50",265
Andrej Kramarić,1991,Stürmer,27.399.058,TSG Hoffenheim,Fit,3,138,"147,00",441
Ihlas Bebou,1994,Stürmer,7.604.899,TSG Hoffenheim,Fit,3,84,"45,33",136
Wout Weghorst,1992,Stürmer,15.090.185,TSG Hoffenheim,Angeschlagen,2,50,"53,50",107
Mërgim Berisha,1998,Stürmer,7.800.669,TSG Hoffenheim,Fit,3,15,"27,00",81
Maximilian Beier,2002,Stürmer,11.163.201,TSG Hoffenheim,Fit,3,128,"100,67",302
Michael Zetterer,1995,Torhüter,500.000,SV Werder Bremen,Fit,0,0,0,0
Jiří Pavlenka,1992,Torhüter,14.479.526,SV Werder Bremen,Fit,3,187,"128,67",386
Eduardo dos Santos Haesler,1999,Torhüter,500.000,SV Werder Bremen,Fit,0,0,0,0
Niklas Stark,1995,Abwehrspieler,9.695.387,SV Werder Bremen,Angeschlagen,2,156,"99,00",198
Miloš Veljković,1995,Abwehrspieler,3.493.503,SV Werder Bremen,Fit,1,,"31,00",31
Nicolai Rapp,1996,Abwehrspieler,500.000,SV Werder Bremen,Fit,0,0,0,0
Marco Friedl,1998,Abwehrspieler,8.997.805,SV Werder Bremen,Leicht angeschlagen,3,140,"67,67",203
Amos Pieper,1998,Abwehrspieler,12.622.777,SV Werder Bremen,Fit,3,183,"101,33",304
Anthony Jung,1991,Abwehrspieler,5.366.560,SV Werder Bremen,Fit,3,117,"47,00",141
Mitchell Weiser,1994,Abwehrspieler,15.363.628,SV Werder Bremen,Fit,3,187,"73,67",221
Felix Agu,1999,Abwehrspieler,500.000,SV Werder Bremen,Fit,0,0,0,0
Christian Groß,1989,Mittelfeldspieler,4.746.655,SV Werder Bremen,Fit,3,52,"29,67",89
Senne Lynen,1999,Mittelfeldspieler,5.138.676,SV Werder Bremen,Fit,3,38,"3,33",10
Naby Keïta,1995,Mittelfeldspieler,13.982.065,SV Werder Bremen,Fit,0,0,0,0
Jens Stage,1996,Mittelfeldspieler,9.677.382,SV Werder Bremen,Fit,3,196,"86,67",260
Leonardo Bittencourt,1993,Mittelfeldspieler,7.067.477,SV Werder Bremen,Fit,3,122,"33,67",101
Romano Schmid,2000,Mittelfeldspieler,10.235.345,SV Werder Bremen,Fit,3,243,"88,67",266
Leon Opitz,2005,Mittelfeldspieler,1.321.714,SV Werder Bremen,Fit,2,11,"-4,00",-8
Olivier Deman,2000,Mittelfeldspieler,6.949.889,SV Werder Bremen,Fit,0,0,0,0
Marvin Ducksch,1994,Stürmer,22.314.954,SV Werder Bremen,Fit,3,153,"63,67",191
Rafael Borré,1995,Stürmer,8.133.024,SV Werder Bremen,Fit,0,0,0,0
Dawid Kownacki,1997,Stürmer,8.165.570,SV Werder Bremen,Fit,3,91,"21,33",64
Nick Woltemade,2002,Stürmer,5.777.919,SV Werder Bremen,Fit,1,74,"74,00",74
Justin Njinmah,2000,Stürmer,9.797.363,SV Werder Bremen,Fit,1,186,"186,00",186
Michael Esser,1987,Torhüter,500.000,VfL Bochum,Verletzung,0,0,0,0
Manuel Riemann,1988,Torhüter,16.772.153,VfL Bochum,Fit,3,85,"98,00",294
Niclas Thiede,1999,Torhüter,500.000,VfL Bochum,Fit,0,0,0,0
Ivan Ordets,1992,Abwehrspieler,8.838.619,VfL Bochum,Fit,3,79,"73,00",219
Bernardo,1995,Abwehrspieler,9.438.698,VfL Bochum,Fit,3,85,"83,67",251
Keven Schlotterbeck,1997,Abwehrspieler,3.147.039,VfL Bochum,Fit,1,9,"9,00",9
Erhan Mašović,1998,Abwehrspieler,5.662.044,VfL Bochum,Fit,3,70,"45,00",135
Mohammed Tolba,2004,Abwehrspieler,-,VfL Bochum,Verletzung,0,0,0,0
Tim Oermann,2003,Abwehrspieler,500.000,VfL Bochum,Fit,0,0,0,0
Noah Loosli,1997,Abwehrspieler,715.725,VfL Bochum,Fit,1,,"-13,00",-13
Maximilian Wittek,1995,Abwehrspieler,6.884.577,VfL Bochum,Fit,3,83,"62,33",187
Danilo Soares,1991,Abwehrspieler,2.602.584,VfL Bochum,Fit,1,,"14,00",14
Moritz Römling,2001,Abwehrspieler,-,VfL Bochum,Fit,0,0,0,0
Cristian Gamboa,1989,Abwehrspieler,520.628,VfL Bochum,Fit,1,,"15,00",15
Felix Passlack,1998,Abwehrspieler,5.608.034,VfL Bochum,Fit,3,49,"31,00",93
Jordi Osei-Tutu,1998,Abwehrspieler,500.000,VfL Bochum,Fit,0,0,0,0
Anthony Losilla,1986,Mittelfeldspieler,5.469.849,VfL Bochum,Fit,3,61,"38,00",114
Patrick Osterhage,2000,Mittelfeldspieler,1.426.140,VfL Bochum,Fit,2,,"10,00",20
Matúš Bero,1995,Mittelfeldspieler,2.550.656,VfL Bochum,Fit,2,-5,"15,50",31
Mats Pannewig,2004,Mittelfeldspieler,-,VfL Bochum,Fit,0,0,0,0
Kevin Stöger,1993,Mittelfeldspieler,14.774.760,VfL Bochum,Fit,3,232,"123,67",371
Philipp Förster,1995,Mittelfeldspieler,500.000,VfL Bochum,Fit,0,0,0,0
Lukas Daschner,1998,Mittelfeldspieler,643.139,VfL Bochum,Fit,2,15,"-0,50",-1
Moritz-Broni Kwarteng,1998,Mittelfeldspieler,1.021.509,VfL Bochum,Fit,0,0,0,0
Christopher Antwi-Adjei,1994,Mittelfeldspieler,2.448.913,VfL Bochum,Fit,3,-4,"10,00",30
Philipp Hofmann,1993,Stürmer,5.147.842,VfL Bochum,Fit,3,79,"44,67",134
Takuma Asano,1994,Stürmer,9.403.508,VfL Bochum,Fit,3,250,"102,00",306
Lys Mousset,1996,Stürmer,500.000,VfL Bochum,Verletzung,0,0,0,0
Gonçalo Paciência,1994,Stürmer,2.241.589,VfL Bochum,Fit,0,0,0,0
Moritz Broschinski,2000,Stürmer,500.000,VfL Bochum,Fit,3,-9,"-9,67",-29
Tomás Koubek,1992,Torhüter,500.000,FC Augsburg,Fit,0,0,0,0
Finn Dahmen,1998,Torhüter,10.781.461,FC Augsburg,Fit,3,130,"81,33",244
Marcel Łubik,2004,Torhüter,500.000,FC Augsburg,Fit,0,0,0,0
Jeffrey Gouweleeuw,1991,Abwehrspieler,6.013.505,FC Augsburg,Fit,0,0,0,0
Felix Uduokhai,1997,Abwehrspieler,6.049.516,FC Augsburg,Fit,3,100,"46,33",139
Reece Oxford,1998,Abwehrspieler,500.000,FC Augsburg,Verletzung,0,0,0,0
Maximilian Bauer,2000,Abwehrspieler,7.623.178,FC Augsburg,Fit,3,91,"101,67",305
Patric Pfeiffer,1999,Abwehrspieler,7.738.576,FC Augsburg,Fit,0,0,0,0
Japhet Tanganga,1999,Abwehrspieler,3.037.696,FC Augsburg,Aufbautraining,0,0,0,0
Frederik Winther,2001,Abwehrspieler,500.000,FC Augsburg,Fit,0,0,0,0
Mads Pedersen,1996,Abwehrspieler,4.584.928,FC Augsburg,Fit,3,19,"61,00",183
Iago,1997,Abwehrspieler,2.385.452,FC Augsburg,Fit,0,0,0,0
Aaron Zehnter,2004,Abwehrspieler,500.000,FC Augsburg,Fit,0,0,0,0
David Čolina,2000,Abwehrspieler,500.000,FC Augsburg,Fit,0,0,0,0
Raphael Framberger,1995,Abwehrspieler,500.000,FC Augsburg,Verletzung,0,0,0,0
Kevin Mbabu,1995,Abwehrspieler,4.374.066,FC Augsburg,Fit,0,0,0,0
Robert Gumny,1998,Abwehrspieler,5.180.286,FC Augsburg,Fit,2,54,"25,00",50
Niklas Dorsch,1998,Mittelfeldspieler,6.181.212,FC Augsburg,Fit,3,49,"43,67",131
Tim Breithaupt,2002,Mittelfeldspieler,934.698,FC Augsburg,Fit,3,14,"1,00",3
Arne Maier,1999,Mittelfeldspieler,1.974.930,FC Augsburg,Fit,1,-1,"-1,00",-1
Elvis Rexhbeçaj,1997,Mittelfeldspieler,7.779.173,FC Augsburg,Fit,3,25,"78,67",236
Arne Engels,2003,Mittelfeldspieler,4.767.995,FC Augsburg,Rote Karte,3,29,"35,00",105
Fredrik Jensen,1997,Mittelfeldspieler,673.124,FC Augsburg,Fit,2,30,"17,50",35
Mert Kömür,2005,Mittelfeldspieler,500.000,FC Augsburg,Fit,0,0,0,0
Masaya Okugawa,1996,Mittelfeldspieler,3.323.289,FC Augsburg,Aufbautraining,0,0,0,0
Ruben Vargas,1998,Mittelfeldspieler,6.697.604,FC Augsburg,Fit,3,25,"47,67",143
Nathanaël Mbuku,2002,Mittelfeldspieler,500.000,FC Augsburg,Fit,0,0,0,0
Sven Michel,1990,Stürmer,6.264.566,FC Augsburg,Fit,2,,"84,00",168
Phillip Tietz,1997,Stürmer,4.889.221,FC Augsburg,Fit,3,78,"49,67",149
Irvin Cardona,1997,Stürmer,500.000,FC Augsburg,Fit,0,0,0,0
Ermedin Demirović,1998,Stürmer,18.336.348,FC Augsburg,Fit,3,219,"143,00",429
Dion Beljo,2002,Stürmer,7.988.141,FC Augsburg,Fit,3,127,"74,33",223
Alexander Nübel,1996,Torhüter,18.436.913,VfB Stuttgart,Fit,3,236,"167,00",501
Fabian Bredlow,1995,Torhüter,500.000,VfB Stuttgart,Fit,0,0,0,0
Florian Schock,2001,Torhüter,-,VfB Stuttgart,Fit,0,0,0,0
Dennis Seimen,2005,Torhüter,500.000,VfB Stuttgart,Fit,0,0,0,0
Waldemar Anton,1996,Abwehrspieler,16.840.268,VfB Stuttgart,Fit,3,134,"97,67",293
Dan-Axel Zagadou,1999,Abwehrspieler,15.672.397,VfB Stuttgart,Angeschlagen,3,153,"148,33",445
Anthony Rouault,2001,Abwehrspieler,3.652.662,VfB Stuttgart,Fit,0,0,0,0
Hiroki Ito,1999,Abwehrspieler,20.187.278,VfB Stuttgart,Fit,3,192,"157,00",471
Leonidas Stergiou,2002,Abwehrspieler,2.398.619,VfB Stuttgart,Fit,0,0,0,0
Maximilian Mittelstädt,1997,Abwehrspieler,6.049.269,VfB Stuttgart,Fit,2,63,"26,00",52
Pascal Stenzel,1996,Abwehrspieler,13.302.402,VfB Stuttgart,Fit,3,101,"145,33",436
Roberto Massimo,2000,Abwehrspieler,4.223.434,VfB Stuttgart,Fit,0,0,0,0
Josha Vagnoman,2000,Abwehrspieler,5.314.018,VfB Stuttgart,Fit,0,0,0,0
Atakan Karazor,1996,Mittelfeldspieler,15.505.010,VfB Stuttgart,Fit,3,210,"153,00",459
Angelo Stiller,2001,Mittelfeldspieler,13.357.872,VfB Stuttgart,Fit,2,199,"136,50",273
Nikolas Nartey,2000,Mittelfeldspieler,500.000,VfB Stuttgart,Verletzung,0,0,0,0
Enzo Millot,2002,Mittelfeldspieler,14.602.093,VfB Stuttgart,Fit,2,132,"153,50",307
Genki Haraguchi,1991,Mittelfeldspieler,1.541.166,VfB Stuttgart,Fit,1,,"-10,00",-10
Wooyeong Jeong,1999,Mittelfeldspieler,7.456.578,VfB Stuttgart,Abwesend,3,164,"98,67",296
Lilian Egloff,2002,Mittelfeldspieler,534.124,VfB Stuttgart,Fit,2,,"11,00",22
Laurin Ulrich,2005,Mittelfeldspieler,500.000,VfB Stuttgart,Fit,0,0,0,0
Luca Raimund,2005,Mittelfeldspieler,-,VfB Stuttgart,Schwerer angeschlagen ,0,0,0,0
Chris Führich,1998,Mittelfeldspieler,19.409.001,VfB Stuttgart,Fit,3,305,"212,33",637
Serhou Guirassy,1996,Stürmer,27.980.065,VfB Stuttgart,Fit,3,284,"214,33",643
Deniz Undav,1996,Stürmer,9.171.716,VfB Stuttgart,Fit,0,0,0,0
Jamie Leweling,2001,Stürmer,2.748.477,VfB Stuttgart,Fit,3,17,"16,00",48
Silas,1998,Stürmer,17.832.177,VfB Stuttgart,Angeschlagen,0,0,0,0
Thomas Kastanaras,2003,Stürmer,500.000,VfB Stuttgart,Fit,0,0,0,0
Jovan Milošević,2005,Stürmer,500.000,VfB Stuttgart,Fit,2,23,"19,50",39
Kevin Müller,1991,Torhüter,12.064.776,1. FC Heidenheim,Fit,3,106,"82,33",247
Vitus Eicher,1990,Torhüter,500.000,1. FC Heidenheim,Fit,0,0,0,0
Frank Feller,2004,Torhüter,-,1. FC Heidenheim,Fit,0,0,0,0
Paul Tschernuth,2002,Torhüter,500.000,1. FC Heidenheim,Fit,0,0,0,0
Patrick Mainka,1994,Abwehrspieler,10.104.960,1. FC Heidenheim,Fit,3,90,"80,33",241
Tim Siersleben,2000,Abwehrspieler,7.441.683,1. FC Heidenheim,Fit,3,54,"53,33",160
Thomas Keller,1999,Abwehrspieler,1.243.741,1. FC Heidenheim,Fit,0,0,0,0
Jonas Föhrenbach,1996,Abwehrspieler,5.875.380,1. FC Heidenheim,Fit,2,,"34,00",68
Seedy Jarju,2004,Abwehrspieler,-,1. FC Heidenheim,Fit,0,0,0,0
Marnon Busch,1994,Abwehrspieler,735.183,1. FC Heidenheim,Verletzung,1,,"-4,00",-4
Omar Traoré,1998,Abwehrspieler,4.038.816,1. FC Heidenheim,Fit,3,28,"35,33",106
Norman Theuerkauf,1987,Mittelfeldspieler,7.546.849,1. FC Heidenheim,Fit,0,0,0,0
Benedikt Gimber,1997,Mittelfeldspieler,852.270,1. FC Heidenheim,Fit,0,0,0,0
Lennard Maloney,1999,Mittelfeldspieler,5.579.005,1. FC Heidenheim,Fit,3,8,"16,67",50
Luka Janeš,2004,Mittelfeldspieler,-,1. FC Heidenheim,Fit,0,0,0,0
Jan Schöppner,1999,Mittelfeldspieler,500.000,1. FC Heidenheim,Fit,1,,"-2,00",-2
Denis Thomalla,1992,Mittelfeldspieler,3.205.657,1. FC Heidenheim,Fit,3,4,"28,33",85
Adrian Beck,1997,Mittelfeldspieler,2.786.525,1. FC Heidenheim,Fit,2,28,"28,50",57
Nikola Dovedan,1994,Mittelfeldspieler,1.430.430,1. FC Heidenheim,Fit,3,11,"2,33",7
Florian Pick,1995,Mittelfeldspieler,3.018.369,1. FC Heidenheim,Fit,2,12,"44,00",88
Jan-Niklas Beste,1999,Mittelfeldspieler,15.562.691,1. FC Heidenheim,Fit,2,69,"137,50",275
Kevin Sessa,2000,Mittelfeldspieler,1.108.259,1. FC Heidenheim,Fit,3,13,"-2,33",-7
Eren Dinkçi,2001,Mittelfeldspieler,10.601.821,1. FC Heidenheim,Fit,0,0,0,0
Tim Kleindienst,1995,Stürmer,15.028.998,1. FC Heidenheim,Fit,3,134,"70,00",210
Stefan Schimmer,1994,Stürmer,500.000,1. FC Heidenheim,Fit,2,,"-17,00",-34
Christian Kühlwetter,1996,Stürmer,500.000,1. FC Heidenheim,Fit,0,0,0,0
Marvin Pieringer,1999,Stürmer,5.045.997,1. FC Heidenheim,Fit,3,12,"48,67",146
Elidon Qenaj,2003,Stürmer,500.000,1. FC Heidenheim,Verletzung,0,0,0,0
Marcel Schuhen,1993,Torhüter,10.101.545,SV Darmstadt 98,Fit,3,47,"50,33",151
Alexander Brunst,1995,Torhüter,500.000,SV Darmstadt 98,Fit,0,0,0,0
Morten Behrens,1997,Torhüter,500.000,SV Darmstadt 98,Fit,0,0,0,0
Max Wendt,2005,Torhüter,-,SV Darmstadt 98,Fit,0,0,0,0
Christoph Zimmermann,1993,Abwehrspieler,2.327.964,SV Darmstadt 98,Verletzung,2,15,"29,00",58
Jannik Müller,1994,Abwehrspieler,3.038.828,SV Darmstadt 98,Fit,0,0,0,0
Thomas Isherwood,1998,Abwehrspieler,4.613.976,SV Darmstadt 98,Fit,1,22,"22,00",22
Christoph Klarer,2000,Abwehrspieler,5.067.407,SV Darmstadt 98,Fit,3,85,"48,00",144
Matej Maglica,1998,Abwehrspieler,1.123.878,SV Darmstadt 98,Fit,3,11,"12,00",36
Clemens Riedel,2003,Abwehrspieler,3.960.496,SV Darmstadt 98,Fit,1,,"125,00",125
Emir Karić,1997,Abwehrspieler,5.501.705,SV Darmstadt 98,Fit,2,4,"29,50",59
Matthias Bader,1997,Abwehrspieler,4.002.481,SV Darmstadt 98,Fit,2,24,"46,50",93
Frank Ronstadt,1997,Abwehrspieler,500.000,SV Darmstadt 98,Fit,0,0,0,0
Fabian Holland,1990,Mittelfeldspieler,7.744.306,SV Darmstadt 98,Fit,0,0,0,0
Klaus Gjasula,1989,Mittelfeldspieler,3.523.231,SV Darmstadt 98,Fit,0,0,0,0
Bartol Franjić,2000,Mittelfeldspieler,4.151.915,SV Darmstadt 98,Fit,3,50,"29,67",89
Andreas Müller,2000,Mittelfeldspieler,799.194,SV Darmstadt 98,Fit,0,0,0,0
Fabian Schnellhardt,1994,Mittelfeldspieler,903.038,SV Darmstadt 98,Fit,1,,"17,00",17
Tobias Kempe,1989,Mittelfeldspieler,4.793.500,SV Darmstadt 98,Fit,2,-7,"6,00",12
Fabian Nürnberger,1999,Mittelfeldspieler,4.700.675,SV Darmstadt 98,Leicht angeschlagen,3,-5,"65,67",197
Marvin Mehlem,1997,Mittelfeldspieler,8.643.375,SV Darmstadt 98,Fit,3,23,"68,67",206
Mathias Honsak,1996,Mittelfeldspieler,500.000,SV Darmstadt 98,Fit,2,,"4,50",9
Tim Skarke,1996,Mittelfeldspieler,6.614.770,SV Darmstadt 98,Fit,1,-5,"-5,00",-5
Aaron Seydel,1996,Stürmer,836.540,SV Darmstadt 98,Fit,0,0,0,0
Fraser Hornby,1999,Stürmer,1.393.031,SV Darmstadt 98,Fit,2,,"27,00",54
Luca Pfeiffer,1996,Stürmer,3.574.600,SV Darmstadt 98,Fit,3,-19,"18,67",56
Braydon Manu,1997,Stürmer,983.346,SV Darmstadt 98,Leicht angeschlagen,2,,"-4,50",-9
Oscar Vilhelmsson,2003,Stürmer,4.481.187,SV Darmstadt 98,Leicht angeschlagen,3,103,"26,00",78
Fabio Torsiello,2005,Stürmer,500.000,SV Darmstadt 98,Verletzung,0,0,0,0
Filip Stojilković,2000,Stürmer,1.050.449,SV Darmstadt 98,Fit,3,-31,"-16,67",-50
