ID,Abgewehrte Schüsse,Paraden,Weiße Weste,Strafraum-beherrschung,Abgewehrte Elfmeter,Großchancen vereitelt,Fehler vor Schuss/Gegentor,Passquote,Zweikampfquote,Luftkämpfe,Tacklingquote,Begangene Fouls,Geklärte Bälle,Abgefangene Bälle,Balleroberungen,Ballverluste,Erfolgreiche Dribblings,Torschussvorlagen,Kreierte Großchancen,Schüsse aufs Tor,Schussgenauigkeit,Geblockte Bälle
237,"100,0%","1,93",2,"0,0%","0,0%","100,0%",0,,,,,,,,,,,,,,,
383,"58,8%","0,7",3,"50,0%","0,0%","25,0%","0,23",,,,,,,,,,,,,,,
7264,"0,0%",0,0,"0,0%","0,0%","0,0%",0,,,,,,,,,,,,,,,
0,"0,0%",0,0,"0,0%","0,0%","0,0%",0,,,,,,,,,,,,,,,
4286,,,,,,,0,"92,3%","60,7%","66,7%","100,0%","1,61","4,19","0,97","0,97",0,"0,0%",0,0,"1,94","85,7%","0,32"
1991,,,,,,,0,"94,8%","56,6%","70,0%","23,5%","1,21","2,28","0,67","0,54","0,27","50,0%","0,13",0,"0,4","75,0%","0,13"
6668,,,,,,,0,"92,8%","59,8%","74,0%","31,6%","1,08","2,96","1,18","0,59","0,2","0,0%","0,39","0,1","0,2","100,0%","0,59"
0,,,,,,,0,"0,0%","0,0%","0,0%","0,0%",0,0,0,0,0,"0,0%",0,0,0,"0,0%",0
1862,,,,,,,0,"61,9%","66,7%","0,0%","100,0%",0,"1,73",0,"1,73","1,73","100,0%",0,0,0,"0,0%",0
2366,,,,,,,0,"88,7%","49,6%","60,0%","23,8%","1,1","1,4","0,8","0,5","3,7","50,9%","1,6","0,1","0,3","60,0%","0,5"
6748,,,,,,,0,"90,5%","28,6%","0,0%","0,0%",0,0,0,0,"5,71","0,0%","2,86","1,43","2,86","100,0%",0
2915,,,,,,,0,"76,9%","50,0%","100,0%","0,0%",0,0,0,0,"4,09","0,0%",0,0,0,"0,0%",0
3477,,,,,,,0,"87,1%","51,7%","59,1%","54,5%","1,15","1,15","1,44","0,87","1,44","50,0%","1,3","0,58","0,43","50,0%","0,14"
1685,,,,,,,0,"87,2%","54,3%","66,7%","47,8%","0,63","0,51","1,01","1,39","1,14","0,0%","3,03","0,38","0,76","54,5%","0,13"
6080,,,,,,,0,"100,0%","40,0%","0,0%","40,0%","5,29",0,"1,77","3,53","1,77","100,0%","1,77","1,77","1,77","100,0%","1,77"
660,,,,,,,0,"88,4%","50,9%","45,5%","33,3%","0,27","1,33","1,19","0,66","1,06","40,0%","0,53","0,13","1,72","61,9%","0,13"
2038,,,,,,,"0,14","89,7%","51,2%","42,9%","48,0%","1,64","0,96","0,41","1,64","1,92","52,4%","1,23","0,41","0,27","66,7%","0,69"
0,,,,,,,0,"0,0%","0,0%","0,0%","0,0%",0,0,0,0,0,"0,0%",0,0,0,"0,0%",0
450,,,,,,,0,"72,5%","48,4%","45,5%","45,5%","0,3","0,6",0,"1,5","1,2","50,0%","3,3","1,2","1,5","71,4%",0
2804,,,,,,,0,"84,1%","43,7%","40,0%","50,0%","1,51","0,19","0,38","1,32","6,24","47,5%","1,89","0,57","1,32","77,8%","0,38"
1774,,,,,,,0,"81,5%","47,1%","40,0%","41,7%","0,65","0,39",0,"0,65","4,42","40,5%","2,47","0,52","1,43","57,9%","0,26"
1222,,,,,,,0,"78,5%","44,4%","50,0%","30,0%","1,19","0,1","0,1","0,3","5,36","50,0%","2,78","0,7","2,29","76,7%","0,1"
1961,,,,,,,0,"86,7%","28,6%","66,7%","16,7%","2,11","1,05",0,"0,53","3,16","33,3%","2,11",0,"3,68","70,0%",0
336,,,,,,,0,"83,9%","51,4%","66,7%","60,0%","1,51",0,"0,5","1,51","5,53","46,7%","1,51",0,"2,51","83,3%",0
7226,,,,,,,0,"69,5%","44,4%","35,7%","30,0%","0,3","0,8","0,3","0,3","2,39","50,0%","1,09","0,6","3,38","79,1%","0,1"
4314,,,,,,,0,"83,1%","43,8%","0,0%","0,0%",2,"0,4","0,8",0,"4,8","68,8%","0,4","0,4",4,"83,3%",0
1873,"68,9%","2,52",3,"100,0%","0,0%","41,2%",0,,,,,,,,,,,,,,,
2148,"50,0%","1,27",0,"0,0%","0,0%","50,0%",0,,,,,,,,,,,,,,,
2979,"0,0%",0,0,"0,0%","0,0%","0,0%",0,,,,,,,,,,,,,,,
0,"0,0%",0,0,"0,0%","0,0%","0,0%",0,,,,,,,,,,,,,,,
304,,,,,,,0,"89,8%","61,0%","68,8%","53,6%","0,83","3,78","2,24","1,77","0,47","33,3%","0,24",0,"0,35","37,5%","0,24"
163,,,,,,,"0,25","92,6%","83,3%","75,0%","100,0%",0,"2,69","0,73","0,25",0,"0,0%",0,0,"0,25","100,0%","1,22"
2383,,,,,,,"0,21","88,1%","56,1%","57,1%","52,2%","0,73","2,8","1,04","1,25","0,83","14,3%","0,21",0,"0,62","54,5%","0,31"
3050,,,,,,,0,"0,0%","0,0%","0,0%","0,0%",0,0,0,0,0,"0,0%",0,0,0,"0,0%",0
2736,,,,,,,0,"84,2%","63,6%","40,0%","56,5%","1,74","1,74","1,16","1,88","0,43","77,8%","0,58",0,"0,15","10,0%","1,88"
0,,,,,,,0,"0,0%","0,0%","0,0%","0,0%",0,0,0,0,0,"0,0%",0,0,0,"0,0%",0
2835,,,,,,,0,"0,0%","0,0%","0,0%","0,0%",0,0,0,0,0,"0,0%",0,0,0,"0,0%",0
1809,,,,,,,0,"75,7%","43,5%","33,3%","35,7%","0,93","0,78","0,47","0,78","1,71","40,0%","1,09","0,31",0,"0,0%",0
2665,,,,,,,0,"0,0%","0,0%","0,0%","0,0%",0,0,0,0,0,"0,0%",0,0,0,"0,0%",0
2395,,,,,,,"0,14","85,1%","47,1%","40,0%","56,2%","1,23","0,55","0,27","1,23","1,64","33,3%","0,96","0,14","0,69","62,5%","0,55"
54,,,,,,,0,"86,1%","54,5%","61,5%","50,0%","1,41","0,47","0,79","1,73","1,89","30,0%","1,1","0,16","0,31","100,0%",0
1918,,,,,,,0,"88,8%","52,8%","100,0%","40,0%","2,17","0,48","1,21","0,97","1,45","66,7%","1,21","0,24",0,"0,0%","0,24"
3068,,,,,,,0,"0,0%","0,0%","0,0%","0,0%",0,0,0,0,0,"0,0%",0,0,0,"0,0%",0
1856,,,,,,,0,"79,0%","51,1%","23,1%","41,2%","0,81","1,3","0,81","1,14","0,49","60,0%","1,14","0,16","0,98","60,0%","0,65"
399,,,,,,,0,"77,3%","50,9%","50,0%","53,3%","1,12","0,32","0,16","1,28","1,6","57,1%","1,92","0,64","1,12","58,3%",0
1192,,,,,,,0,"74,8%","29,2%","23,5%","44,4%","0,24","0,35","0,35","0,47","3,66","38,5%","3,19","0,83","1,06","56,2%","0,12"
2692,,,,,,,0,"83,8%","73,3%","66,7%","66,7%",0,"3,24","0,81","1,62","2,43","75,0%","2,43","0,81","0,81","50,0%",0
3069,,,,,,,0,"83,1%","65,8%","87,5%","52,9%","0,76","1,22","1,22","1,38","2,14","33,3%","0,92",0,"1,07","50,0%",0
0,,,,,,,0,"0,0%","0,0%","0,0%","0,0%",0,0,0,0,0,"0,0%",0,0,0,"0,0%",0
3219,,,,,,,0,"80,4%","44,0%","0,0%","0,0%",0,"1,46","0,73",0,"8,78","41,7%","0,73",0,"2,2","60,0%",0
4617,,,,,,,0,"0,0%","0,0%","0,0%","0,0%",0,0,0,0,0,"0,0%",0,0,0,"0,0%",0
608,,,,,,,0,"66,5%","47,6%","50,0%","50,0%","0,96","0,72",0,"0,24","1,8","25,0%","1,08","0,24","0,96","53,3%","0,12"
2037,,,,,,,0,"65,3%","53,7%","50,0%","0,0%","1,5","1,75",0,0,"1,25","57,1%",1,0,1,"66,7%","0,25"
3087,,,,,,,0,"72,3%","39,2%","27,3%","60,0%","0,37","0,12","0,12","0,37","4,32","41,9%","0,37","0,25","2,22","72,0%","0,12"
3482,,,,,,,0,"74,2%","35,2%","60,0%","45,5%","2,29",0,"0,57","1,43","8,31","24,0%","0,57","0,29","0,86","75,0%",0
2866,,,,,,,0,"88,0%","28,6%","33,3%","0,0%","2,25",0,"0,56",0,"1,69","33,3%","0,56",0,"0,56","33,3%","0,56"
4,"71,9%","1,22",5,"100,0%","0,0%","42,9%",0,,,,,,,,,,,,,,,
1225,"0,0%",0,0,"0,0%","0,0%","0,0%",0,,,,,,,,,,,,,,,
1896,"0,0%",0,0,"0,0%","0,0%","0,0%",0,,,,,,,,,,,,,,,
0,"0,0%",0,0,"0,0%","0,0%","0,0%",0,,,,,,,,,,,,,,,
1246,,,,,,,0,"89,4%","67,6%","68,8%","50,0%","1,56","4,05","0,62","1,25","0,31","50,0%",0,0,"0,31","50,0%","0,62"
1333,,,,,,,0,"89,5%","36,4%","38,5%","50,0%","0,73","3,63","0,73","0,48","0,24","0,0%","0,24",0,"0,24","100,0%","0,97"
3001,,,,,,,0,"87,6%","61,5%","61,0%","53,8%","1,08","2,55","1,67","1,37","0,49","66,7%","0,29","0,1","0,1","33,3%","0,39"
6667,,,,,,,0,"0,0%","0,0%","0,0%","0,0%",0,0,0,0,0,"0,0%",0,0,0,"0,0%",0
7224,,,,,,,0,"91,2%","60,9%","68,8%","37,5%","0,5","2,4","0,38","0,38","1,01","45,5%","0,13",0,"0,13","100,0%","0,76"
0,,,,,,,0,"0,0%","0,0%","0,0%","0,0%",0,0,0,0,0,"0,0%",0,0,0,"0,0%",0
1739,,,,,,,0,"76,3%","75,0%","100,0%","100,0%",0,"1,67","1,67","1,67","1,67","0,0%","1,67",0,0,"0,0%",0
2522,,,,,,,"0,1","71,6%","58,4%","88,9%","34,5%","0,78","1,56","0,49","0,98","1,27","35,7%","1,46","0,39","0,49","71,4%","0,59"
1689,,,,,,,0,"76,7%","58,6%","66,7%","31,0%","0,67","0,56","1,22",1,"1,45","63,2%","1,34","0,33","1,11","71,4%","0,22"
1653,,,,,,,"0,12","90,6%","42,0%","11,1%","31,2%","0,95","0,48","0,83","0,59","1,07","88,9%","1,07","0,12","0,24","66,7%","0,71"
2649,,,,,,,0,"85,1%","52,5%","50,0%","43,2%","1,54","0,66","0,77","2,09","1,76","53,8%","0,44",0,"0,22","40,0%","0,33"
2365,,,,,,,0,"86,9%","55,6%","75,0%","25,0%","1,92","1,44","0,96","0,48",0,"0,0%","0,48",0,0,"0,0%",0
6176,,,,,,,0,"79,5%","62,5%","0,0%","50,0%","1,26",0,"0,63","3,78","1,26","0,0%",0,0,0,"0,0%","0,63"
3140,,,,,,,0,"0,0%","0,0%","0,0%","0,0%",0,0,0,0,0,"0,0%",0,0,0,"0,0%",0
2776,,,,,,,0,"75,4%","41,4%","28,6%","0,0%","0,59","0,59","0,89",0,"2,67","45,5%","1,49","0,59","1,19","57,1%",0
2275,,,,,,,0,"72,8%","37,7%","33,3%","50,0%","2,46","0,92","0,31","1,23","4,61","33,3%","1,23",0,"1,23","66,7%",0
6672,,,,,,,0,"77,0%","47,4%","58,3%","22,2%","0,68",0,"0,23","0,23","4,1","48,5%","1,37","0,46","1,93","81,0%",0
6178,,,,,,,0,"84,4%","47,1%","25,0%","25,0%",0,"0,54",0,"0,54","2,71","40,0%","0,54",0,"1,08","100,0%",0
1900,,,,,,,0,"80,3%","41,9%","33,3%","22,2%","0,6","0,9",0,"0,6","2,41","40,0%","0,3",0,"1,51","55,6%",0
734,,,,,,,0,"70,1%","33,3%","0,0%","50,0%","0,75",0,"0,38","0,38","3,75","50,0%","0,75",0,3,"88,9%",0
1865,,,,,,,0,"76,1%","47,2%","34,8%","50,0%","1,2","1,2","0,34","0,69","2,41","42,9%","0,34",0,"0,86","71,4%",0
6664,,,,,,,0,"63,3%","33,8%","28,6%","0,0%","0,96","0,36","0,24",0,"3,36","13,0%","1,32","0,12","2,4","74,1%",0
6177,,,,,,,0,"60,4%","47,8%","64,3%","33,3%","0,67","1,67",0,"0,67","5,35","55,6%","0,34",0,"2,34","70,0%","0,34"
620,"0,0%",0,0,"0,0%","0,0%","0,0%",0,,,,,,,,,,,,,,,
2393,"0,0%",0,0,"0,0%","0,0%","0,0%",0,,,,,,,,,,,,,,,
2279,"54,3%","1,31",0,"100,0%","66,7%","25,0%","0,09",,,,,,,,,,,,,,,
0,"0,0%",0,0,"0,0%","0,0%","0,0%",0,,,,,,,,,,,,,,,
7288,,,,,,,0,"77,8%","56,5%","41,7%","83,3%","0,42","2,72","1,25","1,04","0,21","50,0%","0,21",0,"0,21","100,0%","0,63"
623,,,,,,,0,"87,3%","62,0%","50,0%","47,6%","0,56","2,08","0,69","1,39",0,"100,0%",0,0,"0,14","100,0%","0,69"
2197,,,,,,,0,"95,2%","50,0%","50,0%","0,0%",0,"2,5","7,5",0,0,"0,0%",0,0,0,"0,0%",0
4265,,,,,,,0,"80,7%","58,6%","61,4%","55,6%","1,16","4,16","1,45","1,45","0,29","66,7%","0,19","0,1","0,39","100,0%","0,68"
3473,,,,,,,0,"83,9%","61,4%","55,6%","55,6%","0,58","2,45","1,75","1,17","0,23","66,7%","0,12",0,"0,12","33,3%","0,82"
2321,,,,,,,0,"71,1%","54,5%","75,0%","0,0%","0,55","1,09","0,55",0,"1,64","0,0%","1,09","0,55","0,55","100,0%","0,55"
7242,,,,,,,0,"76,3%","58,8%","47,1%","50,0%","1,32","2,42","1,76","1,65","0,88","40,0%","0,77",0,"0,77","63,6%","0,44"
2400,,,,,,,0,"63,4%","45,5%","66,7%","40,0%","0,71","2,4","0,99","0,57","0,57","25,0%","2,4","0,28","0,28","100,0%","0,14"
4598,,,,,,,0,"70,8%","57,1%","100,0%","20,0%",0,"1,25",0,"0,31","2,19","25,0%","3,75","0,31","0,31","100,0%","0,31"
51,,,,,,,0,"67,2%","58,3%","100,0%","50,0%","1,46","2,2",0,"1,46","1,46","0,0%",0,0,0,"0,0%",0
4253,,,,,,,0,"73,9%","52,8%","69,2%","43,8%","1,09","1,36","0,27","0,96","1,09","40,0%","0,27","0,14","0,55","50,0%","0,55"
4446,,,,,,,0,"87,5%","12,5%","0,0%","0,0%","4,5",0,0,0,0,"100,0%",0,0,0,"0,0%",0
1553,,,,,,,0,"75,0%","47,3%","46,2%","50,0%","1,7","0,21","0,64","1,91","1,7","33,3%","0,85",0,"0,64","50,0%","0,21"
2814,,,,,,,0,"71,2%","42,9%","46,2%","71,4%","2,5","1,94","0,56","1,39","0,83","0,0%","0,83",0,"0,56","40,0%","0,56"
4623,,,,,,,0,"76,5%","51,4%","66,7%","40,0%","1,97","0,33","0,99","0,99","2,47","40,0%","1,15","0,33","0,66","50,0%","0,33"
3187,,,,,,,0,"0,0%","0,0%","0,0%","0,0%",0,0,0,0,0,"0,0%",0,0,0,"0,0%",0
6312,,,,,,,0,"75,3%","34,4%","25,0%","55,6%","0,96",0,0,"1,6","4,16","8,3%","1,28","0,32",0,"0,0%","0,32"
0,,,,,,,0,"0,0%","0,0%","0,0%","0,0%",0,0,0,0,0,"0,0%",0,0,0,"0,0%",0
579,,,,,,,0,"60,0%","35,7%","22,2%","28,6%","2,38","0,48","0,48","0,95","2,38","100,0%","0,48",0,"0,95","50,0%",0
2496,,,,,,,0,"64,2%","53,0%","53,1%","72,7%","1,78","0,89","0,22","0,89","1,22","60,0%","0,89","0,11","1,33","42,9%","0,22"
2646,,,,,,,0,"64,2%","30,6%","0,0%","60,0%","0,81","0,33",0,"0,49","2,27","33,3%","1,63","0,65","1,46","56,2%",0
3289,,,,,,,0,"47,1%","35,7%","36,4%","0,0%",0,0,0,0,"2,14","0,0%",0,0,0,"0,0%",0
6111,,,,,,,0,"50,0%","26,5%","25,0%","28,6%","4,07",0,"0,51","1,02","5,09","37,5%","1,02",0,"0,51","100,0%",0
6318,,,,,,,0,"67,9%","36,1%","30,8%","45,5%","1,4","0,18",0,"0,88","7,54","35,9%","0,35",0,"2,63","65,2%",0
36,"0,0%",0,0,"0,0%","0,0%","0,0%",0,,,,,,,,,,,,,,,
1910,"0,0%",0,0,"0,0%","0,0%","0,0%",0,,,,,,,,,,,,,,,
3019,"57,8%","1,97",3,"100,0%","0,0%","33,3%",0,,,,,,,,,,,,,,,
1138,,,,,,,0,"85,9%","64,0%","78,6%","80,0%","1,65","1,93","1,38","1,1",0,"0,0%",0,0,"0,28","33,3%","0,55"
49,,,,,,,0,"82,3%","60,6%","60,0%","23,8%","0,1","3,75","0,73","0,52","0,31","33,3%","0,21",0,"0,21","100,0%","1,15"
2084,,,,,,,0,"83,3%","62,1%","73,3%","35,0%","0,58",3,"0,97","0,68","0,39","0,0%","0,1","0,1","0,19","33,3%","0,58"
0,,,,,,,0,"0,0%","0,0%","0,0%","0,0%",0,0,0,0,0,"0,0%",0,0,0,"0,0%",0
3208,,,,,,,0,"91,1%","33,3%","50,0%","50,0%","1,03","1,03",0,"2,07","2,07","0,0%","2,07",0,0,"0,0%",0
89,,,,,,,0,"81,0%","50,0%","25,0%","0,0%",0,"1,98",0,0,0,"100,0%","1,98","0,99",0,"0,0%","0,99"
7215,,,,,,,0,"91,7%","33,3%","0,0%","0,0%",0,0,0,0,"3,46","0,0%","1,73",0,0,"0,0%",0
1257,,,,,,,0,"78,8%","59,2%","54,5%","36,0%","0,8","1,72","1,37","1,03","0,92","37,5%","0,23",0,"0,34","75,0%","1,03"
2946,,,,,,,0,"73,5%","48,1%","37,5%","42,9%","1,26","1,96","0,42","1,26","1,96","44,4%","0,84",0,"0,28","66,7%","0,56"
581,,,,,,,0,"90,8%","56,5%","58,3%","42,9%","0,8","1,76","1,6","1,44","0,48","50,0%",0,0,"0,48","42,9%","0,8"
2124,,,,,,,0,"80,0%","100,0%","0,0%","0,0%",0,0,0,0,0,"0,0%",0,0,0,"0,0%",0
2764,,,,,,,"0,65","71,8%","61,9%","50,0%","75,0%","0,65","2,59","2,59","3,89","1,94","50,0%",0,0,0,"0,0%",0
3345,,,,,,,0,"81,5%","35,0%","30,0%","26,7%","1,96","1,72","0,25","0,98","3,68","25,0%","0,98","0,49","0,98","80,0%","0,25"
1645,,,,,,,0,"83,2%","52,6%","58,6%","31,8%","0,9","1,3","1,2","0,7",1,"45,5%","0,4",0,"0,8","80,0%",1
3306,,,,,,,0,"0,0%","0,0%","0,0%","0,0%",0,0,0,0,0,"0,0%",0,0,0,"0,0%",0
118,,,,,,,0,"70,4%","51,6%","33,3%","52,9%","0,32","0,75","0,22","0,97","1,73","44,4%","2,59","0,86","0,97","52,9%",0
3017,,,,,,,0,"76,2%","35,3%","0,0%","0,0%","0,4","1,18","0,79",0,"5,13","15,4%","2,37","0,79","0,79","66,7%","0,4"
2343,,,,,,,0,"68,2%","45,9%","38,1%","16,7%","1,43","1,58","0,43","0,29","1,58","42,9%","1,15","0,14","2,15","83,3%","0,29"
2887,,,,,,,0,"67,2%","47,7%","53,8%","47,4%","0,94","0,81","0,27","1,21","3,64","48,5%","1,21",0,"1,08","80,0%","0,27"
493,,,,,,,0,"51,7%","52,2%","63,3%","25,0%","0,95","0,95",0,"0,32","1,59","25,0%","0,63",0,"2,85","50,0%","0,32"
1226,,,,,,,0,"73,4%","37,5%","33,3%","45,5%","1,76",0,0,"1,76","2,46","0,0%","0,35",0,"1,06","50,0%",0
2176,,,,,,,0,"63,4%","48,6%","42,4%","45,0%","0,89","1,45","0,45",1,1,"50,0%","1,23","0,11",1,"64,3%","0,11"
7234,,,,,,,0,"0,0%","0,0%","0,0%","0,0%",0,0,0,0,0,"0,0%",0,0,0,"0,0%",0
6172,,,,,,,0,"57,9%","47,8%","50,0%","16,7%","3,4",0,0,"0,85","3,4","0,0%",0,0,0,"0,0%",0
97,"0,0%",0,0,"0,0%","0,0%","0,0%",0,,,,,,,,,,,,,,,
1761,"77,3%","2,35",2,"100,0%","0,0%","55,6%","0,19",,,,,,,,,,,,,,,
7241,"0,0%",0,0,"0,0%","0,0%","0,0%",0,,,,,,,,,,,,,,,
173,,,,,,,0,"94,7%","59,2%","78,9%","35,7%","1,06","4,34","0,39","0,48","0,1","100,0%","0,1",0,"0,39","80,0%","1,35"
2783,,,,,,,"0,1","92,2%","52,0%","54,3%","69,2%","1,07","2,92","0,58","0,88","0,68","66,7%","0,29","0,1",0,"0,0%","0,2"
2300,,,,,,,0,"88,4%","33,3%","0,0%","50,0%","0,49","1,96","1,47","0,98","0,98","0,0%","1,47",0,0,"0,0%",0
3079,,,,,,,0,"89,7%","54,9%","50,0%","72,7%","0,9","1,69","1,81","0,9","0,79","69,2%","0,45","0,11",0,"0,0%","0,23"
3128,,,,,,,0,"97,6%","0,0%","0,0%","0,0%",0,"4,39",0,0,0,"0,0%",0,0,0,"0,0%",0
0,,,,,,,0,"0,0%","0,0%","0,0%","0,0%",0,0,0,0,0,"0,0%",0,0,0,"0,0%",0
0,,,,,,,0,"0,0%","0,0%","0,0%","0,0%",0,0,0,0,0,"0,0%",0,0,0,"0,0%",0
6173,,,,,,,0,"84,8%","51,4%","18,2%","29,0%","0,58","1,44","0,77","0,86","1,34","29,4%","1,25","0,38","1,44","83,3%","0,29"
2944,,,,,,,0,"0,0%","0,0%","0,0%","0,0%",0,0,0,0,0,"0,0%",0,0,0,"0,0%",0
2948,,,,,,,0,"75,8%","42,5%","28,6%","42,9%","1,1","0,55","0,11","0,66","3,53","42,1%","1,32","0,22","1,1","62,5%",0
6174,,,,,,,0,"90,9%","100,0%","0,0%","100,0%",0,0,0,"4,09",0,"0,0%",0,0,"2,05","100,0%","2,05"
573,,,,,,,0,"92,0%","55,3%","70,0%","44,4%","1,36","1,17","0,78","0,78","0,68","54,5%","1,07","0,1","0,58","75,0%","0,39"
663,,,,,,,0,"86,3%","22,2%","40,0%","0,0%",0,"2,5","1,5",0,1,"0,0%",0,0,0,"0,0%","0,5"
4579,,,,,,,0,"94,4%","0,0%","0,0%","0,0%",0,0,6,0,12,"0,0%",6,6,6,"100,0%",0
1639,,,,,,,0,"55,6%","62,5%","0,0%","0,0%",0,0,0,0,"3,75","50,0%",0,0,0,"0,0%",0
2766,,,,,,,"0,11","91,9%","67,4%","44,4%","35,3%","0,87","0,65","1,84","1,3","0,33","100,0%","1,19","0,43","0,33","50,0%",0
4633,,,,,,,0,"60,0%","100,0%","100,0%","0,0%",0,0,0,0,0,"0,0%",0,0,0,"0,0%",0
2795,,,,,,,0,"84,0%","35,8%","28,6%","30,8%","0,71","0,12",0,"0,47","5,99","48,1%","2,94","0,82","1,76","75,0%",0
0,,,,,,,0,"0,0%","0,0%","0,0%","0,0%",0,0,0,0,0,"0,0%",0,0,0,"0,0%",0
3471,,,,,,,0,"63,0%","47,4%","83,3%","50,0%",3,0,1,1,6,"33,3%",3,0,2,"100,0%",0
3132,,,,,,,0,"77,1%","56,0%","42,9%","0,0%","2,01","0,5","1,01",0,"0,5","100,0%","2,51","0,5","2,01","100,0%",0
78,,,,,,,0,"82,1%","38,3%","33,3%","40,0%","0,51","0,2","0,31","0,61","1,32","25,0%","2,65","0,61","1,73","77,3%","0,1"
7269,,,,,,,0,"85,2%","28,6%","0,0%","0,0%",0,0,"1,23",0,"4,93","25,0%",0,0,"2,47","100,0%",0
2746,,,,,,,0,"0,0%","50,0%","100,0%","0,0%","12,86",0,0,0,0,"0,0%",0,0,0,"0,0%",0
6745,,,,,,,0,"71,8%","47,3%","60,7%","60,0%","0,81","0,61",0,"0,3","4,96","50,0%","1,22","0,41","3,44","63,0%",0
429,"77,1%","2,19",4,"100,0%","33,3%","33,3%",0,,,,,,,,,,,,,,,
357,"75,0%","1,9",0,"0,0%","0,0%","0,0%",0,,,,,,,,,,,,,,,
4546,"0,0%",0,0,"0,0%","0,0%","0,0%",0,,,,,,,,,,,,,,,
0,"0,0%",0,0,"0,0%","0,0%","0,0%",0,,,,,,,,,,,,,,,
285,,,,,,,0,"90,9%","100,0%","100,0%","100,0%",0,"2,43",0,"2,43",0,"0,0%",0,0,0,"0,0%",0
2144,,,,,,,0,"86,5%","59,6%","51,6%","53,3%","0,38","5,25","0,94","0,75","0,19","0,0%","0,09",0,0,"0,0%","0,94"
2378,,,,,,,0,"85,2%","50,6%","45,5%","52,2%","1,3","3,32","0,83","1,42","1,18","40,0%","0,24",0,"0,24","66,7%","1,18"
3457,,,,,,,0,"88,3%","60,0%","60,0%","0,0%",0,"7,65",0,0,"1,18","100,0%",0,0,0,"0,0%","0,59"
0,,,,,,,0,"0,0%","0,0%","0,0%","0,0%",0,0,0,0,0,"0,0%",0,0,0,"0,0%",0
6184,,,,,,,0,"83,1%","65,1%","55,0%","53,6%","0,75","4,03","1,5","1,41","0,09","100,0%",0,0,"0,19","50,0%","0,94"
0,,,,,,,0,"0,0%","0,0%","0,0%","0,0%",0,0,0,0,0,"0,0%",0,0,0,"0,0%",0
1217,,,,,,,0,"84,0%","46,3%","23,1%","50,0%","0,61","1,06","0,46","0,91","0,76","60,0%","0,91","0,15","0,15","33,3%","0,3"
7289,,,,,,,0,"71,1%","43,8%","57,1%","62,5%","1,77","0,89","0,89","2,22","3,99","30,8%",0,0,"0,44","100,0%","0,89"
461,,,,,,,0,"0,0%","0,0%","0,0%","0,0%",0,0,0,0,0,"0,0%",0,0,0,"0,0%",0
3479,,,,,,,0,"75,8%","43,4%","42,9%","50,0%","1,31","1,75","0,73","1,61","2,77","31,2%","0,73",0,"0,73","100,0%","0,29"
0,,,,,,,0,"0,0%","0,0%","0,0%","0,0%",0,0,0,0,0,"0,0%",0,0,0,"0,0%",0
2718,,,,,,,0,"81,6%","49,5%","56,2%","42,9%","1,03","2,06","1,31","1,13","1,59","63,6%","0,84","0,19","0,56","85,7%","0,38"
3143,,,,,,,0,"80,7%","44,4%","71,4%","33,3%","1,68","0,56",0,"0,56","1,68","0,0%","0,56",0,0,"0,0%",0
0,,,,,,,0,"0,0%","0,0%","0,0%","0,0%",0,0,0,0,0,"0,0%",0,0,0,"0,0%",0
392,,,,,,,0,"72,4%","80,0%","0,0%","50,0%",0,0,"3,21","6,43",0,"0,0%",0,0,0,"0,0%",0
4406,,,,,,,0,"78,1%","44,3%","52,2%","21,4%","1,69","1,54","0,46","0,46","4,15","50,0%","0,92","0,31","1,08","53,8%","0,15"
6185,,,,,,,0,"84,6%","37,8%","16,7%","40,0%","0,61","0,73","1,22","0,73","1,71","33,3%","0,61","0,24","0,49","66,7%","0,24"
513,,,,,,,0,"74,5%","59,6%","50,0%","30,0%","0,37","0,74","0,19","0,56","2,78","42,9%","2,23","0,37","0,19","100,0%",0
3084,,,,,,,0,"0,0%","0,0%","0,0%","0,0%",0,0,0,0,0,"0,0%",0,0,0,"0,0%",0
0,,,,,,,0,"0,0%","0,0%","0,0%","0,0%",0,0,0,0,0,"0,0%",0,0,0,"0,0%",0
4545,,,,,,,0,"79,2%","42,9%","100,0%","100,0%","2,5",0,0,"1,25","7,5","0,0%","1,25",0,0,"0,0%",0
7277,,,,,,,0,"64,0%","26,5%","8,7%","80,0%","1,05","0,35","0,18","0,7","1,93","22,2%","2,11","0,35","0,88","62,5%",0
3125,,,,,,,0,"87,8%","40,0%","0,0%","100,0%","0,96",0,0,"0,96","2,87","40,0%","0,96",0,"0,96","100,0%","0,96"
2863,,,,,,,0,"62,6%","45,1%","38,5%","46,7%","1,7","0,73","0,73","1,7","1,95","54,5%","0,73","0,24","1,7","77,8%","0,49"
2157,,,,,,,0,"0,0%","0,0%","0,0%","0,0%",0,0,0,0,0,"0,0%",0,0,0,"0,0%",0
2791,,,,,,,0,"71,4%","27,9%","13,3%","66,7%","3,63",0,0,"0,81","3,63","42,9%",0,0,"2,02","71,4%",0
2792,,,,,,,0,"71,3%","43,7%","44,0%","25,0%","1,57","0,65","0,79","0,26","5,63","28,9%","1,05","0,26","1,96","68,2%",0
0,,,,,,,0,"0,0%","0,0%","0,0%","0,0%",0,0,0,0,0,"0,0%",0,0,0,"0,0%",0
6182,,,,,,,0,"57,1%","61,1%","55,6%","100,0%","1,36","2,73",0,"4,09","2,73","100,0%",0,0,"2,73","100,0%",0
497,"70,0%","2,25",2,"100,0%","0,0%","46,2%",0,,,,,,,,,,,,,,,
1829,"0,0%",0,0,"0,0%","0,0%","0,0%",0,,,,,,,,,,,,,,,
2278,"62,5%","1,88",0,"100,0%","0,0%","42,9%",0,,,,,,,,,,,,,,,
0,"0,0%",0,0,"0,0%","0,0%","0,0%",0,,,,,,,,,,,,,,,
2725,,,,,,,0,"88,1%","27,3%","0,0%","0,0%","2,46","2,46","0,98",0,"0,49","50,0%",0,0,"0,49","100,0%","0,49"
6179,,,,,,,0,"85,1%","59,6%","75,0%","0,0%","1,23","4,93","0,62",0,"0,15","66,7%",0,0,"0,15","20,0%","0,93"
2878,,,,,,,0,"86,6%","51,8%","46,8%","47,4%","0,85","3,97","1,23","0,85","0,19","50,0%","0,28",0,"0,28","75,0%","0,94"
0,,,,,,,0,"0,0%","0,0%","0,0%","0,0%",0,0,0,0,0,"0,0%",0,0,0,"0,0%",0
4611,,,,,,,0,"92,1%","54,5%","55,6%","44,4%","0,48","5,04","2,16","0,96","0,48","0,0%","0,72","0,24",0,"0,0%","0,48"
7163,,,,,,,0,"87,6%","37,5%","16,7%","66,7%","0,62","1,23","0,62","0,62","2,16","16,7%","0,31",0,0,"0,0%","0,93"
4610,,,,,,,0,"75,0%","40,9%","30,0%","44,4%","0,5",1,2,2,1,"0,0%","0,5",0,0,"0,0%","0,5"
2141,,,,,,,"0,18","76,2%","44,0%","25,0%","30,8%","0,87","1,4","1,22","0,7","1,4","40,0%","1,22","0,7","0,7","57,1%","0,52"
7236,,,,,,,0,"80,3%","47,3%","42,1%","29,0%","0,69","2,06","1,08","0,88","2,16","37,5%","0,78","0,2","0,69","70,0%","0,39"
3362,,,,,,,0,"0,0%","0,0%","0,0%","0,0%",0,0,0,0,0,"0,0%",0,0,0,"0,0%",0
44,,,,,,,0,"82,8%","47,8%","25,0%","43,8%","1,07","1,91","0,84","0,84","0,48","0,0%","1,31",0,"0,6","71,4%","0,12"
3004,,,,,,,0,"88,1%","55,6%","50,0%","25,0%","3,41",0,"1,71","0,43","1,71","66,7%",0,0,0,"0,0%","0,43"
1298,,,,,,,0,"77,3%","45,2%","69,2%","27,3%","1,2","0,68","0,51","0,51","0,85","0,0%","0,34",0,"0,85","83,3%","0,51"
7243,,,,,,,0,"73,9%","41,4%","55,6%","35,7%","1,58","0,36","0,36","0,61","2,06","43,8%","1,58","0,24","0,85","63,6%","0,24"
4266,,,,,,,0,"76,8%","52,4%","62,5%","27,6%","1,86","1,2","0,88","0,88","1,1","50,0%","1,31","0,33","0,99","50,0%","0,22"
3475,,,,,,,0,"81,0%","17,6%","0,0%","50,0%","1,3","1,3",0,"1,3","4,53","20,0%","0,65",0,"1,3","66,7%",0
3191,,,,,,,0,"82,1%","47,8%","33,3%","22,2%","1,09","1,09","1,82","0,73","6,19","28,6%","0,73","0,36","0,73","66,7%",0
6180,,,,,,,0,"65,6%","26,8%","33,3%","9,1%","0,69","0,46","0,92","0,23","4,14","40,0%","0,92","0,23","1,61","63,6%",0
3124,,,,,,,0,"67,0%","48,8%","54,5%","37,5%","2,15","0,31","0,61","0,92","2,77","27,3%","1,23",0,"0,31","50,0%","0,61"
2724,,,,,,,0,"0,0%","0,0%","0,0%","0,0%",0,0,0,0,0,"0,0%",0,0,0,"0,0%",0
3196,,,,,,,0,"66,5%","47,9%","50,0%","20,0%","1,08","0,69",0,"0,1","1,28","50,0%","1,18","0,39","1,87","73,1%","0,2"
3193,,,,,,,0,"63,8%","45,2%","50,0%","14,3%","0,89","0,71","0,18","0,18",5,"37,9%","0,71",0,"1,96","78,6%","0,18"
4296,,,,,,,0,"0,0%","0,0%","0,0%","0,0%",0,0,0,0,0,"0,0%",0,0,0,"0,0%",0
7281,,,,,,,0,"43,5%","53,3%","71,4%","0,0%","1,54",0,0,0,"2,31","33,3%",0,0,0,"0,0%","0,77"
577,"0,0%",0,0,"0,0%","0,0%","0,0%",0,,,,,,,,,,,,,,,
1590,"47,7%","1,31",1,"100,0%","0,0%","30,4%",0,,,,,,,,,,,,,,,
3013,"0,0%",0,0,"0,0%","0,0%","0,0%",0,,,,,,,,,,,,,,,
550,,,,,,,0,"80,0%","52,6%","50,0%","66,7%","1,33","3,99","0,74","1,18",0,"100,0%","0,15",0,"0,3","50,0%","0,59"
1618,,,,,,,0,"81,2%","42,9%","25,0%","50,0%","2,31","4,62","2,31","2,31",0,"0,0%",0,0,0,"0,0%","2,31"
2643,,,,,,,0,"77,2%","54,4%","47,8%","43,8%","0,54","3,11","1,82","0,75","0,43","60,0%","1,5",0,"0,75","63,6%","0,11"
2515,,,,,,,0,"80,0%","62,5%","75,0%","28,6%","0,61","3,35","1,22","0,61","0,3","0,0%",0,0,0,"0,0%",0
4418,,,,,,,"0,11","78,0%","62,9%","70,5%","36,4%","1,53","3,38","1,53","0,87","0,22","50,0%","0,11",0,0,"0,0%","0,98"
4576,,,,,,,0,"69,2%","70,0%","60,0%","0,0%","1,23","2,47",0,0,0,"0,0%",0,0,0,"0,0%",0
3470,,,,,,,0,"68,6%","52,9%","56,5%","25,0%","0,99","0,59","0,69","0,59","1,28","41,2%","0,49",0,"0,59","60,0%","0,39"
1540,,,,,,,0,"64,1%","40,0%","38,9%","40,0%","0,62","2,63","1,7","0,93","1,24","37,5%","1,08","0,16","0,31","40,0%","0,47"
3041,,,,,,,0,"0,0%","0,0%","0,0%","0,0%",0,0,0,0,0,"0,0%",0,0,0,"0,0%",0
2232,,,,,,,0,"63,1%","38,5%","50,0%","33,3%","3,35","1,12","1,49","0,74","1,12","50,0%","0,74","0,37","0,37","100,0%","0,37"
60,,,,,,,0,"78,1%","54,1%","56,5%","45,7%","1,56","1,82","2,21","2,08","0,78","33,3%","0,39",0,"0,52","50,0%","0,26"
2358,,,,,,,0,"70,9%","42,1%","100,0%","42,9%","1,22","1,22","1,22","1,46","2,93","0,0%","0,24",0,"0,49","50,0%","0,24"
2335,,,,,,,0,"77,1%","45,7%","35,0%","58,6%","1,81","1,05",2,"1,62","0,95","55,6%","0,48",0,"0,67","70,0%","0,86"
2893,,,,,,,0,"75,0%","0,0%","0,0%","0,0%","2,65",0,"5,29",0,"5,29","0,0%",0,0,0,"0,0%",0
1971,,,,,,,0,"63,9%","36,7%","37,5%","45,5%","3,29","0,33","0,33","1,64","2,96","16,7%","0,66",0,"2,3","70,0%",0
2476,,,,,,,0,"72,6%","38,5%","36,6%","20,0%","0,61","1,09","1,21","0,49","1,94","50,0%","0,73",0,"0,97","80,0%","0,12"
0,,,,,,,0,"0,0%","0,0%","0,0%","0,0%",0,0,0,0,0,"0,0%",0,0,0,"0,0%",0
2092,,,,,,,0,"66,2%","46,4%","22,2%","25,0%","1,31",0,0,"0,44","2,62","25,0%","0,44",0,"2,62","54,5%",0
4596,,,,,,,0,"61,0%","44,3%","42,9%","28,6%","1,51","0,38","0,38","0,38","6,43","45,0%","2,08","0,19","1,13","66,7%",0
1804,,,,,,,0,"63,0%","43,0%","33,3%","30,0%","2,25","0,15","0,15","0,45",3,"50,0%","1,5","0,3","1,05","50,0%","0,15"
2255,,,,,,,0,"0,0%","0,0%","0,0%","0,0%",0,0,0,0,0,"0,0%",0,0,0,"0,0%",0
4600,,,,,,,0,"71,5%","37,1%","44,7%","50,0%","2,2","0,37",0,"0,37","1,1","0,0%","1,1",0,"0,92","55,6%",0
4460,,,,,,,0,"60,0%","23,1%","14,3%","0,0%",0,0,"0,78",0,"2,35","25,0%","1,57",0,"0,78","100,0%",0
1387,"0,0%",0,0,"0,0%","0,0%","0,0%",0,,,,,,,,,,,,,,,
1883,"68,0%","2,19",0,"100,0%","0,0%","31,2%",0,,,,,,,,,,,,,,,
2850,"0,0%",0,0,"0,0%","0,0%","0,0%",0,,,,,,,,,,,,,,,
4590,"61,1%","3,28",0,"100,0%","0,0%","20,0%",0,,,,,,,,,,,,,,,
387,,,,,,,0,"100,0%","75,0%","50,0%","100,0%",0,"4,87",0,"2,43",0,"0,0%",0,0,0,"0,0%","4,87"
1223,,,,,,,0,"78,8%","76,3%","71,4%","55,6%","0,64","5,33","0,64","1,07",0,"100,0%","0,21",0,"0,21","16,7%","1,71"
1686,,,,,,,0,"85,1%","61,5%","54,8%","40,0%","0,44","4,81","1,31","0,58","0,29","50,0%","0,29",0,"0,44","42,9%","1,02"
7156,,,,,,,0,"79,3%","61,3%","61,8%","34,5%","0,57","4,27","1,99","0,95","0,38","0,0%","0,76","0,1","0,1","16,7%","1,61"
3063,,,,,,,0,"25,0%","62,5%","60,0%","50,0%","3,21","6,43","3,21","3,21",0,"0,0%",0,0,0,"0,0%","3,21"
3129,,,,,,,0,"88,4%","43,3%","44,1%","41,2%","1,52","2,9","1,66","0,97","0,42","33,3%",0,0,"0,69","62,5%","1,11"
2799,,,,,,,0,"76,2%","50,0%","50,0%","38,9%","1,13","2,41","1,13","0,99","1,42","53,3%","0,99","0,28","0,57","66,7%","1,27"
4333,,,,,,,0,"36,4%","22,2%","0,0%","0,0%",0,"2,9",0,0,"11,61","0,0%",0,0,0,"0,0%",0
2644,,,,,,,0,"0,0%","0,0%","0,0%","0,0%",0,0,0,0,0,"0,0%",0,0,0,"0,0%",0
2941,,,,,,,0,"76,4%","47,1%","33,3%","52,6%","0,91","3,5","0,65","1,3","1,56","22,2%","0,52",0,"0,13","33,3%","0,91"
0,,,,,,,0,"0,0%","0,0%","0,0%","0,0%",0,0,0,0,0,"0,0%",0,0,0,"0,0%",0
8,,,,,,,0,"80,4%","27,3%","50,0%","25,0%","3,25","2,17","1,08","1,08","8,68","37,5%","1,08",0,0,"0,0%","2,17"
1330,,,,,,,"0,09","89,3%","53,2%","35,3%","46,4%","1,02","1,85","0,83","1,2","0,46","33,3%","0,83","0,19","0,46","83,3%","0,37"
2261,,,,,,,0,"84,4%","43,2%","28,6%","38,5%","0,18","1,07","1,07","0,89","1,96","53,8%","0,89",0,"1,96","68,8%","0,54"
2897,,,,,,,0,"72,9%","51,8%","23,5%","38,1%","0,53","1,72","0,79","1,06","2,25","38,9%","0,53","0,13","0,79","85,7%","0,93"
3011,,,,,,,0,"91,2%","53,5%","50,0%","50,0%","1,95","0,97","0,49","2,43","4,87","63,6%","0,49",0,0,"0,0%",0
2655,,,,,,,0,"0,0%","0,0%","0,0%","0,0%",0,0,0,0,0,"0,0%",0,0,0,"0,0%",0
2074,,,,,,,0,"74,4%","48,4%","66,7%","25,0%","1,65","0,83","0,83","0,41","2,89","60,0%","0,83",0,"2,48","66,7%","0,83"
3090,,,,,,,0,"70,0%","33,3%","0,0%","0,0%","6,43",0,0,0,0,"0,0%",0,0,0,"0,0%",0
547,,,,,,,0,"57,1%","0,0%","0,0%","0,0%","4,09",0,"4,09",0,"4,09","0,0%","4,09",0,0,"0,0%",0
6319,,,,,,,0,"61,7%","39,2%","30,8%","55,6%","0,46","0,23","0,23","0,57","1,95","20,0%","4,01","0,69","0,23","28,6%","0,23"
4419,,,,,,,0,"76,4%","47,1%","26,7%","50,0%","0,72","1,61","0,36","2,15","2,51","38,1%","0,9",0,"1,08","66,7%",0
2288,,,,,,,0,"69,1%","42,5%","33,3%","42,9%","0,52","0,26",0,"0,78","3,51","36,0%","1,82","0,26","1,43","55,0%",0
3454,,,,,,,0,"81,4%","40,3%","45,7%","33,3%","1,76","1,59","0,18","0,18","2,82","42,9%","1,41","0,53","1,23","58,3%","0,53"
6665,,,,,,,0,"70,0%","39,0%","40,0%","100,0%","0,57","1,14",0,"0,38","2,85","18,2%","0,76","0,19","2,09","64,7%","0,19"
3085,,,,,,,0,"80,0%","0,0%","0,0%","0,0%",0,0,0,0,"6,43","0,0%",0,0,"3,21","100,0%",0
1580,"57,7%","2,14",0,"80,0%","0,0%","29,2%",0,,,,,,,,,,,,,,,
2532,"0,0%",0,0,"0,0%","0,0%","0,0%",0,,,,,,,,,,,,,,,
0,"0,0%",0,0,"0,0%","0,0%","0,0%",0,,,,,,,,,,,,,,,
3561,"0,0%",0,0,"0,0%","0,0%","0,0%",0,,,,,,,,,,,,,,,
1249,,,,,,,0,"81,4%","50,0%","50,0%","0,0%",0,"0,88","0,88",0,"1,77","50,0%","1,77",0,0,"0,0%",0
2069,,,,,,,0,"83,0%","58,8%","68,8%","46,2%","1,52","5,04","2,19","1,71","0,19","100,0%",0,0,"0,29","30,0%","1,05"
3190,,,,,,,0,"84,7%","63,9%","62,8%","53,3%","0,7","3,5","1,7","1,6","0,5","20,0%","0,1",0,"0,3","42,9%","1,6"
2349,,,,,,,0,"81,2%","58,3%","100,0%","20,0%","3,79","3,79","0,95","0,95",0,"0,0%",0,0,0,"0,0%","0,95"
4588,,,,,,,0,"0,0%","0,0%","0,0%","0,0%",0,0,0,0,0,"0,0%",0,0,0,"0,0%",0
2453,,,,,,,"0,1","70,3%","45,7%","27,3%","29,6%","0,42","1,67","0,94","0,83","0,73","66,7%","1,77","0,31","0,52","62,5%","0,73"
2553,,,,,,,0,"0,0%","0,0%","0,0%","0,0%",0,0,0,0,0,"0,0%",0,0,0,"0,0%",0
7239,,,,,,,0,"62,5%","44,4%","50,0%","33,3%",0,"1,7",0,"1,7","3,4","50,0%","1,7",0,"0,85","50,0%",0
1229,,,,,,,0,"67,0%","52,6%","41,7%","25,0%","0,4","1,79","0,4","0,8","0,4","50,0%","0,4",0,"0,4","66,7%","0,2"
7161,,,,,,,"0,12","65,5%","44,0%","50,0%","31,0%","1,11","2,1","0,99","1,11","2,6","44,4%","0,87","0,25","0,25","50,0%","0,37"
2702,,,,,,,0,"83,5%","46,6%","48,0%","33,3%","1,44","2,73","1,44","0,86","1,01","40,0%","0,29",0,"0,57","57,1%","0,57"
0,,,,,,,0,"0,0%","0,0%","0,0%","0,0%",0,0,0,0,0,"0,0%",0,0,0,"0,0%",0
6175,,,,,,,0,"0,0%","0,0%","0,0%","0,0%",0,0,0,0,0,"0,0%",0,0,0,"0,0%",0
3029,,,,,,,0,"81,0%","44,6%","33,3%","45,2%","1,16","0,21","0,95","1,47","1,79","30,8%","0,84","0,32","0,95","64,3%","0,21"
3167,,,,,,,0,"77,3%","36,4%","25,0%","0,0%","2,08","1,39","1,39",0,"0,69","100,0%","0,69",0,0,"0,0%",0
3500,,,,,,,0,"91,0%","48,4%","33,3%","37,5%","1,55","0,77","1,03","0,77","1,81","40,0%","0,52",0,0,"0,0%",0
0,,,,,,,0,"0,0%","0,0%","0,0%","0,0%",0,0,0,0,0,"0,0%",0,0,0,"0,0%",0
1725,,,,,,,0,"67,6%","37,5%","50,0%","0,0%","3,25",0,"1,08",0,"4,34","25,0%","1,08",0,"2,17","100,0%",0
1903,,,,,,,0,"74,0%","54,8%","50,0%","59,1%","1,1","0,55","0,44","1,43","2,08","56,5%","1,97","0,22","0,88","66,7%","0,33"
3282,,,,,,,0,"72,2%","32,0%","33,3%","14,3%","1,3","0,32","0,97","0,32","6,15","20,0%","0,32",0,"1,3","100,0%",0
2201,,,,,,,0,"70,6%","36,5%","0,0%","40,0%","0,17",0,"0,33","0,67","3,83","43,5%",1,0,"1,17","58,3%","0,17"
2903,,,,,,,0,"0,0%","0,0%","0,0%","0,0%",0,0,0,0,0,"0,0%",0,0,0,"0,0%",0
737,,,,,,,0,"75,6%","37,3%","25,0%","30,0%","2,25","0,9","0,75","0,9","2,55","47,4%","1,35","0,15","1,8","50,0%","0,6"
1183,,,,,,,0,"68,8%","58,8%","65,9%","33,3%","1,23","1,37",0,"0,14","1,23","57,1%","0,82",0,"1,37","62,5%","0,14"
4252,,,,,,,0,"0,0%","0,0%","0,0%","0,0%",0,0,0,0,0,"0,0%",0,0,0,"0,0%",0
2426,,,,,,,0,"77,8%","33,3%","25,0%","50,0%","0,51","1,03",0,"1,03","1,54","33,3%","1,03","0,51","2,06","80,0%",0
2749,,,,,,,0,"57,9%","50,0%","47,4%","0,0%","0,33","0,98","0,33",0,"1,31","50,0%","0,98",0,"0,98","75,0%","0,33"
2765,,,,,,,0,"60,0%","71,4%","100,0%","50,0%",0,0,"2,81","2,81","5,63","0,0%","2,81",0,"8,44","100,0%",0
4662,,,,,,,0,"70,0%","50,0%","0,0%","0,0%",0,0,0,0,"2,57","50,0%",0,0,0,"0,0%",0
524,"70,5%","3,8",1,"100,0%","100,0%","31,6%",0,,,,,,,,,,,,,,,
2852,"0,0%",0,0,"0,0%","0,0%","0,0%",0,,,,,,,,,,,,,,,
2977,"0,0%",0,0,"0,0%","0,0%","0,0%",0,,,,,,,,,,,,,,,
477,,,,,,,0,"85,0%","54,5%","57,1%","45,5%","0,53","3,83","0,75","0,53","0,21","75,0%",0,0,"0,21","100,0%","1,28"
651,,,,,,,"0,12","81,7%","60,9%","71,4%","21,1%","0,59","6,67","1,87","0,47","0,35","100,0%","0,23",0,"0,35","50,0%","0,7"
96,,,,,,,0,"83,2%","60,5%","50,0%","33,3%","1,21","1,69","0,97","1,21","0,48","33,3%","0,48",0,0,"0,0%","1,69"
2309,,,,,,,0,"0,0%","0,0%","0,0%","0,0%",0,0,0,0,0,"0,0%",0,0,0,"0,0%",0
4352,,,,,,,0,"83,3%","50,0%","100,0%","0,0%","2,9","14,52",0,0,0,"0,0%",0,0,0,"0,0%",0
2373,,,,,,,0,"83,9%","47,5%","43,8%","64,3%","0,88","4,41","1,47","1,32","0,59","33,3%",0,0,"0,59","57,1%","0,59"
6746,,,,,,,0,"76,2%","33,3%","60,0%","0,0%","1,3","2,16",0,0,0,"0,0%","0,43","0,43",0,"0,0%","0,43"
0,,,,,,,0,"0,0%","0,0%","0,0%","0,0%",0,0,0,0,0,"0,0%",0,0,0,"0,0%",0
2927,,,,,,,0,"0,0%","0,0%","0,0%","0,0%",0,0,0,0,0,"0,0%",0,0,0,"0,0%",0
1726,,,,,,,0,"63,1%","50,8%","56,8%","54,5%","0,43","1,86",1,"0,86",1,"25,0%","0,72","0,14","0,43","50,0%","0,43"
1703,,,,,,,"0,14","83,9%","48,5%","45,5%","45,8%","0,97","0,83","1,24","1,52","1,66","41,7%","0,55",0,"0,55","40,0%","0,28"
2737,,,,,,,0,"100,0%","100,0%","0,0%","0,0%",0,0,18,0,0,"0,0%",0,0,0,"0,0%",0
1671,,,,,,,0,"78,8%","37,3%","23,1%","40,0%","1,34","1,45","0,21","1,03","2,07","27,3%","0,72","0,21","0,52","41,7%","0,21"
1990,,,,,,,0,"0,0%","0,0%","0,0%","0,0%",0,0,0,0,0,"0,0%",0,0,0,"0,0%",0
2596,,,,,,,0,"77,7%","22,7%","0,0%","33,3%","1,26","1,26",0,"0,84","2,52","50,0%","0,84","0,42","0,42","50,0%","0,42"
2987,,,,,,,0,"75,1%","55,3%","62,2%","27,3%","1,2","1,68","2,39","1,08","2,39","36,0%","0,6","0,12","0,6","100,0%","0,72"
3230,,,,,,,0,"50,0%","75,0%","0,0%","100,0%",0,"4,5",0,9,"4,5","0,0%",0,0,0,"0,0%",0
3120,,,,,,,0,"79,7%","52,6%","100,0%","33,3%",0,"0,63","0,63","2,5","2,5","50,0%","1,88","0,63","0,63","100,0%",0
2552,,,,,,,0,"69,5%","38,7%","43,5%","20,0%","1,19","0,99","0,2","0,4","2,98","27,3%","1,39","0,4","0,99","62,5%",0
0,,,,,,,0,"100,0%","100,0%","0,0%","100,0%",0,0,0,10,0,"0,0%",0,0,0,"0,0%",0
2793,,,,,,,0,"47,4%","33,3%","0,0%","0,0%",0,0,0,0,"2,31","0,0%",0,0,0,"0,0%",0
2717,,,,,,,"0,14","73,2%","48,3%","83,3%","27,3%","1,13","1,41","0,85","0,85","1,55","33,3%","1,13","0,14","1,41","76,9%","0,28"
1815,,,,,,,0,"77,2%","42,9%","33,3%","0,0%","0,48","0,16",0,0,"3,2","36,8%","3,52","0,48","1,6","62,5%","0,16"
1308,,,,,,,0,"70,4%","40,6%","47,4%","50,0%","1,88","0,94","1,13","0,94","3,75","23,8%","0,56",0,"0,38","33,3%",0
2229,,,,,,,0,"73,5%","48,1%","44,2%","44,4%","0,66","1,06","0,13","0,53","1,32","28,6%","0,93","0,26","0,66","71,4%","0,53"
4421,,,,,,,0,"69,6%","29,7%","28,6%","0,0%","1,47","0,88",0,0,"3,53","40,0%","1,18",0,"1,18","36,4%","0,29"
2714,,,,,,,0,"64,5%","40,3%","31,6%","0,0%","0,68","0,55",0,0,"3,41","32,3%","0,55",0,"2,32","73,9%",0
1655,"75,0%","1,56",0,"100,0%","0,0%","0,0%",0,,,,,,,,,,,,,,,
2053,"56,4%","2,53",1,"100,0%","0,0%","38,5%",0,,,,,,,,,,,,,,,
2894,"0,0%",0,0,"0,0%","0,0%","0,0%",0,,,,,,,,,,,,,,,
0,"0,0%",0,0,"0,0%","0,0%","0,0%",0,,,,,,,,,,,,,,,
0,,,,,,,0,"0,0%","0,0%","0,0%","0,0%",0,0,0,0,0,"0,0%",0,0,0,"0,0%",0
157,,,,,,,"0,23","71,9%","59,1%","56,2%","40,0%","2,1","5,61","0,7","1,4",0,"0,0%",0,0,0,"0,0%","1,17"
1823,,,,,,,0,"84,4%","63,8%","58,3%","46,2%","0,5","2,35","0,37","0,74",0,"100,0%","0,12","0,12","0,25","100,0%","0,87"
1659,,,,,,,0,"80,0%","57,1%","100,0%","66,7%","2,2","7,68","2,2","2,2","1,1","0,0%",0,0,0,"0,0%","1,1"
1996,,,,,,,0,"84,6%","59,0%","61,9%","38,9%","1,79","4,46","1,15","0,89",0,"100,0%",0,0,0,"0,0%","1,02"
2294,,,,,,,"0,16","75,1%","67,7%","71,4%","55,6%","0,78","4,68","1,25","1,56",0,"0,0%","0,31","0,16","0,16","33,3%","1,56"
1858,,,,,,,0,"81,0%","69,4%","65,0%","30,0%","0,38","3,4","0,63","0,38",0,"100,0%","0,25",0,0,"0,0%","0,76"
43,,,,,,,0,"69,9%","50,0%","36,0%","34,4%","1,51","1,01","0,1","1,11","2,42","50,0%","1,01","0,4","0,5","50,0%","0,3"
2842,,,,,,,0,"76,9%","0,0%","0,0%","0,0%",0,0,0,0,0,"0,0%",10,0,0,"0,0%",0
2735,,,,,,,0,"82,0%","35,8%","29,2%","30,0%","1,13","1,58","1,13","1,36","0,68","100,0%","0,45",0,"0,23","100,0%","0,45"
7167,,,,,,,0,"81,0%","39,5%","16,7%","31,2%","2,63","1,44","2,63","1,2","0,48","50,0%","0,96","0,24","0,48","100,0%","0,24"
1868,,,,,,,0,"77,8%","40,0%","0,0%","0,0%","0,99",0,"0,99",0,"0,99","100,0%",0,0,0,"0,0%",0
3481,,,,,,,0,"73,6%","51,9%","65,0%","20,0%","2,09","0,84","0,63","0,52","0,84","25,0%","1,26","0,21","0,94","60,0%","0,63"
624,,,,,,,0,"80,4%","51,7%","60,0%","32,0%","2,57","0,77","1,03","2,06","2,06","40,0%","0,77",0,"0,77","37,5%",0
2367,,,,,,,"0,11","77,6%","42,1%","40,9%","28,6%","0,97","0,76","0,11","0,65","4,64","31,6%","1,51","0,32","0,76","46,7%","0,32"
6060,,,,,,,0,"40,0%","60,0%","0,0%","66,7%",0,0,0,"6,67","3,33","50,0%",0,0,0,"0,0%",0
7282,,,,,,,0,"77,6%","50,9%","36,4%","36,8%","1,6","1,07","0,71","1,24","0,71","71,4%","0,71","0,18","0,89","71,4%","1,07"
82,,,,,,,0,"57,5%","36,2%","25,0%","14,3%","0,11","0,9",0,"0,11","1,24","41,7%","1,69","0,23","1,35","63,2%","0,11"
3030,,,,,,,0,"79,3%","36,2%","38,5%","57,1%","2,59","0,47","0,24","0,94","2,35","44,4%","0,94","0,24","1,65","100,0%",0
2375,,,,,,,0,"61,8%","50,0%","50,0%","0,0%","0,78","0,39",0,0,"0,78","66,7%","1,17",0,"0,39","25,0%","0,39"
2758,,,,,,,0,"82,1%","32,8%","23,8%","71,4%","2,37","2,03",0,"1,69","6,77","42,9%","1,69",0,"0,68","100,0%",0
3228,,,,,,,0,"62,9%","48,5%","55,6%","0,0%","0,44","0,44",0,0,"4,81","35,7%","2,62","0,87","2,62","66,7%","0,44"
1158,"0,0%",0,0,"0,0%","0,0%","0,0%",0,,,,,,,,,,,,,,,
1405,"62,9%","2,54",1,"100,0%","50,0%","40,7%",0,,,,,,,,,,,,,,,
2273,"0,0%",0,0,"0,0%","0,0%","0,0%",0,,,,,,,,,,,,,,,
3558,,,,,,,0,"76,6%","62,8%","66,7%","40,0%","1,69","4,74","2,03","0,23",0,"0,0%","0,11","0,11","0,45","50,0%","0,9"
1954,,,,,,,"0,09","76,0%","61,8%","60,7%","48,8%","1,61","3,12","1,98","1,89","0,28","25,0%","0,28",0,"0,28","75,0%","1,23"
2274,,,,,,,0,"68,7%","66,0%","75,8%","66,7%","2,06","3,44","0,92","0,46",0,"0,0%","0,23",0,"0,46","100,0%","1,6"
2994,,,,,,,0,"74,4%","49,4%","31,0%","47,6%","0,73","2,07","0,36","2,43","0,49","0,0%","0,12","0,12","0,61","62,5%","0,61"
0,,,,,,,0,"0,0%","0,0%","0,0%","0,0%",0,0,0,0,0,"0,0%",0,0,0,"0,0%",0
4318,,,,,,,0,"60,0%","0,0%","0,0%","0,0%",0,0,0,0,"4,29","0,0%","4,29",0,0,"0,0%",0
6186,,,,,,,0,"69,4%","63,6%","50,0%","60,0%",0,"5,79","1,29","1,93","0,64","50,0%",0,0,0,"0,0%","0,64"
2460,,,,,,,0,"67,0%","42,6%","30,8%","53,8%","2,3","1,61","0,69","1,61","1,61","37,5%","2,07",0,"0,46","25,0%","0,23"
1544,,,,,,,0,"69,3%","61,0%","36,4%","54,5%","1,39","2,77","1,94","1,66","1,11","75,0%","0,83",0,0,"0,0%","0,28"
0,,,,,,,0,"0,0%","0,0%","0,0%","0,0%",0,0,0,0,0,"0,0%",0,0,0,"0,0%",0
2990,,,,,,,0,"70,1%","50,0%","50,0%","28,6%","0,8",2,"0,4","0,8","0,4","71,4%","0,4",0,"0,2","33,3%","1,2"
1785,,,,,,,0,"70,8%","50,0%","37,5%","43,8%","1,21","1,82","0,81","1,42","0,81","50,0%","1,62",0,"0,2","25,0%","0,4"
3483,,,,,,,0,"0,0%","0,0%","0,0%","0,0%",0,0,0,0,0,"0,0%",0,0,0,"0,0%",0
1514,,,,,,,0,"71,9%","55,9%","57,4%","46,4%","1,52","1,08","1,63","1,41","0,76","42,9%","0,43",0,"0,22","40,0%","0,22"
2722,,,,,,,0,"76,2%","45,5%","40,0%","37,5%","0,73","1,09","1,45","1,09","1,45","40,0%",0,0,"0,36","50,0%",0
6288,,,,,,,0,"71,2%","35,4%","36,4%","45,5%","2,45","0,74","0,25","1,23","2,94","16,7%","0,49",0,"0,25","33,3%",0
0,,,,,,,0,"0,0%","0,0%","0,0%","0,0%",0,0,0,0,0,"0,0%",0,0,0,"0,0%",0
619,,,,,,,0,"64,2%","41,3%","18,2%","37,1%","1,46","0,45","1,01","1,46","2,93","37,5%","1,92","0,56","2,03","66,7%","0,11"
2526,,,,,,,0,"74,4%","53,3%","0,0%","50,0%",0,"0,52","2,09","1,57","1,05","0,0%","2,62",0,"0,52","100,0%",0
2533,,,,,,,0,"72,2%","42,1%","66,7%","0,0%","1,05","0,52",0,0,"3,66","33,3%","2,09","0,52","1,57","75,0%",0
2561,,,,,,,0,"68,8%","50,0%","0,0%","0,0%","1,41",0,"1,41",0,"4,22","57,1%",0,0,0,"0,0%",0
2539,,,,,,,"0,21","63,5%","27,9%","27,3%","25,0%","0,84","0,84",0,"0,63","2,94","18,2%","1,05","0,42","2,1","71,4%","0,21"
46,,,,,,,0,"61,2%","59,0%","56,8%","33,3%","0,84","1,35","0,17","0,34","0,68","60,0%","1,18","0,51","0,68","50,0%",0
2079,,,,,,,0,"68,5%","36,4%","14,8%","12,5%","0,58","0,12","0,23","0,23","1,86","52,9%","0,93","0,12","1,86","76,2%","0,12"
4392,,,,,,,0,"0,0%","0,0%","0,0%","0,0%",0,0,0,0,0,"0,0%",0,0,0,"0,0%",0
2287,,,,,,,0,"64,9%","34,6%","26,3%","25,0%","1,4","1,05",0,"0,35","5,58","45,5%","1,74","0,35","1,74","55,6%",0
2883,,,,,,,0,"62,5%","15,1%","12,9%","50,0%","3,29",0,0,"0,82","3,29","66,7%","0,41",0,"0,41","50,0%","0,82"
2727,"0,0%",0,0,"0,0%","0,0%","0,0%",0,,,,,,,,,,,,,,,
2195,"63,8%","2,61",0,"100,0%","0,0%","25,0%","0,09",,,,,,,,,,,,,,,
6187,"0,0%",0,0,"0,0%","0,0%","0,0%",0,,,,,,,,,,,,,,,
1811,,,,,,,0,"79,7%","59,0%","61,9%","50,0%",1,"4,7","1,28","0,29","0,29","75,0%","0,14","0,14","0,57","66,7%","0,85"
2065,,,,,,,0,"81,9%","62,1%","62,1%","41,7%",1,"4,12","1,67","0,56","0,11","50,0%","0,11",0,"0,11","50,0%","1,11"
2047,,,,,,,0,"0,0%","0,0%","0,0%","0,0%",0,0,0,0,0,"0,0%",0,0,0,"0,0%",0
2582,,,,,,,"0,17","84,9%","54,0%","50,0%","33,3%","1,03","3,97","1,03","0,86",0,"100,0%",0,0,"0,52","75,0%","1,38"
2572,,,,,,,0,"70,6%","61,8%","56,2%","55,6%","1,34","3,47","1,34","1,34","0,27","0,0%","0,27","0,27","0,27","20,0%","0,8"
7303,,,,,,,0,"0,0%","0,0%","0,0%","0,0%",0,0,0,0,0,"0,0%",0,0,0,"0,0%",0
3025,,,,,,,0,"0,0%","0,0%","0,0%","0,0%",0,0,0,0,0,"0,0%",0,0,0,"0,0%",0
2651,,,,,,,0,"73,4%","54,1%","30,0%","46,7%","1,42","2,41","0,85","0,99","0,99","63,6%","0,71",0,"0,28","40,0%","0,28"
2662,,,,,,,0,"73,5%","59,0%","57,1%","30,8%","0,49","2,46","0,74","0,98","1,48","42,9%","1,23","0,25",0,"0,0%","0,25"
3070,,,,,,,0,"0,0%","0,0%","0,0%","0,0%",0,0,0,0,0,"0,0%",0,0,0,"0,0%",0
4581,,,,,,,0,"0,0%","0,0%","0,0%","0,0%",0,0,0,0,0,"0,0%",0,0,0,"0,0%",0
668,,,,,,,0,"0,0%","0,0%","0,0%","0,0%",0,0,0,0,0,"0,0%",0,0,0,"0,0%",0
2639,,,,,,,0,"59,7%","42,9%","50,0%","66,7%","1,85","0,53","0,79","1,58","4,49","44,4%","0,79",0,0,"0,0%","0,53"
2885,,,,,,,0,"62,5%","66,7%","75,0%","57,1%","0,88","2,06","1,47","1,18","1,18","62,5%","0,59","0,29","0,59","100,0%","1,18"
1929,,,,,,,0,"87,1%","50,0%","42,9%","23,5%","1,66","1,49","0,66","0,66","0,83","33,3%",0,0,"0,17","25,0%","0,83"
3329,,,,,,,0,"76,8%","45,8%","45,5%","33,3%","1,28","1,6","0,32","0,64","0,32","0,0%","0,32",0,"0,32","50,0%","0,64"
2005,,,,,,,0,"76,1%","50,0%","0,0%","100,0%","2,43",0,0,"2,43","1,22","75,0%",0,0,0,"0,0%",0
2091,,,,,,,0,"74,2%","57,1%","61,5%","40,0%","0,69","0,5","0,69","0,79","0,99","25,0%","0,59",0,"0,89","75,0%","0,3"
4555,,,,,,,0,"63,5%","51,4%","33,3%","33,3%",1,"0,6","0,8","0,8","0,4","66,7%","1,4","0,2","0,4","66,7%","0,2"
4654,,,,,,,0,"0,0%","0,0%","0,0%","0,0%",0,0,0,0,0,"0,0%",0,0,0,"0,0%",0
2263,,,,,,,0,"53,2%","34,5%","50,0%","10,0%","0,84","1,39","0,28","0,28","1,39","0,0%","2,51","0,56","1,12","80,0%","0,28"
2494,,,,,,,0,"25,0%","100,0%","100,0%","0,0%",0,"4,74",0,0,0,"0,0%",0,0,0,"0,0%","4,74"
2664,,,,,,,0,"64,6%","40,9%","43,8%","28,6%","1,57","1,57",0,"0,35","3,15","38,9%","1,92","0,18","1,22","58,3%","0,7"
4630,,,,,,,0,"0,0%","0,0%","0,0%","0,0%",0,0,0,0,0,"0,0%",0,0,0,"0,0%",0
168,,,,,,,0,"65,0%","34,3%","35,7%","16,7%","1,64","0,82",0,"0,21","3,08","47,1%","1,03",0,"1,03","71,4%",0
2030,,,,,,,0,"57,8%","43,0%","49,2%","20,0%","1,69","1,55",0,"0,28","2,81","36,8%","1,27","0,14","1,69","63,2%",0
4586,,,,,,,0,"57,1%","25,0%","33,3%","33,3%","1,25","1,25",0,"1,25","1,25","0,0%",0,0,"1,25","33,3%",0
2854,,,,,,,0,"56,5%","36,6%","32,6%","27,3%","1,36","0,87","0,39","0,58","2,52","47,6%","1,16","0,29","1,26","59,1%","0,19"
4580,,,,,,,0,"74,3%","47,2%","50,0%","0,0%","1,01","0,51",0,0,"1,52","44,4%","0,51",0,"1,78","87,5%",0
1581,"71,4%","2,26",5,"100,0%","0,0%","71,4%","0,09",,,,,,,,,,,,,,,
2237,"0,0%",0,0,"0,0%","0,0%","0,0%",0,,,,,,,,,,,,,,,
0,"0,0%",0,0,"0,0%","0,0%","0,0%",0,,,,,,,,,,,,,,,
6085,"0,0%",0,0,"0,0%","0,0%","0,0%",0,,,,,,,,,,,,,,,
1704,,,,,,,"0,09","87,6%","61,5%","71,4%","40,0%","0,94","4,79","1,22","0,56","0,56","57,1%","0,19",0,"0,28","33,3%","0,75"
2068,,,,,,,"0,13","85,5%","70,8%","79,5%","50,0%","1,26","4,68","1,14","0,76",0,"100,0%","0,13",0,"0,51","57,1%","1,26"
7301,,,,,,,0,"86,2%","47,5%","38,1%","63,6%","0,86","1,72","0,64","1,5","0,64","0,0%","0,22","0,22","0,43","100,0%","1,07"
3089,,,,,,,0,"85,5%","46,9%","47,8%","57,1%","0,63","2,11","1,16","0,42","0,53","66,7%","1,37","0,21","0,84","66,7%","1,05"
7257,,,,,,,0,"83,3%","100,0%","100,0%","66,7%",0,"3,6",0,"7,2",0,"0,0%",0,0,0,"0,0%",0
1664,,,,,,,0,"79,5%","48,9%","55,6%","35,3%","2,55","1,46","1,46","2,19","3,28","37,5%","0,36","0,36","0,36","50,0%","0,73"
1758,,,,,,,0,"85,1%","44,6%","42,1%","24,0%","1,16","2,18","1,31","0,87","0,44","75,0%","1,45","0,58","0,44","42,9%","0,87"
2546,,,,,,,0,"78,8%","40,0%","0,0%","0,0%",0,"1,32",0,0,"1,32","0,0%",0,0,0,"0,0%",0
2199,,,,,,,0,"0,0%","0,0%","0,0%","0,0%",0,0,0,0,0,"0,0%",0,0,0,"0,0%",0
2214,,,,,,,0,"87,6%","58,0%","51,6%","56,2%","0,83","0,94","0,83","1,88","1,46","16,7%","0,73","0,21","0,1","25,0%","0,52"
2694,,,,,,,0,"89,4%","51,2%","44,0%","38,5%","1,05","0,84","0,84","1,05","1,05","88,9%","1,68","0,21","0,63","75,0%","0,42"
2120,,,,,,,0,"0,0%","0,0%","0,0%","0,0%",0,0,0,0,0,"0,0%",0,0,0,"0,0%",0
3130,,,,,,,0,"82,9%","48,1%","14,3%","33,3%","1,25","0,56","0,69","0,69","3,19","46,9%","1,39","0,14","0,97","70,0%","0,14"
1571,,,,,,,0,"76,9%","33,3%","0,0%","100,0%","6,92","3,46",0,"3,46",0,"0,0%",0,0,0,"0,0%",0
2302,,,,,,,0,"85,1%","33,3%","11,1%","57,1%","0,5",0,"1,25",1,"2,5","0,0%","1,5","0,5","1,25","71,4%",0
2832,,,,,,,0,"78,0%","42,9%","0,0%","16,7%","1,45",0,"0,73","0,73","2,9","0,0%",0,0,"0,73","33,3%","0,73"
3559,,,,,,,0,"0,0%","0,0%","0,0%","0,0%",0,0,0,0,0,"0,0%",0,0,0,"0,0%",0
7316,,,,,,,0,"64,3%","60,0%","0,0%","33,3%",0,0,0,"3,75","3,75","0,0%",0,0,0,"0,0%",0
2172,,,,,,,0,"81,2%","47,6%","30,0%","16,7%","0,11","0,21","0,32","0,11","3,63","58,0%","2,25","0,64","1,07","58,8%",0
2988,,,,,,,0,"72,0%","39,0%","50,0%","40,0%","0,84","0,84",0,"0,56","5,89","42,9%","1,68",0,"2,24","88,9%",0
2822,,,,,,,0,"70,5%","36,8%","33,3%","33,3%","0,62","0,16",0,"0,31","7,47","36,0%","0,78",0,"1,25","72,7%","0,16"
1920,,,,,,,0,"78,4%","53,1%","57,8%","0,0%","0,67","1,21","0,13",0,"2,69","50,0%","1,75","0,27","2,82","65,6%","0,13"
7158,,,,,,,0,"75,5%","32,1%","30,8%","16,7%","1,98","0,25","0,25","0,25","4,46","36,4%","1,49","0,5","3,22","76,5%",0
3560,,,,,,,0,"0,0%","0,0%","0,0%","0,0%",0,0,0,0,0,"0,0%",0,0,0,"0,0%",0
6171,,,,,,,0,"60,0%","50,0%","0,0%","0,0%",0,0,0,0,0,"100,0%",0,0,0,"0,0%",0
755,"66,7%","2,7",2,"100,0%","14,3%","36,4%","0,09",,,,,,,,,,,,,,,
1527,"0,0%",0,0,"0,0%","0,0%","0,0%",0,,,,,,,,,,,,,,,
0,"0,0%",0,0,"0,0%","0,0%","0,0%",0,,,,,,,,,,,,,,,
3245,"0,0%",0,0,"0,0%","0,0%","0,0%",0,,,,,,,,,,,,,,,
841,,,,,,,0,"87,0%","58,6%","60,4%","32,0%","0,47","4,01","1,12","0,75","0,37","50,0%",0,0,"0,84","75,0%","0,75"
2690,,,,,,,"0,1","81,8%","54,8%","52,4%","25,7%","1,24","2,48","1,76","0,93","0,31","0,0%","0,1","0,1",0,"0,0%","1,03"
3339,,,,,,,0,"71,4%","0,0%","0,0%","0,0%","6,92",0,0,0,0,"0,0%",0,0,0,"0,0%",0
1871,,,,,,,0,"74,7%","46,2%","50,0%","52,9%","0,46","1,38","0,81","1,04","1,15","16,7%","0,81",0,"0,12","50,0%","0,92"
0,,,,,,,0,"0,0%","0,0%","0,0%","0,0%",0,0,0,0,0,"0,0%",0,0,0,"0,0%",0
1622,,,,,,,0,"73,9%","41,7%","25,0%","0,0%","0,82",0,"1,64",0,"0,82","50,0%","0,82",0,"0,82","50,0%",0
6134,,,,,,,0,"75,1%","49,3%","50,0%","25,0%","0,85","1,16","1,27","0,53","2,11","27,3%","0,85",0,"0,21","66,7%","0,42"
699,,,,,,,0,"82,4%","63,6%","62,5%","50,0%","0,66","0,83","1,49","0,99","0,33","50,0%","0,5",0,"0,5","75,0%","0,66"
1687,,,,,,,0,"74,1%","60,0%","0,0%","50,0%","0,95","9,47",0,"0,95",0,"0,0%",0,0,0,"0,0%","1,9"
2399,,,,,,,0,"77,9%","50,5%","60,9%","32,3%","1,62","4,01","1,24","0,96","0,19","100,0%","0,19",0,"0,57","60,0%","0,19"
0,,,,,,,0,"0,0%","0,0%","0,0%","0,0%",0,0,0,0,0,"0,0%",0,0,0,"0,0%",0
3249,,,,,,,0,"57,9%","58,8%","66,7%","16,7%",0,"2,71","0,68","0,68","2,03","50,0%","0,68",0,"1,35","66,7%",0
2630,,,,,,,0,"78,0%","45,0%","50,0%","37,5%","1,01","1,52","0,76","0,76","0,76","100,0%","0,51","0,25","0,76","100,0%",0
3515,,,,,,,0,"77,7%","47,3%","38,9%","38,5%","0,48","1,21","0,48","1,21","2,65","85,7%","1,21",0,"0,72","50,0%",0
2439,,,,,,,0,"54,0%","28,6%","0,0%","30,0%","2,55","0,43",0,"1,27","5,09","44,4%",0,0,"0,85","100,0%",0
3344,,,,,,,0,"72,9%","48,5%","50,0%","100,0%","1,59",0,"0,4","1,2","4,78","46,7%","0,8",0,"0,8","50,0%",0
2125,,,,,,,0,"58,3%","48,4%","27,3%","38,5%","0,8","0,57","0,57","1,14","2,85","42,1%","3,08","0,23","1,26","64,7%","0,11"
2551,,,,,,,0,"71,4%","50,0%","66,7%","0,0%","1,37","0,69",0,0,"0,69","75,0%",0,0,"1,37","50,0%",0
2939,,,,,,,0,"60,1%","39,4%","42,9%","44,4%","1,07","0,43","0,32","0,85","4,15","38,7%","1,17","0,11","1,17","61,1%","0,21"
849,,,,,,,0,"59,2%","37,7%","60,6%","25,0%","2,88","1,49","0,3","0,2","3,28","27,3%","0,6","0,2","1,69","63,0%","0,4"
2809,,,,,,,0,"28,6%","11,1%","25,0%","0,0%","2,09","4,19","2,09",0,"4,19","0,0%",0,0,0,"0,0%",0
3250,,,,,,,0,"0,0%","0,0%","0,0%","0,0%",0,0,0,0,0,"0,0%",0,0,0,"0,0%",0
3027,,,,,,,0,"72,7%","49,4%","50,0%","36,4%","2,15","0,59","0,59","0,78","1,37","60,0%","0,39",0,"0,98","83,3%","0,39"
3548,,,,,,,0,"0,0%","0,0%","0,0%","0,0%",0,0,0,0,0,"0,0%",0,0,0,"0,0%",0
1266,"60,0%","2,71",0,"85,7%","100,0%","39,4%","0,09",,,,,,,,,,,,,,,
1561,"0,0%",0,0,"0,0%","0,0%","0,0%",0,,,,,,,,,,,,,,,
2521,"0,0%",0,0,"0,0%","0,0%","0,0%",0,,,,,,,,,,,,,,,
0,"0,0%",0,0,"0,0%","0,0%","0,0%",0,,,,,,,,,,,,,,,
1782,,,,,,,"0,29","77,0%","58,6%","60,0%","56,2%","0,58","2,92","2,92","2,63","0,29","0,0%",0,0,0,"0,0%","1,75"
2430,,,,,,,0,"75,6%","58,1%","66,7%","30,0%","1,23","3,69","1,23","0,92","0,61","0,0%",0,0,0,"0,0%","0,61"
3242,,,,,,,0,"72,4%","50,0%","0,0%","0,0%","1,7","4,25","1,7",0,0,"0,0%",0,0,0,"0,0%","2,55"
2918,,,,,,,"0,11","86,1%","54,2%","54,2%","41,7%","1,26","2,41","0,63","1,05","0,31","100,0%","0,31","0,11","0,11","33,3%","0,52"
3108,,,,,,,"0,16","76,5%","58,8%","75,0%","47,4%","1,63","3,26","1,63","1,47","0,49","0,0%","0,49",0,"0,33","50,0%","0,65"
3233,,,,,,,0,"85,8%","51,9%","44,4%","27,3%","1,14","4,2","1,53","1,14","0,38","50,0%",0,0,"1,14","100,0%","0,38"
3369,,,,,,,0,"80,1%","53,5%","66,7%","42,3%","1,22","1,34","0,97","1,34","1,22","66,7%","2,19","0,12","0,61","55,6%","0,12"
3236,,,,,,,0,"78,2%","62,5%","62,5%","53,3%","0,69","1,83","0,46","1,83","0,92","25,0%","0,46",0,"0,69","75,0%","0,23"
2450,,,,,,,0,"74,6%","60,6%","44,4%","36,4%","0,71","0,57","1,71","1,14","1,56","44,4%","1,42","0,43","0,57","57,1%","0,57"
1893,,,,,,,0,"77,8%","40,0%","100,0%","0,0%",0,"3,21","3,21",0,"6,43","0,0%","3,21",0,0,"0,0%",0
655,,,,,,,0,"76,4%","48,1%","36,4%","46,2%","1,78","1,18","1,54","1,42","1,18","50,0%","0,47","0,12","0,12","33,3%","0,95"
2463,,,,,,,0,"79,5%","65,6%","50,0%","46,7%","0,78","3,64","1,3","1,82",0,"100,0%","0,26",0,0,"0,0%","0,52"
3476,,,,,,,0,"89,7%","29,2%","50,0%","12,5%","1,29","2,9","1,94","0,32","0,97","66,7%",0,0,0,"0,0%",0
3397,,,,,,,0,"28,6%","100,0%","100,0%","100,0%",0,"3,21",0,"9,64",0,"0,0%",0,0,0,"0,0%","6,43"
1253,,,,,,,0,"88,9%","50,0%","33,3%","0,0%","0,6",3,"1,8",0,"0,6","100,0%",0,0,"0,6","50,0%",0
1464,,,,,,,0,"72,7%","42,9%","33,3%","66,7%",1,"0,5","0,5",1,"1,17","25,0%","3,34","0,33","1,34","72,7%","0,33"
2489,,,,,,,0,"75,8%","47,2%","37,5%","40,9%","1,03","0,91","1,94","1,03","2,17","26,7%","1,14",0,"1,14","66,7%","0,23"
2455,,,,,,,0,"76,6%","29,7%","26,7%","40,0%","0,26","1,03","0,77","0,51","2,83","16,7%","0,51",0,"0,77","60,0%",0
2491,,,,,,,0,"73,1%","32,9%","10,0%","40,0%","1,45","0,43","0,58","0,58","2,61","47,6%","0,72","0,15","2,17","71,4%","0,15"
1975,,,,,,,0,"50,0%","80,0%","80,0%","0,0%",0,0,0,0,0,"0,0%",0,0,0,"0,0%",0
6304,,,,,,,0,"58,2%","36,4%","52,4%","0,0%","1,23","1,64",0,0,"2,86","25,0%","1,23","0,41","1,64","44,4%","0,41"
3232,,,,,,,0,"75,5%","39,1%","39,0%","14,3%","2,15","1,21","0,13","0,13","1,75","45,5%","0,81","0,13","0,81","37,5%","0,13"
3238,,,,,,,0,"76,5%","40,0%","0,0%","0,0%","3,07",0,0,0,"3,07","50,0%","1,02",0,"1,02","25,0%",0
4258,,,,,,,0,"47,1%","46,9%","56,2%","66,7%","2,21","0,74","0,37","0,74","1,84","0,0%",0,0,"1,11","60,0%",0
4303,,,,,,,0,"0,0%","0,0%","0,0%","0,0%",0,0,0,0,0,"0,0%",0,0,0,"0,0%",0
4631,,,,,,,0,"50,0%","33,3%","0,0%","100,0%","1,55","0,52",0,"0,52","1,03","33,3%",0,0,"1,03","66,7%",0
