,ID,Name,season,Points
1,2582,Maximilian Bauer,2022,1059.0
2,2582,Maximilian Bauer,2021,907.0
4,2582,Maximilian Bauer,2023,444.0
5,1308,Ihlas Bebou,2022,1327.0
6,1308,Ihlas Bebou,2021,2011.0
7,1308,Ihlas Bebou,2020,2709.0
8,1308,Ihlas Bebou,2019,2258.0
9,1308,Ihlas Bebou,2023,622.0
10,3515,Adrian Beck,2022,1573.0
11,3515,Adrian Beck,2023,370.0
12,524,Oliver Baumann,2022,2901.0
13,524,Oliver Baumann,2021,2707.0
14,524,Oliver Baumann,2020,2458.0
15,524,Oliver Baumann,2019,2784.0
16,524,Oliver Baumann,2023,1958.0
17,2275,Christoph Baumgartner,2022,2500.0
18,2275,Christoph Baumgartner,2021,2035.0
19,2275,Christoph Baumgartner,2020,2636.0
20,2275,Christoph Baumgartner,2019,1794.0
21,2275,Christoph Baumgartner,2023,1020.0
23,2596,Finn Becker,2021,1279.0
24,2596,Finn Becker,2022,354.0
26,2596,Finn Becker,2023,278.0
27,2646,Sheraldo Becker,2022,3143.0
28,2646,Sheraldo Becker,2021,2108.0
29,2646,Sheraldo Becker,2020,1401.0
30,2646,Sheraldo Becker,2019,191.0
31,2646,Sheraldo Becker,2023,345.0
32,2496,Kevin Behrens,2022,2112.0
33,2496,Kevin Behrens,2021,784.0
35,2496,Kevin Behrens,2023,1010.0
36,2714,Maximilian Beier,2022,1570.0
37,2714,Maximilian Beier,2021,1660.0
39,2714,Maximilian Beier,2020,-12.0
40,2714,Maximilian Beier,2023,1137.0
42,2521,Morten Behrens,2021,78.0
46,3120,Tom Bischof,2022,161.0
47,3120,Tom Bischof,2021,-12.0
48,3120,Tom Bischof,2023,184.0
49,624,Leonardo Bittencourt,2021,1922.0
50,624,Leonardo Bittencourt,2022,1284.0
52,624,Leonardo Bittencourt,2020,1421.0
53,624,Leonardo Bittencourt,2023,571.0
54,4,Janis Blaswich,2022,2321.0
56,4,Janis Blaswich,2014,0.0
58,4,Janis Blaswich,2023,1444.0
59,2125,Jan-Niklas Beste,2022,4774.0
60,2125,Jan-Niklas Beste,2021,2346.0
63,2125,Jan-Niklas Beste,2023,1671.0
64,7288,Leonardo Bonucci,2023,261.0
65,6745,Victor Boniface,2023,2715.0
67,3090,Yvandro Borges Sanches,2022,20.0
68,3090,Yvandro Borges Sanches,2023,24.0
69,2725,Sebastiaan Bornauw,2022,1894.0
70,2725,Sebastiaan Bornauw,2021,1628.0
71,2725,Sebastiaan Bornauw,2020,1887.0
72,2725,Sebastiaan Bornauw,2019,2374.0
73,2725,Sebastiaan Bornauw,2023,256.0
75,2278,Pavao Pervan,2021,417.0
76,2278,Pavao Pervan,2020,150.0
77,2278,Pavao Pervan,2019,697.0
78,2278,Pavao Pervan,2023,160.0
80,3232,Luca Pfeiffer,2021,3756.0
81,3232,Luca Pfeiffer,2022,165.0
82,3232,Luca Pfeiffer,2023,795.0
83,2572,Patric Pfeiffer,2022,2621.0
84,2572,Patric Pfeiffer,2021,3491.0
86,2572,Patric Pfeiffer,2023,320.0
88,2852,Luca Philipp,2020,0.0
90,1226,Maximilian Philipp,2022,262.0
91,1226,Maximilian Philipp,2021,911.0
92,1226,Maximilian Philipp,2020,1574.0
94,1226,Maximilian Philipp,2023,203.0
95,2288,Alassane Plea,2022,1885.0
96,2288,Alassane Plea,2021,3309.0
97,2288,Alassane Plea,2020,2226.0
98,2288,Alassane Plea,2019,3375.0
99,2288,Alassane Plea,2023,1621.0
100,3344,Florian Pick,2022,1867.0
101,3344,Florian Pick,2021,988.0
102,3344,Florian Pick,2023,116.0
103,1865,Yussuf Poulsen,2022,696.0
104,1865,Yussuf Poulsen,2021,1310.0
105,1865,Yussuf Poulsen,2020,1894.0
106,1865,Yussuf Poulsen,2019,1749.0
107,1865,Yussuf Poulsen,2023,1023.0
109,2294,Amos Pieper,2022,1681.0
110,2294,Amos Pieper,2021,2049.0
111,2294,Amos Pieper,2020,2708.0
112,2294,Amos Pieper,2023,536.0
113,1671,Grischa Prömel,2022,1076.0
114,1671,Grischa Prömel,2021,2467.0
115,1671,Grischa Prömel,2020,1619.0
116,1671,Grischa Prömel,2019,453.0
117,1671,Grischa Prömel,2023,1294.0
118,3027,Marvin Pieringer,2022,2295.0
119,3027,Marvin Pieringer,2021,866.0
121,3027,Marvin Pieringer,2023,620.0
122,4633,Gustavo Puerta,2023,104.0
123,7316,Luca Raimund,2023,6.0
124,3085,Grant-Leon Ranos,2023,14.0
125,3548,Elidon Qenaj,2022,21.0
127,1659,Nicolai Rapp,2022,529.0
128,1659,Nicolai Rapp,2021,2012.0
129,1659,Nicolai Rapp,2022,40.0
130,1659,Nicolai Rapp,2019,0.0
131,1659,Nicolai Rapp,2023,29.0
132,399,Marco Reus,2022,2195.0
133,399,Marco Reus,2021,4083.0
134,399,Marco Reus,2020,3785.0
135,399,Marco Reus,2019,3069.0
136,399,Marco Reus,2023,1220.0
137,2091,Elvis Rexhbecaj,2022,1138.0
138,2091,Elvis Rexhbecaj,2021,1385.0
139,2091,Elvis Rexhbecaj,2020,1695.0
140,2091,Elvis Rexhbecaj,2019,636.0
141,2091,Elvis Rexhbecaj,2023,934.0
142,2522,David Raum,2022,1860.0
143,2522,David Raum,2021,3640.0
145,2522,David Raum,2023,1968.0
146,2692,Giovanni Reyna,2022,1518.0
147,2692,Giovanni Reyna,2021,745.0
148,2692,Giovanni Reyna,2020,2703.0
149,2692,Giovanni Reyna,2019,525.0
150,2692,Giovanni Reyna,2023,339.0
151,2897,Rocco Reitz,2022,-15.0
153,2897,Rocco Reitz,2020,89.0
154,2897,Rocco Reitz,2023,1219.0
155,3233,Clemens Riedel,2022,812.0
156,3233,Clemens Riedel,2021,276.0
157,3233,Clemens Riedel,2023,342.0
158,2092,Marco Richter,2022,1815.0
159,2092,Marco Richter,2021,1516.0
160,2092,Marco Richter,2020,1004.0
161,2092,Marco Richter,2019,1918.0
162,2092,Marco Richter,2023,446.0
163,429,Kevin Trapp,2022,2439.0
164,429,Kevin Trapp,2021,2433.0
165,429,Kevin Trapp,2020,2666.0
166,429,Kevin Trapp,2019,1870.0
167,429,Kevin Trapp,2023,1273.0
168,1405,Manuel Riemann,2022,3801.0
169,1405,Manuel Riemann,2021,3017.0
172,1405,Manuel Riemann,2023,1868.0
173,2400,Christopher Trimmel,2022,1789.0
174,2400,Christopher Trimmel,2021,2132.0
175,2400,Christopher Trimmel,2020,3006.0
176,2400,Christopher Trimmel,2019,3287.0
177,2400,Christopher Trimmel,2023,513.0
180,2378,Lucas Silva Melo,2022,2694.0
181,2378,Lucas Silva Melo,2021,2106.0
182,2378,Lucas Silva Melo,2020,1168.0
184,2378,Lucas Silva Melo,2023,1400.0
186,4333,Lukas Ullrich,2023,-48.0
187,2065,Felix Uduokhai,2022,993.0
188,2065,Felix Uduokhai,2021,446.0
189,2065,Felix Uduokhai,2020,2518.0
190,2065,Felix Uduokhai,2019,1858.0
191,2065,Felix Uduokhai,2023,1003.0
192,3559,Laurin Ulrich,2022,-6.0
194,7158,Deniz Undav,2023,1879.0
195,383,Sven Ulreich,2022,356.0
196,383,Sven Ulreich,2021,309.0
197,383,Sven Ulreich,2020,0.0
198,383,Sven Ulreich,2019,64.0
199,383,Sven Ulreich,2023,598.0
200,1991,Dayotchanculle Upamecano,2022,2601.0
201,1991,Dayotchanculle Upamecano,2021,3561.0
202,1991,Dayotchanculle Upamecano,2020,2890.0
203,1991,Dayotchanculle Upamecano,2019,3116.0
204,1991,Dayotchanculle Upamecano,2023,1558.0
206,2199,Josha Vagnoman,2021,1122.0
207,2199,Josha Vagnoman,2022,1079.0
208,2199,Josha Vagnoman,2017,-19.0
209,2199,Josha Vagnoman,2023,277.0
211,36,Benjamin Uphoff,2021,17.0
212,36,Benjamin Uphoff,2020,0.0
213,36,Benjamin Uphoff,2015,0.0
216,1725,Mark Uth,2022,2.0
217,1725,Mark Uth,2021,2836.0
218,1725,Mark Uth,2020,924.0
219,1725,Mark Uth,2019,1807.0
220,1725,Mark Uth,2023,42.0
222,4258,Oscar Vilhelmsson,2022,527.0
223,4258,Oscar Vilhelmsson,2023,161.0
224,2664,Ruben Vargas,2022,1033.0
225,2664,Ruben Vargas,2021,1347.0
226,2664,Ruben Vargas,2020,1760.0
227,2664,Ruben Vargas,2019,2093.0
228,2664,Ruben Vargas,2023,464.0
229,1823,Milos Veljkovic,2021,2641.0
230,1823,Milos Veljkovic,2022,1941.0
232,1823,Milos Veljkovic,2020,1406.0
233,1823,Milos Veljkovic,2023,946.0
234,4418,Sepp van den Berg,2022,513.0
235,4418,Sepp van den Berg,2023,1047.0
236,477,Kevin Vogt,2022,1395.0
237,477,Kevin Vogt,2021,2018.0
238,477,Kevin Vogt,2020,1377.0
239,477,Kevin Vogt,2019,1734.0
240,477,Kevin Vogt,2023,1201.0
242,579,Kevin Volland,2019,2995.0
243,579,Kevin Volland,2018,4341.0
244,579,Kevin Volland,2017,3262.0
245,579,Kevin Volland,2023,503.0
246,3004,Aster Jan Vranckx,2022,-11.0
247,3004,Aster Jan Vranckx,2021,973.0
248,3004,Aster Jan Vranckx,2023,481.0
249,737,Luca Waldschmidt,2022,432.0
250,737,Luca Waldschmidt,2021,408.0
252,737,Luca Waldschmidt,2019,1617.0
253,737,Luca Waldschmidt,2023,982.0
254,2229,Wout Weghorst,2021,1246.0
255,2229,Wout Weghorst,2020,4271.0
256,2229,Wout Weghorst,2019,3202.0
257,2229,Wout Weghorst,2018,4168.0
258,2229,Wout Weghorst,2023,1090.0
259,43,Mitchell Weiser,2021,1890.0
260,43,Mitchell Weiser,2022,2532.0
262,43,Mitchell Weiser,2020,383.0
263,43,Mitchell Weiser,2023,1261.0
264,3017,Noah Weißhaupt,2022,386.0
265,3017,Noah Weißhaupt,2021,79.0
266,3017,Noah Weißhaupt,2023,501.0
267,3084,Marcel Wenig,2022,16.0
269,4460,Nelson Weiper,2022,217.0
270,4460,Nelson Weiper,2023,7.0
271,1330,Julian Weigl,2022,1439.0
272,1330,Julian Weigl,2019,1188.0
273,1330,Julian Weigl,2018,1756.0
274,1330,Julian Weigl,2017,1788.0
275,1330,Julian Weigl,2023,1172.0
276,3041,Silvan Dominic Widmer,2022,1411.0
277,3041,Silvan Dominic Widmer,2021,2714.0
278,3041,Silvan Dominic Widmer,2023,273.0
279,734,Timo Werner,2022,2495.0
281,734,Timo Werner,2019,5715.0
282,734,Timo Werner,2018,4070.0
283,734,Timo Werner,2023,376.0
285,3124,Patrick Wimmer,2022,2196.0
286,3124,Patrick Wimmer,2021,2091.0
287,3124,Patrick Wimmer,2023,176.0
288,3196,Jonas Wind,2022,1484.0
289,3196,Jonas Wind,2021,1648.0
290,3196,Jonas Wind,2023,1780.0
291,3025,Frederik Franck Winther,2022,120.0
292,3025,Frederik Franck Winther,2021,265.0
294,2795,Florian Wirtz,2022,1645.0
295,2795,Florian Wirtz,2021,3361.0
296,2795,Florian Wirtz,2020,2708.0
297,2795,Florian Wirtz,2019,460.0
298,2795,Florian Wirtz,2023,2858.0
299,7156,Maximilian Wöber,2023,1573.0
301,2460,Maximilian Wittek,2023,399.0
302,1809,Marius Wolf,2022,2330.0
303,1809,Marius Wolf,2021,1404.0
304,1809,Marius Wolf,2020,1769.0
305,1809,Marius Wolf,2019,1170.0
306,1809,Marius Wolf,2023,542.0
307,2758,Nick Woltemade,2021,-8.0
309,2758,Nick Woltemade,2020,0.0
310,2758,Nick Woltemade,2019,-43.0
311,2758,Nick Woltemade,2023,153.0
312,2655,Hannes Wolf,2022,439.0
313,2655,Hannes Wolf,2021,193.0
314,2655,Hannes Wolf,2020,1223.0
315,2655,Hannes Wolf,2019,42.0
317,1590,Robin Zentner,2022,2712.0
318,1590,Robin Zentner,2021,2848.0
319,1590,Robin Zentner,2020,2273.0
320,1590,Robin Zentner,2019,1946.0
321,1590,Robin Zentner,2023,907.0
322,2068,Dan-Axel Zagadou,2022,1107.0
323,2068,Dan-Axel Zagadou,2021,950.0
324,2068,Dan-Axel Zagadou,2020,307.0
325,2068,Dan-Axel Zagadou,2019,1591.0
326,2068,Dan-Axel Zagadou,2023,1673.0
327,1655,Michael Zetterer,2021,807.0
328,1655,Michael Zetterer,2022,199.0
329,1655,Michael Zetterer,2020,0.0
331,1655,Michael Zetterer,2023,798.0
333,573,Granit Xhaka,2015,3309.0
334,573,Granit Xhaka,2014,4246.0
335,573,Granit Xhaka,2013,2346.0
336,573,Granit Xhaka,2023,2471.0
337,6179,Cédric Zesiger,2023,702.0
338,157,Niklas Stark,2022,1604.0
339,157,Niklas Stark,2021,1755.0
340,157,Niklas Stark,2020,1999.0
341,157,Niklas Stark,2019,1287.0
342,157,Niklas Stark,2023,573.0
343,1225,Leopold Zingerle,2022,213.0
345,1225,Leopold Zingerle,2019,2086.0
346,1225,Leopold Zingerle,2014,0.0
347,1225,Leopold Zingerle,2013,0.0
349,1782,Christoph Zimmermann,2022,2868.0
351,1782,Christoph Zimmermann,2023,296.0
352,2300,Josip Stanisic,2022,702.0
353,2300,Josip Stanisic,2021,967.0
354,2300,Josip Stanisic,2020,98.0
356,2300,Josip Stanisic,2023,386.0
357,1758,Pascal Stenzel,2022,363.0
358,1758,Pascal Stenzel,2021,715.0
359,1758,Pascal Stenzel,2020,964.0
361,1758,Pascal Stenzel,2023,1422.0
362,7257,Leonidas Stergiou,2023,44.0
363,2694,Angelo Stiller,2022,696.0
364,2694,Angelo Stiller,2021,1493.0
366,2694,Angelo Stiller,2023,1917.0
367,619,Kevin Stöger,2022,2896.0
368,619,Kevin Stöger,2021,564.0
369,619,Kevin Stöger,2020,623.0
370,619,Kevin Stöger,2019,1532.0
371,619,Kevin Stöger,2023,1793.0
372,163,Niklas Süle,2022,3304.0
373,163,Niklas Süle,2021,2829.0
374,163,Niklas Süle,2020,2279.0
375,163,Niklas Süle,2019,884.0
376,163,Niklas Süle,2023,721.0
378,173,Jonathan Tah,2022,2334.0
379,173,Jonathan Tah,2021,3573.0
380,173,Jonathan Tah,2020,2253.0
381,173,Jonathan Tah,2019,2422.0
382,173,Jonathan Tah,2023,2076.0
383,4314,Mathys Tel,2022,893.0
384,4314,Mathys Tel,2023,791.0
385,2783,Edmond Tapsoba,2022,2671.0
386,2783,Edmond Tapsoba,2021,1919.0
387,2783,Edmond Tapsoba,2020,3097.0
388,2783,Edmond Tapsoba,2019,986.0
389,2783,Edmond Tapsoba,2023,1595.0
390,6746,Attila Szalai,2023,122.0
391,4266,Mattias Svanberg,2022,2042.0
392,4266,Mattias Svanberg,2023,1231.0
393,699,Norman Theuerkauf,2022,648.0
394,699,Norman Theuerkauf,2021,2632.0
396,699,Norman Theuerkauf,2013,1544.0
397,699,Norman Theuerkauf,2023,514.0
398,2273,Niclas Thiede,2019,41.0
400,7269,Nathan Tella,2023,314.0
401,2765,Jan Thielmann,2022,813.0
402,2765,Jan Thielmann,2021,1114.0
403,2765,Jan Thielmann,2020,618.0
404,2765,Jan Thielmann,2019,316.0
405,2765,Jan Thielmann,2023,274.0
406,2630,Denis Thomalla,2022,3006.0
407,2630,Denis Thomalla,2021,651.0
409,2630,Denis Thomalla,2023,201.0
410,2030,Phillip Tietz,2022,3569.0
411,2030,Phillip Tietz,2021,4121.0
414,2030,Phillip Tietz,2023,908.0
415,3193,Tiago Barreiros de Melo Tomás,2022,1143.0
416,3193,Tiago Barreiros de Melo Tomás,2021,759.0
417,3193,Tiago Barreiros de Melo Tomás,2023,333.0
418,4303,Fabio Torsiello,2022,-5.0
419,4303,Fabio Torsiello,2023,-17.0
420,3230,Umut Tohumcu,2022,112.0
421,3230,Umut Tohumcu,2021,-15.0
422,3230,Umut Tohumcu,2023,222.0
423,2749,Steffen Tigges,2022,1456.0
424,2749,Steffen Tigges,2021,408.0
425,2749,Steffen Tigges,2020,67.0
427,2749,Steffen Tigges,2023,178.0
428,2814,Lucas Tousart,2022,2477.0
429,2814,Lucas Tousart,2021,1423.0
430,2814,Lucas Tousart,2020,1764.0
431,2814,Lucas Tousart,2023,106.0
432,6134,Omar Traoré,2023,685.0
436,392,Sebastian Rode,2022,1526.0
437,392,Sebastian Rode,2021,718.0
438,392,Sebastian Rode,2020,1663.0
439,392,Sebastian Rode,2019,1950.0
440,392,Sebastian Rode,2023,60.0
441,7163,Rogerio Oliveira da Silva,2023,331.0
442,2279,Frederik Rönnow,2022,3213.0
443,2279,Frederik Rönnow,2021,565.0
444,2279,Frederik Rönnow,2020,720.0
445,2279,Frederik Rönnow,2019,795.0
446,2279,Frederik Rönnow,2023,1126.0
447,3345,Merlin Röhl,2021,920.0
448,3345,Merlin Röhl,2022,101.0
449,3345,Merlin Röhl,2023,705.0
450,7301,Anthony Rouault,2023,553.0
452,2124,Fabian Rüdlin,2023,-14.0
453,2321,Jérôme Roussillon,2022,873.0
454,2321,Jérôme Roussillon,2021,1219.0
455,2321,Jérôme Roussillon,2020,1255.0
456,2321,Jérôme Roussillon,2019,2155.0
457,2321,Jérôme Roussillon,2023,346.0
458,2395,Julian Ryerson,2022,2522.0
459,2395,Julian Ryerson,2021,1392.0
460,2395,Julian Ryerson,2020,731.0
461,2395,Julian Ryerson,2019,231.0
462,2395,Julian Ryerson,2023,1262.0
463,1856,Marcel Sabitzer,2022,1124.0
464,1856,Marcel Sabitzer,2021,1374.0
465,1856,Marcel Sabitzer,2020,3513.0
466,1856,Marcel Sabitzer,2019,4448.0
467,1856,Marcel Sabitzer,2023,986.0
468,2343,Roland Sallai,2022,1152.0
469,2343,Roland Sallai,2021,1903.0
470,2343,Roland Sallai,2020,2004.0
471,2343,Roland Sallai,2019,1016.0
472,2343,Roland Sallai,2023,861.0
473,2737,Diadie Samassékou,2022,3.0
474,2737,Diadie Samassékou,2021,1597.0
475,2737,Diadie Samassékou,2020,2425.0
476,2737,Diadie Samassékou,2019,1193.0
477,2737,Diadie Samassékou,2023,21.0
478,1222,Leroy Sané,2022,3798.0
479,1222,Leroy Sané,2021,4029.0
480,1222,Leroy Sané,2020,3215.0
482,1222,Leroy Sané,2023,3489.0
483,2915,Bouna Sarr,2022,14.0
484,2915,Bouna Sarr,2021,166.0
485,2915,Bouna Sarr,2020,581.0
486,2915,Bouna Sarr,2023,107.0
487,7281,Amin Sarr,2023,-38.0
488,2746,Patrik Schick,2022,778.0
489,2746,Patrik Schick,2021,3853.0
490,2746,Patrik Schick,2020,2117.0
491,2746,Patrik Schick,2019,2171.0
492,2746,Patrik Schick,2023,476.0
493,3187,András Schäfer,2022,648.0
494,3187,András Schäfer,2021,331.0
495,3187,András Schäfer,2023,132.0
496,2941,Joseph Scally,2022,1515.0
497,2941,Joseph Scally,2021,1439.0
498,2941,Joseph Scally,2023,890.0
499,2274,Keven Schlotterbeck,2022,801.0
500,2274,Keven Schlotterbeck,2021,424.0
501,2274,Keven Schlotterbeck,2020,1478.0
502,2274,Keven Schlotterbeck,2019,1854.0
503,2274,Keven Schlotterbeck,2023,769.0
504,2809,Stefan Schimmer,2022,1071.0
505,2809,Stefan Schimmer,2021,982.0
508,2809,Stefan Schimmer,2023,45.0
509,2649,Xaver Schlager,2022,1683.0
510,2649,Xaver Schlager,2021,927.0
511,2649,Xaver Schlager,2020,3238.0
512,2649,Xaver Schlager,2019,1689.0
513,2649,Xaver Schlager,2023,1513.0
514,2383,Nico Schlotterbeck,2022,3611.0
515,2383,Nico Schlotterbeck,2021,4254.0
516,2383,Nico Schlotterbeck,2020,1222.0
517,2383,Nico Schlotterbeck,2019,477.0
518,2383,Nico Schlotterbeck,2023,1673.0
519,3208,Kenneth Schmidt,2022,169.0
520,3208,Kenneth Schmidt,2023,14.0
521,2367,Romano Schmid,2021,3484.0
522,2367,Romano Schmid,2022,1197.0
523,2367,Romano Schmid,2020,683.0
525,2367,Romano Schmid,2023,1020.0
526,1229,Benno Schmitz,2022,1520.0
527,1229,Benno Schmitz,2021,2201.0
528,1229,Benno Schmitz,2020,413.0
529,1229,Benno Schmitz,2019,951.0
530,1229,Benno Schmitz,2023,192.0
531,1249,Dominique Heintz,2022,629.0
532,1249,Dominique Heintz,2021,325.0
533,1249,Dominique Heintz,2020,1132.0
534,1249,Dominique Heintz,2019,2447.0
535,1249,Dominique Heintz,2023,348.0
536,285,Makoto Hasebe,2022,990.0
537,285,Makoto Hasebe,2021,933.0
538,285,Makoto Hasebe,2020,2161.0
539,285,Makoto Hasebe,2019,1553.0
540,285,Makoto Hasebe,2023,95.0
541,1689,Benjamin Henrichs,2022,2538.0
542,1689,Benjamin Henrichs,2021,1621.0
543,1689,Benjamin Henrichs,2020,573.0
544,1689,Benjamin Henrichs,2018,-43.0
545,1689,Benjamin Henrichs,2023,1777.0
547,3125,Jens Petter Hauge,2021,760.0
548,3125,Jens Petter Hauge,2023,112.0
549,547,Patrick Herrmann,2022,137.0
550,547,Patrick Herrmann,2021,796.0
551,547,Patrick Herrmann,2020,875.0
552,547,Patrick Herrmann,2019,2163.0
553,547,Patrick Herrmann,2023,79.0
554,3128,Piero Hincapié,2022,2198.0
555,3128,Piero Hincapié,2021,1999.0
556,3128,Piero Hincapié,2023,587.0
557,581,Nicolas Höfler,2022,2312.0
558,581,Nicolas Höfler,2021,3065.0
559,581,Nicolas Höfler,2020,2393.0
560,581,Nicolas Höfler,2019,2584.0
561,581,Nicolas Höfler,2023,942.0
562,3471,Adam Hlozek,2022,1428.0
563,3471,Adam Hlozek,2023,365.0
565,46,Philipp Hofmann,2021,4010.0
566,46,Philipp Hofmann,2022,2355.0
568,46,Philipp Hofmann,2023,553.0
569,78,Jonas Hofmann,2022,4192.0
570,78,Jonas Hofmann,2021,3303.0
571,78,Jonas Hofmann,2020,2777.0
572,78,Jonas Hofmann,2019,2147.0
573,78,Jonas Hofmann,2023,2545.0
574,2176,Lucas Höler,2022,1702.0
575,2176,Lucas Höler,2021,3187.0
576,2176,Lucas Höler,2020,1763.0
577,2176,Lucas Höler,2019,2278.0
578,2176,Lucas Höler,2023,1310.0
579,6111,Benedict Hollerbach,2023,287.0
580,6319,Franck Honorat,2023,1586.0
581,655,Fabian Holland,2022,2686.0
582,655,Fabian Holland,2021,3485.0
583,655,Fabian Holland,2016,1165.0
584,655,Fabian Holland,2015,728.0
585,655,Fabian Holland,2023,621.0
586,6304,Fraser Hornby,2023,118.0
587,1761,Lukas Hradecky,2022,2599.0
588,1761,Lukas Hradecky,2021,3002.0
589,1761,Lukas Hradecky,2020,2149.0
590,1761,Lukas Hradecky,2019,3056.0
591,1761,Lukas Hradecky,2023,1820.0
592,2069,Timo Hübers,2022,2526.0
593,2069,Timo Hübers,2021,1887.0
595,2069,Timo Hübers,2017,466.0
596,2069,Timo Hübers,2023,1378.0
597,2455,Mathias Honsak,2022,934.0
598,2455,Mathias Honsak,2021,1764.0
600,2455,Mathias Honsak,2023,194.0
601,3500,Denis Huseinbasic,2022,783.0
602,3500,Denis Huseinbasic,2023,121.0
603,2662,Iago Amaral Borduchi,2022,898.0
604,2662,Iago Amaral Borduchi,2021,1982.0
605,2662,Iago Amaral Borduchi,2020,1305.0
606,2662,Iago Amaral Borduchi,2019,558.0
607,2662,Iago Amaral Borduchi,2023,434.0
608,3129,Ko Itakura,2021,3101.0
609,3129,Ko Itakura,2022,1960.0
610,3129,Ko Itakura,2023,673.0
611,3242,Thomas Isherwood,2022,901.0
612,3242,Thomas Isherwood,2021,1675.0
613,3242,Thomas Isherwood,2023,166.0
614,304,Mats Hummels,2022,3022.0
615,304,Mats Hummels,2021,2211.0
616,304,Mats Hummels,2020,4409.0
617,304,Mats Hummels,2019,3675.0
618,304,Mats Hummels,2023,1437.0
619,3089,Hiroki Ito,2022,2477.0
620,3089,Hiroki Ito,2021,2160.0
621,3089,Hiroki Ito,2023,1444.0
622,1192,Julian Brandt,2022,4328.0
623,1192,Julian Brandt,2021,3664.0
624,1192,Julian Brandt,2020,2196.0
625,1192,Julian Brandt,2019,3677.0
626,1192,Julian Brandt,2023,2227.0
627,2736,Ramy Bensebaini,2022,3156.0
628,2736,Ramy Bensebaini,2021,2178.0
629,2736,Ramy Bensebaini,2020,2097.0
630,2736,Ramy Bensebaini,2019,2322.0
631,2736,Ramy Bensebaini,2023,1072.0
632,2197,Paul Jaeckel,2022,973.0
633,2197,Paul Jaeckel,2021,1906.0
635,2197,Paul Jaeckel,2017,261.0
636,2197,Paul Jaeckel,2023,131.0
637,4580,Dion Beljo,2022,789.0
638,4580,Dion Beljo,2023,346.0
639,3329,Tim Breithaupt,2022,1560.0
640,3329,Tim Breithaupt,2021,1598.0
641,3329,Tim Breithaupt,2023,72.0
643,3030,Rafael Borré,2022,886.0
644,3030,Rafael Borré,2021,2140.0
645,3030,Rafael Borré,2023,835.0
646,2237,Fabian Bredlow,2022,888.0
647,2237,Fabian Bredlow,2021,241.0
648,2237,Fabian Bredlow,2020,171.0
649,2237,Fabian Bredlow,2018,746.0
651,6288,Matús Bero,2023,170.0
652,550,Stefan Bell,2022,2127.0
653,550,Stefan Bell,2021,2424.0
654,550,Stefan Bell,2020,1479.0
655,550,Stefan Bell,2019,0.0
656,550,Stefan Bell,2023,317.0
657,1561,Alexander Brunst-Zöllner,2022,225.0
659,1561,Alexander Brunst-Zöllner,2014,0.0
660,1561,Alexander Brunst-Zöllner,2023,68.0
662,1954,Bernardo Fernandes da Silva Junior,2017,1583.0
663,1954,Bernardo Fernandes da Silva Junior,2016,2209.0
664,1954,Bernardo Fernandes da Silva Junior,2023,1291.0
665,4421,Mërgim Berisha,2022,1653.0
666,4421,Mërgim Berisha,2023,106.0
667,651,John Anthony Brooks,2022,1137.0
668,651,John Anthony Brooks,2021,2612.0
669,651,John Anthony Brooks,2020,3173.0
670,651,John Anthony Brooks,2019,2083.0
671,651,John Anthony Brooks,2023,1271.0
672,2883,Moritz Broschinski,2022,206.0
674,2883,Moritz Broschinski,2023,42.0
675,2552,Marius Bülter,2021,3703.0
676,2552,Marius Bülter,2022,2510.0
678,2552,Marius Bülter,2020,635.0
679,2552,Marius Bülter,2023,817.0
680,2255,Jonathan Burkardt,2022,463.0
681,2255,Jonathan Burkardt,2021,2563.0
682,2255,Jonathan Burkardt,2020,1035.0
683,2255,Jonathan Burkardt,2019,238.0
684,2255,Jonathan Burkardt,2023,15.0
685,1622,Marnon Busch,2022,3188.0
686,1622,Marnon Busch,2021,1979.0
688,1622,Marnon Busch,2014,287.0
689,1622,Marnon Busch,2023,170.0
692,2393,Jakob Busk,2020,0.0
693,2393,Jakob Busk,2019,0.0
696,54,Emre Can,2022,2425.0
697,54,Emre Can,2021,2412.0
698,54,Emre Can,2020,2999.0
699,54,Emre Can,2019,1386.0
700,54,Emre Can,2023,1206.0
701,3479,Aurélio Buta,2022,1413.0
702,3479,Aurélio Buta,2023,930.0
703,3470,Anthony Caci,2022,1886.0
704,3470,Anthony Caci,2023,803.0
705,3219,Jamie Jermaine Bynoe-Gittens,2022,956.0
706,3219,Jamie Jermaine Bynoe-Gittens,2021,193.0
707,3219,Jamie Jermaine Bynoe-Gittens,2023,625.0
708,7161,Rasmus Carstensen,2023,513.0
709,6180,Václav Cerny,2023,419.0
710,497,Koen Casteels,2022,3623.0
711,497,Koen Casteels,2021,2558.0
712,497,Koen Casteels,2020,3176.0
713,497,Koen Casteels,2019,1918.0
714,497,Koen Casteels,2023,1287.0
715,3190,Jeff Chabot,2022,2141.0
716,3190,Jeff Chabot,2021,102.0
717,3190,Jeff Chabot,2023,1093.0
718,3063,Fabio Chiarodia,2021,13.0
719,3063,Fabio Chiarodia,2022,42.0
720,3063,Fabio Chiarodia,2023,68.0
721,6173,Alejandro Grimaldo,2023,2982.0
722,660,Leon Goretzka,2022,2675.0
723,660,Leon Goretzka,2021,2403.0
724,660,Leon Goretzka,2020,3151.0
725,660,Leon Goretzka,2019,2954.0
726,660,Leon Goretzka,2023,1497.0
727,461,Timothy Chandler,2022,72.0
728,461,Timothy Chandler,2021,685.0
729,461,Timothy Chandler,2020,372.0
730,461,Timothy Chandler,2019,1393.0
731,461,Timothy Chandler,2018,1.0
733,336,Eric Maxim Choupo-Moting,2022,2052.0
734,336,Eric Maxim Choupo-Moting,2021,928.0
735,336,Eric Maxim Choupo-Moting,2020,1111.0
737,336,Eric Maxim Choupo-Moting,2023,824.0
738,7242,Robin Gosens,2023,1062.0
739,2735,Christian Groß,2021,2263.0
740,2735,Christian Groß,2022,1233.0
741,2735,Christian Groß,2020,870.0
742,2735,Christian Groß,2019,753.0
743,2735,Christian Groß,2023,187.0
746,357,Jens Grahl,2021,17.0
747,357,Jens Grahl,2020,0.0
748,357,Jens Grahl,2018,0.0
749,357,Jens Grahl,2023,174.0
750,7277,Farès Chaïbi,2023,929.0
751,493,Michael Gregoritsch,2022,2666.0
752,493,Michael Gregoritsch,2021,1643.0
753,493,Michael Gregoritsch,2020,605.0
754,493,Michael Gregoritsch,2019,621.0
755,493,Michael Gregoritsch,2023,915.0
756,1961,Serge Gnabry,2022,3997.0
757,1961,Serge Gnabry,2021,4810.0
758,1961,Serge Gnabry,2020,3609.0
759,1961,Serge Gnabry,2019,5070.0
760,1961,Serge Gnabry,2023,245.0
761,118,Vincenzo Grifo,2022,4543.0
762,118,Vincenzo Grifo,2021,4262.0
763,118,Vincenzo Grifo,2020,3625.0
764,118,Vincenzo Grifo,2019,2473.0
765,118,Vincenzo Grifo,2023,1581.0
766,1811,Jeffrey Gouweleeuw,2022,2125.0
767,1811,Jeffrey Gouweleeuw,2021,2208.0
768,1811,Jeffrey Gouweleeuw,2020,2411.0
769,1811,Jeffrey Gouweleeuw,2019,1331.0
770,1811,Jeffrey Gouweleeuw,2023,966.0
772,1703,Florian Grillitsch,2021,1611.0
773,1703,Florian Grillitsch,2020,2254.0
774,1703,Florian Grillitsch,2019,2410.0
775,1703,Florian Grillitsch,2023,803.0
776,513,Mario Götze,2022,2489.0
778,513,Mario Götze,2019,810.0
779,513,Mario Götze,2018,3053.0
780,513,Mario Götze,2023,551.0
781,1862,Raphaël Guerreiro,2022,4201.0
782,1862,Raphaël Guerreiro,2021,2545.0
783,1862,Raphaël Guerreiro,2020,4596.0
784,1862,Raphaël Guerreiro,2019,4442.0
785,1862,Raphaël Guerreiro,2023,421.0
786,1138,Manuel Gulde,2022,594.0
787,1138,Manuel Gulde,2021,927.0
788,1138,Manuel Gulde,2020,1803.0
789,1138,Manuel Gulde,2019,1496.0
790,1138,Manuel Gulde,2023,666.0
791,1618,Josuha Guilavogui,2022,1121.0
792,1618,Josuha Guilavogui,2021,913.0
793,1618,Josuha Guilavogui,2020,1086.0
794,1618,Josuha Guilavogui,2019,1864.0
795,1618,Josuha Guilavogui,2023,58.0
796,1896,Péter Gulácsi,2022,567.0
797,1896,Péter Gulácsi,2021,2710.0
798,1896,Péter Gulácsi,2020,2763.0
799,1896,Péter Gulácsi,2019,2983.0
800,1896,Péter Gulácsi,2018,3639.0
802,4576,Andreas Hanche-Olsen,2022,1527.0
803,4576,Andreas Hanche-Olsen,2023,-53.0
804,4596,Brajan Gruda,2022,-30.0
805,4596,Brajan Gruda,2023,628.0
806,2365,Amadou Haidara,2022,1772.0
807,2365,Amadou Haidara,2021,1718.0
808,2365,Amadou Haidara,2020,2758.0
809,2365,Amadou Haidara,2019,1179.0
810,2365,Amadou Haidara,2023,876.0
811,2885,Robert Gumny,2022,1235.0
812,2885,Robert Gumny,2021,1298.0
813,2885,Robert Gumny,2020,682.0
814,2885,Robert Gumny,2023,260.0
815,89,Christian Günter,2022,2583.0
816,89,Christian Günter,2021,3198.0
817,89,Christian Günter,2020,2870.0
818,89,Christian Günter,2019,3396.0
819,89,Christian Günter,2023,132.0
820,3250,Christian Kühlwetter,2022,596.0
821,3250,Christian Kühlwetter,2021,1480.0
823,1553,Janik Haberer,2022,2300.0
824,1553,Janik Haberer,2021,922.0
825,1553,Janik Haberer,2020,221.0
826,1553,Janik Haberer,2019,1435.0
827,1553,Janik Haberer,2023,381.0
828,1920,Serhou Guirassy,2022,1699.0
829,1920,Serhou Guirassy,2017,870.0
830,1920,Serhou Guirassy,2016,-59.0
831,1920,Serhou Guirassy,2023,2809.0
832,2074,Robin Hack,2022,3238.0
833,2074,Robin Hack,2021,35.0
835,2074,Robin Hack,2021,577.0
836,2074,Robin Hack,2023,321.0
837,2037,Sébastien Haller,2022,2067.0
840,2037,Sébastien Haller,2018,4025.0
841,2037,Sébastien Haller,2023,241.0
842,1571,Genki Haraguchi,2022,984.0
843,1571,Genki Haraguchi,2021,1906.0
844,1571,Genki Haraguchi,2018,1790.0
845,1571,Genki Haraguchi,2017,97.0
846,1571,Genki Haraguchi,2023,-10.0
847,2561,Moritz-Broni Kwarteng,2022,2829.0
849,2561,Moritz-Broni Kwarteng,2023,153.0
851,3306,Daniel-Kofi Kyereh,2021,3945.0
852,3306,Daniel-Kofi Kyereh,2022,485.0
854,2038,Konrad Laimer,2022,1689.0
855,2038,Konrad Laimer,2021,1765.0
856,2038,Konrad Laimer,2020,1.0
857,2038,Konrad Laimer,2019,2708.0
858,2038,Konrad Laimer,2023,1511.0
859,4623,Aïssa Laïdouni,2022,815.0
860,4623,Aïssa Laïdouni,2023,539.0
861,6185,Hugo Larsson,2023,1095.0
862,2878,Maxence Lacroix,2022,1756.0
863,2878,Maxence Lacroix,2021,2262.0
864,2878,Maxence Lacroix,2020,3228.0
865,2878,Maxence Lacroix,2023,1137.0
866,2644,Stefan Lainer,2022,689.0
867,2644,Stefan Lainer,2021,1152.0
868,2644,Stefan Lainer,2020,2749.0
869,2644,Stefan Lainer,2019,2786.0
871,2476,Jae-Sung Lee,2022,2378.0
872,2476,Jae-Sung Lee,2021,1749.0
874,2476,Jae-Sung Lee,2023,755.0
875,4265,Diogo Leite,2022,2084.0
876,4265,Diogo Leite,2023,1038.0
877,1514,Anthony Losilla,2022,1982.0
878,1514,Anthony Losilla,2021,2507.0
881,1514,Anthony Losilla,2023,873.0
882,2084,Philipp Lienhart,2022,2595.0
883,2084,Philipp Lienhart,2021,3308.0
884,2084,Philipp Lienhart,2020,2506.0
885,2084,Philipp Lienhart,2019,1728.0
886,2084,Philipp Lienhart,2023,1217.0
887,2515,Maxim Leitsch,2022,543.0
888,2515,Maxim Leitsch,2021,1402.0
890,2515,Maxim Leitsch,2023,270.0
891,1739,Christopher Lenz,2022,1479.0
892,1739,Christopher Lenz,2021,659.0
893,1739,Christopher Lenz,2020,2093.0
894,1739,Christopher Lenz,2019,2182.0
895,1739,Christopher Lenz,2023,124.0
898,97,Niklas Lomb,2020,19.0
899,97,Niklas Lomb,2019,0.0
900,97,Niklas Lomb,2017,0.0
902,6186,Noah Loosli,2023,88.0
904,2988,Jamie Leweling,2022,339.0
905,2988,Jamie Leweling,2021,1042.0
906,2988,Jamie Leweling,2023,707.0
907,3029,Dejan Ljubičić,2022,1668.0
908,3029,Dejan Ljubičić,2021,1668.0
909,3029,Dejan Ljubičić,2023,700.0
910,7167,Senne Lynen,2023,321.0
911,7236,Joakim Mæhle,2023,1242.0
914,2979,Marcel Laurenz Lotka,2021,546.0
915,2979,Marcel Laurenz Lotka,2020,0.0
917,7224,Castello Lukeba,2023,1226.0
918,2005,Arne Maier,2022,1458.0
919,2005,Arne Maier,2021,1763.0
920,2005,Arne Maier,2020,692.0
921,2005,Arne Maier,2019,381.0
922,2005,Arne Maier,2023,-39.0
923,2426,Sargis Adamyan,2022,504.0
924,2426,Sargis Adamyan,2021,307.0
925,2426,Sargis Adamyan,2020,856.0
926,2426,Sargis Adamyan,2019,922.0
927,2426,Sargis Adamyan,2023,36.0
928,4545,Paxten Aaronson,2022,157.0
929,4545,Paxten Aaronson,2023,80.0
930,3108,Matej Maglica,2021,-16.0
931,3108,Matej Maglica,2023,449.0
932,6312,Brenden Aaronson,2023,38.0
933,6172,Junior Adamu,2023,23.0
935,2309,Kasim Adams,2021,20.0
936,2309,Kasim Adams,2020,752.0
937,2309,Kasim Adams,2019,948.0
938,2309,Kasim Adams,2018,921.0
940,3482,Karim Adeyemi,2022,2138.0
941,3482,Karim Adeyemi,2023,202.0
942,3132,Amine Adli,2022,1589.0
943,3132,Amine Adli,2021,1465.0
944,3132,Amine Adli,2023,684.0
945,4600,Ludovic Ajorque,2022,1316.0
946,4600,Ludovic Ajorque,2023,262.0
947,2842,Felix Agu,2021,1664.0
948,2842,Felix Agu,2022,-28.0
949,2842,Felix Agu,2020,503.0
950,2842,Felix Agu,2023,92.0
952,3282,Faride Alidou,2021,1709.0
953,3282,Faride Alidou,2022,122.0
954,3282,Faride Alidou,2023,-55.0
955,96,Kevin Akpoguma,2022,1523.0
956,96,Kevin Akpoguma,2021,1378.0
957,96,Kevin Akpoguma,2020,954.0
958,96,Kevin Akpoguma,2019,802.0
959,96,Kevin Akpoguma,2023,402.0
960,1639,Nadiem Amiri,2022,1162.0
961,1639,Nadiem Amiri,2021,480.0
962,1639,Nadiem Amiri,2020,2368.0
963,1639,Nadiem Amiri,2019,2555.0
964,1639,Nadiem Amiri,2023,107.0
965,2539,Christopher Antwi-Adjei,2022,1477.0
966,2539,Christopher Antwi-Adjei,2021,577.0
968,2539,Christopher Antwi-Adjei,2019,1525.0
969,2539,Christopher Antwi-Adjei,2023,435.0
970,1704,Waldemar Anton,2022,2349.0
971,1704,Waldemar Anton,2021,2397.0
972,1704,Waldemar Anton,2020,2290.0
974,1704,Waldemar Anton,2023,1820.0
975,663,Robert Andrich,2022,2437.0
976,663,Robert Andrich,2021,2420.0
977,663,Robert Andrich,2020,2679.0
978,663,Robert Andrich,2019,2122.0
979,663,Robert Andrich,2023,491.0
980,6174,Arthur Augusto de Matos Soares,2023,80.0
981,44,Maximilian Arnold,2022,3313.0
982,44,Maximilian Arnold,2021,3466.0
983,44,Maximilian Arnold,2020,3974.0
984,44,Maximilian Arnold,2019,3559.0
985,44,Maximilian Arnold,2023,826.0
986,2079,Takuma Asano,2022,1196.0
987,2079,Takuma Asano,2021,1325.0
989,2079,Takuma Asano,2018,146.0
990,2079,Takuma Asano,2023,969.0
992,3019,Noah Atubolu,2023,1336.0
993,1971,Aymane Barkok,2022,519.0
994,1971,Aymane Barkok,2021,167.0
995,1971,Aymane Barkok,2020,1271.0
996,1971,Aymane Barkok,2019,-27.0
997,1971,Aymane Barkok,2023,165.0
998,2141,Bote Baku,2022,2859.0
999,2141,Bote Baku,2021,2634.0
1000,2141,Bote Baku,2020,3491.0
1001,2141,Bote Baku,2019,2182.0
1002,2141,Bote Baku,2023,725.0
1003,4520,Samuel Bamba,2023,31.0
1005,577,Daniel Batz,2013,0.0
1006,577,Daniel Batz,2012,0.0
1007,577,Daniel Batz,2023,300.0
1008,4581,David Colina,2022,44.0
1010,4610,Nicolas Cozza,2022,103.0
1011,4610,Nicolas Cozza,2023,127.0
1012,1774,Kingsley Coman,2022,3214.0
1013,1774,Kingsley Coman,2021,2566.0
1014,1774,Kingsley Coman,2020,3458.0
1015,1774,Kingsley Coman,2019,2626.0
1016,1774,Kingsley Coman,2023,1717.0
1017,1540,Danny Da Costa,2022,831.0
1018,1540,Danny Da Costa,2021,253.0
1019,1540,Danny Da Costa,2020,1002.0
1020,1540,Danny Da Costa,2019,1680.0
1021,1540,Danny Da Costa,2023,489.0
1022,6665,Tomás Cvancara,2023,521.0
1023,2335,Leandro Barreiro,2022,2136.0
1024,2335,Leandro Barreiro,2021,1740.0
1025,2335,Leandro Barreiro,2020,1947.0
1026,2335,Leandro Barreiro,2019,731.0
1027,2335,Leandro Barreiro,2023,999.0
1028,2450,Matthias Bader,2022,2318.0
1029,2450,Matthias Bader,2021,3093.0
1030,2450,Matthias Bader,2019,-3.0
1031,2450,Matthias Bader,2023,677.0
1032,7282,Olivier Deman,2023,695.0
1033,2533,Lukas Daschner,2022,3123.0
1034,2533,Lukas Daschner,2021,343.0
1036,2533,Lukas Daschner,2023,294.0
1037,4286,Matthijs de Ligt,2022,3435.0
1038,4286,Matthijs de Ligt,2023,607.0
1039,2366,Alphonso Davies,2022,2939.0
1040,2366,Alphonso Davies,2021,2761.0
1041,2366,Alphonso Davies,2020,2374.0
1042,2366,Alphonso Davies,2019,4259.0
1043,2366,Alphonso Davies,2023,1701.0
1044,2195,Finn Dahmen,2022,860.0
1045,2195,Finn Dahmen,2021,117.0
1046,2195,Finn Dahmen,2020,223.0
1047,2195,Finn Dahmen,2019,0.0
1048,2195,Finn Dahmen,2023,1420.0
1049,4252,Florian Dietz,2022,285.0
1050,4252,Florian Dietz,2023,-10.0
1051,4406,Éric Dina Ebimbe,2022,1312.0
1052,4406,Éric Dina Ebimbe,2023,1265.0
1053,2854,Ermedin Demirović,2022,2123.0
1054,2854,Ermedin Demirović,2021,865.0
1055,2854,Ermedin Demirović,2020,1720.0
1056,2854,Ermedin Demirović,2023,1557.0
1057,3473,Danilho Doekhi,2022,2800.0
1058,3473,Danilho Doekhi,2023,640.0
1059,2887,Ritsu Dōan,2022,2771.0
1061,2887,Ritsu Dōan,2020,2593.0
1062,2887,Ritsu Dōan,2023,1000.0
1063,2939,Eren Sami Dinkçi,2021,571.0
1064,2939,Eren Sami Dinkçi,2022,-58.0
1065,2939,Eren Sami Dinkçi,2020,-29.0
1066,2939,Eren Sami Dinkçi,2023,1231.0
1067,1929,Niklas Dorsch,2022,276.0
1068,1929,Niklas Dorsch,2021,1794.0
1069,1929,Niklas Dorsch,2017,161.0
1071,1929,Niklas Dorsch,2023,629.0
1072,4662,Damion Downs,2023,-36.0
1073,2894,Eduardo Dos Santos Haesler,2020,0.0
1075,82,Marvin Ducksch,2021,5699.0
1076,82,Marvin Ducksch,2022,3288.0
1078,82,Marvin Ducksch,2018,729.0
1079,82,Marvin Ducksch,2023,1480.0
1081,2439,Nikola Dovedan,2021,1408.0
1083,2439,Nikola Dovedan,2023,85.0
1084,1645,Maximilian Eggestein,2021,236.0
1085,1645,Maximilian Eggestein,2022,2208.0
1086,1645,Maximilian Eggestein,2021,2081.0
1087,1645,Maximilian Eggestein,2020,2544.0
1088,1645,Maximilian Eggestein,2023,1241.0
1089,3143,Kristijan Jakić,2022,1343.0
1090,3143,Kristijan Jakić,2021,1244.0
1091,3143,Kristijan Jakić,2023,97.0
1092,4617,Julien Duranville,2022,61.0
1094,2832,Lilian Egloff,2022,160.0
1095,2832,Lilian Egloff,2021,-15.0
1096,2832,Lilian Egloff,2020,34.0
1097,2832,Lilian Egloff,2023,22.0
1099,1527,Vitus Eicher,2021,-10.0
1103,2263,Fredrik Jensen,2022,653.0
1104,2263,Fredrik Jensen,2021,293.0
1105,2263,Fredrik Jensen,2020,158.0
1106,2263,Fredrik Jensen,2019,269.0
1107,2263,Fredrik Jensen,2023,733.0
1108,2927,Marco John,2022,2333.0
1110,2927,Marco John,2021,38.0
1111,2927,Marco John,2020,825.0
1113,1858,Anthony Jung,2021,2877.0
1114,1858,Anthony Jung,2022,1859.0
1116,1858,Anthony Jung,2016,632.0
1117,1858,Anthony Jung,2023,777.0
1118,387,Tony Jantschke,2022,134.0
1119,387,Tony Jantschke,2021,240.0
1120,387,Tony Jantschke,2020,274.0
1121,387,Tony Jantschke,2019,1262.0
1122,387,Tony Jantschke,2023,40.0
1123,4611,Moritz Jenz,2022,903.0
1124,4611,Moritz Jenz,2023,706.0
1125,2373,Ozan Kabak,2022,2124.0
1126,2373,Ozan Kabak,2020,742.0
1127,2373,Ozan Kabak,2019,2085.0
1128,2373,Ozan Kabak,2018,1504.0
1129,2373,Ozan Kabak,2023,922.0
1130,2302,Woo-Yeong Jeong,2022,718.0
1131,2302,Woo-Yeong Jeong,2021,1907.0
1132,2302,Woo-Yeong Jeong,2020,1033.0
1133,2302,Woo-Yeong Jeong,2019,0.0
1134,2302,Woo-Yeong Jeong,2023,497.0
1135,2793,Julian Justvan,2022,4188.0
1136,2793,Julian Justvan,2021,3034.0
1137,2793,Julian Justvan,2019,0.0
1138,2793,Julian Justvan,2023,-10.0
1139,1726,Pavel Kaderábek,2022,1080.0
1140,1726,Pavel Kaderábek,2021,1192.0
1141,1726,Pavel Kaderábek,2020,1443.0
1142,1726,Pavel Kaderábek,2019,2840.0
1143,1726,Pavel Kaderábek,2023,1005.0
1144,1903,Florian Kainz,2022,3493.0
1145,1903,Florian Kainz,2021,2735.0
1146,1903,Florian Kainz,2020,460.0
1147,1903,Florian Kainz,2019,2180.0
1148,1903,Florian Kainz,2023,983.0
1152,7226,Harry Kane,2023,3616.0
1153,4598,Josip Juranovic,2022,956.0
1154,4598,Josip Juranovic,2023,653.0
1155,3475,Jakub Kaminski,2022,2285.0
1156,3475,Jakub Kaminski,2023,81.0
1157,1653,Kevin Kampl,2022,1667.0
1158,1653,Kevin Kampl,2021,1890.0
1159,1653,Kevin Kampl,2020,2269.0
1160,1653,Kevin Kampl,2019,1266.0
1161,1653,Kevin Kampl,2023,1046.0
1162,2214,Atakan Karazor,2022,1456.0
1163,2214,Atakan Karazor,2021,1606.0
1164,2214,Atakan Karazor,2020,728.0
1166,2214,Atakan Karazor,2023,1772.0
1167,3236,Emir Karic,2022,1660.0
1168,3236,Emir Karic,2021,1450.0
1169,3236,Emir Karic,2023,437.0
1170,3289,Mikkel Kaufmann,2022,2246.0
1171,3289,Mikkel Kaufmann,2021,611.0
1172,3289,Mikkel Kaufmann,2023,53.0
1173,2553,Noah Katterbach,2022,712.0
1174,2553,Noah Katterbach,2021,-7.0
1175,2553,Noah Katterbach,2020,902.0
1176,2553,Noah Katterbach,2019,1094.0
1178,3339,Thomas Leon Keller,2022,55.0
1179,3339,Thomas Leon Keller,2021,1115.0
1180,3339,Thomas Leon Keller,2023,29.0
1181,1464,Tobias Kempe,2022,2730.0
1182,1464,Tobias Kempe,2021,4025.0
1184,1464,Tobias Kempe,2015,1200.0
1185,1464,Tobias Kempe,2023,803.0
1187,1868,Naby Keita,2017,3030.0
1188,1868,Naby Keita,2016,4232.0
1189,1868,Naby Keita,2023,37.0
1190,2764,Yannik Keitel,2022,581.0
1191,2764,Yannik Keitel,2021,258.0
1192,2764,Yannik Keitel,2020,350.0
1193,2764,Yannik Keitel,2019,138.0
1194,2764,Yannik Keitel,2023,167.0
1195,6668,Min-Jae Kim,2023,2027.0
1196,849,Tim Kleindienst,2022,5132.0
1197,849,Tim Kleindienst,2021,2935.0
1198,849,Tim Kleindienst,2019,0.0
1199,849,Tim Kleindienst,2018,60.0
1200,849,Tim Kleindienst,2023,1450.0
1201,2349,Luca Kilian,2022,811.0
1202,2349,Luca Kilian,2021,1838.0
1203,2349,Luca Kilian,2020,249.0
1204,2349,Luca Kilian,2019,868.0
1205,2349,Luca Kilian,2023,156.0
1206,51,Rani Khedira,2022,2287.0
1207,51,Rani Khedira,2021,1914.0
1208,51,Rani Khedira,2020,1103.0
1209,51,Rani Khedira,2019,1739.0
1210,51,Rani Khedira,2023,117.0
1211,623,Robin Knoche,2022,3138.0
1212,623,Robin Knoche,2021,2775.0
1213,623,Robin Knoche,2020,2640.0
1214,623,Robin Knoche,2019,1680.0
1215,623,Robin Knoche,2023,534.0
1216,1685,Joshua Kimmich,2022,5388.0
1217,1685,Joshua Kimmich,2021,5148.0
1218,1685,Joshua Kimmich,2020,4780.0
1219,1685,Joshua Kimmich,2019,5297.0
1220,1685,Joshua Kimmich,2023,1712.0
1221,2918,Christoph Klarer,2022,2470.0
1222,2918,Christoph Klarer,2021,2106.0
1223,2918,Christoph Klarer,2023,702.0
1225,1829,Niklas Klinger,2020,0.0
1226,1829,Niklas Klinger,2019,0.0
1229,2863,Ansgar Knauff,2022,1016.0
1230,2863,Ansgar Knauff,2021,815.0
1231,2863,Ansgar Knauff,2020,255.0
1232,2863,Ansgar Knauff,2023,610.0
1233,1333,Lukas Klostermann,2022,942.0
1234,1333,Lukas Klostermann,2021,1749.0
1235,1333,Lukas Klostermann,2020,1850.0
1236,1333,Lukas Klostermann,2019,3453.0
1237,1333,Lukas Klostermann,2023,1073.0
1238,1873,Gregor Kobel,2022,3010.0
1239,1873,Gregor Kobel,2021,2577.0
1240,1873,Gregor Kobel,2020,2760.0
1242,1873,Gregor Kobel,2023,1613.0
1246,3011,Emmanuel Kouadio Koné,2022,2195.0
1247,3011,Emmanuel Kouadio Koné,2021,2161.0
1248,3011,Emmanuel Kouadio Koné,2023,354.0
1249,60,Dominik Kohr,2022,2067.0
1250,60,Dominik Kohr,2021,1306.0
1251,60,Dominik Kohr,2020,1676.0
1252,60,Dominik Kohr,2019,1589.0
1253,60,Dominik Kohr,2023,705.0
1255,2144,Robin Koch,2019,2486.0
1256,2144,Robin Koch,2018,1653.0
1257,2144,Robin Koch,2017,1670.0
1258,2144,Robin Koch,2023,1331.0
1260,3079,Odilon Kossounou,2022,1472.0
1261,3079,Odilon Kossounou,2021,1739.0
1262,3079,Odilon Kossounou,2023,1833.0
1263,4253,Alex Král,2022,1324.0
1264,4253,Alex Král,2023,278.0
1265,2375,Dawid Kownacki,2022,3756.0
1266,2375,Dawid Kownacki,2021,-59.0
1267,2375,Dawid Kownacki,2019,402.0
1268,2375,Dawid Kownacki,2018,789.0
1269,2375,Dawid Kownacki,2023,60.0
1270,1815,Andrej Kramaric,2022,2648.0
1271,1815,Andrej Kramaric,2021,3232.0
1272,1815,Andrej Kramaric,2020,4147.0
1273,1815,Andrej Kramaric,2019,2473.0
1274,1815,Andrej Kramaric,2023,1613.0
1275,2727,Tomás Koubek,2022,1162.0
1277,2727,Tomás Koubek,2020,0.0
1278,2727,Tomás Koubek,2019,1750.0
1280,6748,Frans Krätzig,2023,162.0
1281,8,Christoph Kramer,2022,1512.0
1282,8,Christoph Kramer,2021,508.0
1283,8,Christoph Kramer,2020,1908.0
1284,8,Christoph Kramer,2019,1401.0
1285,8,Christoph Kramer,2023,135.0
1287,2358,Tom Krauß,2021,2755.0
1288,2358,Tom Krauß,2022,1733.0
1289,2358,Tom Krauß,2019,20.0
1290,2358,Tom Krauß,2023,514.0
1291,7243,Lovro Majer,2023,1033.0
1293,2201,Linton Maina,2021,1765.0
1294,2201,Linton Maina,2022,1914.0
1296,2201,Linton Maina,2023,656.0
1297,1257,Lukas Kübler,2022,1771.0
1298,1257,Lukas Kübler,2021,2309.0
1299,1257,Lukas Kübler,2020,689.0
1300,1257,Lukas Kübler,2019,177.0
1301,1257,Lukas Kübler,2023,663.0
1302,841,Patrick Mainka,2022,3974.0
1303,841,Patrick Mainka,2021,3446.0
1306,841,Patrick Mainka,2023,1589.0
1307,3087,Donyell Malen,2022,3095.0
1308,3087,Donyell Malen,2021,2290.0
1309,3087,Donyell Malen,2023,1474.0
1310,3238,Braydon Marvin Manu,2022,2089.0
1311,3238,Braydon Marvin Manu,2021,1331.0
1312,3238,Braydon Marvin Manu,2023,-9.0
1313,2399,Lennard Maloney,2022,2465.0
1315,2399,Lennard Maloney,2021,46.0
1317,2399,Lennard Maloney,2023,797.0
1318,7215,Jordy Makengo,2023,420.0
1319,2792,Omar Marmoush,2022,1509.0
1320,2792,Omar Marmoush,2021,1615.0
1321,2792,Omar Marmoush,2020,2.0
1322,2792,Omar Marmoush,2019,10.0
1323,2792,Omar Marmoush,2023,1500.0
1324,1217,Philipp Max,2022,701.0
1326,1217,Philipp Max,2019,3403.0
1327,1217,Philipp Max,2018,2753.0
1328,1217,Philipp Max,2023,702.0
1329,4630,Nathanaël Mbuku,2022,-27.0
1330,4630,Nathanaël Mbuku,2023,2.0
1331,2994,Erhan Mašović,2022,1763.0
1332,2994,Erhan Mašović,2021,1218.0
1333,2994,Erhan Mašović,2023,524.0
1334,4579,Noah Mbamba,2022,-15.0
1335,4579,Noah Mbamba,2023,134.0
1336,2702,Eric Martel,2022,1764.0
1337,2702,Eric Martel,2020,0.0
1339,2702,Eric Martel,2023,861.0
1341,2546,Roberto Massimo,2021,605.0
1342,2546,Roberto Massimo,2020,531.0
1344,2546,Roberto Massimo,2023,28.0
1345,3477,Noussair Mazraoui,2022,1898.0
1346,3477,Noussair Mazraoui,2023,1526.0
1348,2639,Kevin Mbabu,2021,1034.0
1349,2639,Kevin Mbabu,2020,1895.0
1350,2639,Kevin Mbabu,2019,2247.0
1351,2639,Kevin Mbabu,2023,404.0
1352,2287,Gonçalo Mendes Paciência,2022,424.0
1354,2287,Gonçalo Mendes Paciência,2021,562.0
1355,2287,Gonçalo Mendes Paciência,2020,268.0
1356,2287,Gonçalo Mendes Paciência,2023,571.0
1357,3130,Enzo Millot,2022,704.0
1358,3130,Enzo Millot,2021,40.0
1359,3130,Enzo Millot,2023,1556.0
1360,2835,Thomas Meunier,2022,666.0
1361,2835,Thomas Meunier,2021,1898.0
1362,2835,Thomas Meunier,2020,1796.0
1363,2835,Thomas Meunier,2023,150.0
1364,2489,Marvin Mehlem,2022,2788.0
1365,2489,Marvin Mehlem,2021,1187.0
1367,2489,Marvin Mehlem,2023,992.0
1369,2148,Alexander Meyer,2021,2346.0
1370,2148,Alexander Meyer,2022,637.0
1372,2148,Alexander Meyer,2023,71.0
1373,168,Sven Michel,2021,2800.0
1374,168,Sven Michel,2022,652.0
1375,168,Sven Michel,2021,525.0
1377,168,Sven Michel,2023,322.0
1380,2665,Mateu Morey,2020,957.0
1381,2665,Mateu Morey,2019,265.0
1383,6171,Jovan Milosevic,2023,34.0
1384,1664,Maximilian Mittelstädt,2022,590.0
1385,1664,Maximilian Mittelstädt,2021,1494.0
1386,1664,Maximilian Mittelstädt,2020,1557.0
1387,1664,Maximilian Mittelstädt,2019,2375.0
1388,1664,Maximilian Mittelstädt,2023,1249.0
1389,3249,Jan Schöppner,2022,2258.0
1390,3249,Jan Schöppner,2021,1989.0
1391,3249,Jan Schöppner,2023,666.0
1392,1253,Fabian Schnellhardt,2022,2091.0
1393,1253,Fabian Schnellhardt,2021,1114.0
1396,1253,Fabian Schnellhardt,2023,137.0
1397,1580,Marvin Schwäbe,2022,2267.0
1398,1580,Marvin Schwäbe,2021,1836.0
1399,1580,Marvin Schwäbe,2014,0.0
1400,1580,Marvin Schwäbe,2023,1419.0
1402,620,Alexander Schwolow,2022,1578.0
1403,620,Alexander Schwolow,2021,1621.0
1404,620,Alexander Schwolow,2020,2090.0
1405,620,Alexander Schwolow,2019,1964.0
1406,620,Alexander Schwolow,2018,2851.0
1408,6176,Nicolas Seiwald,2023,75.0
1409,1183,Davie Selke,2022,1234.0
1410,1183,Davie Selke,2021,687.0
1411,1183,Davie Selke,2020,500.0
1412,1183,Davie Selke,2019,602.0
1413,1183,Davie Selke,2023,719.0
1414,1266,Marcel Schuhen,2022,3754.0
1415,1266,Marcel Schuhen,2021,3267.0
1418,1266,Marcel Schuhen,2023,1355.0
1419,6177,Benjamin Sesko,2023,647.0
1420,2690,Tim Siersleben,2022,2609.0
1421,2690,Tim Siersleben,2021,610.0
1422,2690,Tim Siersleben,2020,18.0
1424,2690,Tim Siersleben,2023,525.0
1425,2822,Silas Katompa Mvumpa,2022,1566.0
1426,2822,Silas Katompa Mvumpa,2021,-20.0
1427,2822,Silas Katompa Mvumpa,2020,2683.0
1428,2822,Silas Katompa Mvumpa,2023,975.0
1429,2551,Kevin Sessa,2022,2117.0
1430,2551,Kevin Sessa,2021,1228.0
1432,2551,Kevin Sessa,2023,117.0
1433,3454,Theoson-Jordan Siebatcheu,2022,1403.0
1434,3454,Theoson-Jordan Siebatcheu,2023,585.0
1435,1975,Aaron Seydel,2022,209.0
1436,1975,Aaron Seydel,2021,1303.0
1438,1975,Aaron Seydel,2016,137.0
1439,1975,Aaron Seydel,2023,116.0
1442,3001,Mohamed Simakan,2022,1774.0
1443,3001,Mohamed Simakan,2021,2285.0
1444,3001,Mohamed Simakan,2023,1715.0
1445,6672,Xavi Simons,2023,2406.0
1446,2946,Kiliann Sildillia,2022,1515.0
1447,2946,Kiliann Sildillia,2021,96.0
1448,2946,Kiliann Sildillia,2020,0.0
1449,2946,Kiliann Sildillia,2023,960.0
1450,2717,Robert Skov,2022,1396.0
1451,2717,Robert Skov,2021,326.0
1452,2717,Robert Skov,2020,968.0
1453,2717,Robert Skov,2019,3544.0
1454,2717,Robert Skov,2023,1149.0
1456,2491,Tim Skarke,2021,1817.0
1457,2491,Tim Skarke,2022,457.0
1459,2491,Tim Skarke,2023,1176.0
1460,3457,Hrvoje Smolčić,2022,592.0
1461,3457,Hrvoje Smolčić,2023,410.0
1462,2718,Ellyes Skhiri,2022,3395.0
1463,2718,Ellyes Skhiri,2021,2175.0
1464,2718,Ellyes Skhiri,2020,2615.0
1465,2718,Ellyes Skhiri,2019,2559.0
1466,2718,Ellyes Skhiri,2023,1388.0
1467,1544,Danilo Soares,2022,1184.0
1468,1544,Danilo Soares,2021,2492.0
1469,1544,Danilo Soares,2016,0.0
1470,1544,Danilo Soares,2015,59.0
1471,1544,Danilo Soares,2023,221.0
1472,2987,Anton Stach,2022,2117.0
1473,2987,Anton Stach,2021,2393.0
1474,2987,Anton Stach,2023,1427.0
1475,3481,Jens Stage,2022,1448.0
1476,3481,Jens Stage,2023,1236.0
1477,3167,Mathias Flaga Olesen,2022,199.0
1478,3167,Mathias Flaga Olesen,2021,38.0
1479,3167,Mathias Flaga Olesen,2023,-51.0
1480,2494,Masaya Okugawa,2022,2142.0
1482,2494,Masaya Okugawa,2021,1796.0
1483,2494,Masaya Okugawa,2020,690.0
1484,2494,Masaya Okugawa,2023,27.0
1485,2776,Dani Olmo,2022,2206.0
1486,2776,Dani Olmo,2021,1285.0
1487,2776,Dani Olmo,2020,3887.0
1488,2776,Dani Olmo,2019,1260.0
1489,2776,Dani Olmo,2023,584.0
1490,2850,Jan Jakob Olschowsky,2022,411.0
1493,1246,Willi Orban,2022,3906.0
1494,1246,Willi Orban,2021,3342.0
1495,1246,Willi Orban,2020,3782.0
1496,1246,Willi Orban,2019,1149.0
1497,1246,Willi Orban,2023,346.0
1498,6664,Loïs Openda,2023,2174.0
1499,6060,Leon Opitz,2023,-8.0
1500,1804,Karim Onisiwo,2022,2264.0
1501,1804,Karim Onisiwo,2021,2256.0
1502,1804,Karim Onisiwo,2020,1382.0
1503,1804,Karim Onisiwo,2019,1659.0
1504,1804,Karim Onisiwo,2023,439.0
1505,6184,Willian Pacho,2023,1416.0
1506,2047,Reece Oxford,2022,55.0
1507,2047,Reece Oxford,2021,2768.0
1508,2047,Reece Oxford,2020,1331.0
1509,2047,Reece Oxford,2019,89.0
1510,2047,Reece Oxford,2018,385.0
1512,1918,Salih Özcan,2022,1421.0
1513,1918,Salih Özcan,2021,2287.0
1514,1918,Salih Özcan,2020,683.0
1516,1918,Salih Özcan,2023,449.0
1517,2722,Patrick Osterhage,2022,563.0
1518,2722,Patrick Osterhage,2021,287.0
1520,2722,Patrick Osterhage,2023,641.0
1521,4590,Jonas Omlin,2022,1333.0
1522,4590,Jonas Omlin,2023,265.0
1523,3191,Kevin Paredes,2022,642.0
1524,3191,Kevin Paredes,2021,32.0
1525,3191,Kevin Paredes,2023,356.0
1526,3558,Ivan Ordets,2022,2097.0
1527,3558,Ivan Ordets,2023,555.0
1528,2893,Matondo-Merveille Papela,2022,1212.0
1530,2893,Matondo-Merveille Papela,2021,-23.0
1531,2893,Matondo-Merveille Papela,2020,-18.0
1532,2893,Matondo-Merveille Papela,2023,45.0
1533,1785,Felix Passlack,2022,164.0
1534,1785,Felix Passlack,2021,485.0
1535,1785,Felix Passlack,2020,499.0
1537,1785,Felix Passlack,2023,203.0
1538,2766,Exequiel Palacios,2022,2129.0
1539,2766,Exequiel Palacios,2021,1549.0
1540,2766,Exequiel Palacios,2020,729.0
1541,2766,Exequiel Palacios,2019,295.0
1542,2766,Exequiel Palacios,2023,2279.0
1543,2453,Leart Pacarada,2022,4400.0
1544,2453,Leart Pacarada,2021,4264.0
1546,2453,Leart Pacarada,2023,586.0
1547,3050,Antonios Papadopoulos,2022,3.0
1548,3050,Antonios Papadopoulos,2021,-17.0
1549,3050,Antonios Papadopoulos,2023,33.0
1550,6080,Aleksandar Pavlovic,2023,543.0
1551,4296,Dzenan Pejcinovic,2022,-15.0
1553,2053,Jiri Pavlenka,2021,2131.0
1554,2053,Jiri Pavlenka,2022,2988.0
1556,2053,Jiri Pavlenka,2020,2497.0
1557,2053,Jiri Pavlenka,2023,577.0
1558,2651,Mads Pedersen,2022,904.0
1559,2651,Mads Pedersen,2021,1012.0
1560,2651,Mads Pedersen,2020,383.0
1561,2651,Mads Pedersen,2019,98.0
1562,2651,Mads Pedersen,2023,829.0
1565,1158,Michael Esser,2021,226.0
1566,1158,Michael Esser,2019,0.0
1567,1158,Michael Esser,2018,3200.0
1568,1158,Michael Esser,2017,216.0
1570,4555,Arne Engels,2022,1011.0
1571,4555,Arne Engels,2023,519.0
1572,1686,Nico Elvedi,2022,2716.0
1573,1686,Nico Elvedi,2021,1911.0
1574,1686,Nico Elvedi,2020,3016.0
1575,1686,Nico Elvedi,2019,2694.0
1576,1686,Nico Elvedi,2023,1076.0
1577,7239,Max Finkgräfe,2023,93.0
1578,2526,Philipp Förster,2022,1501.0
1579,2526,Philipp Förster,2021,967.0
1580,2526,Philipp Förster,2020,1351.0
1582,2526,Philipp Förster,2023,132.0
1584,3362,Kilian Fischer,2021,1002.0
1585,3362,Kilian Fischer,2022,410.0
1587,2643,Edimilson Fernandes,2022,2167.0
1588,2643,Edimilson Fernandes,2021,204.0
1589,2643,Edimilson Fernandes,2020,736.0
1590,2643,Edimilson Fernandes,2019,1261.0
1591,2643,Edimilson Fernandes,2023,898.0
1592,6182,Nacho Ferri,2023,173.0
1593,6318,David Datro Fofana,2023,386.0
1594,668,Raphael Framberger,2022,129.0
1595,668,Raphael Framberger,2022,47.0
1596,668,Raphael Framberger,2021,576.0
1597,668,Raphael Framberger,2020,963.0
1598,668,Raphael Framberger,2019,1059.0
1600,2944,Timothy Evans Fosu-Mensah,2022,196.0
1601,2944,Timothy Evans Fosu-Mensah,2021,170.0
1602,2944,Timothy Evans Fosu-Mensah,2020,320.0
1605,2532,Philipp Pentke,2021,99.0
1606,2532,Philipp Pentke,2020,223.0
1607,2532,Philipp Pentke,2019,492.0
1609,3476,Bartol Franjic,2022,236.0
1610,3476,Bartol Franjic,2023,282.0
1611,1996,Marco Friedl,2021,3103.0
1612,1996,Marco Friedl,2022,2128.0
1614,1996,Marco Friedl,2020,2175.0
1615,1996,Marco Friedl,2023,873.0
1616,1223,Marvin Friedrich,2022,1076.0
1617,1223,Marvin Friedrich,2021,1517.0
1618,1223,Marvin Friedrich,2020,3481.0
1619,1223,Marvin Friedrich,2019,2460.0
1620,1223,Marvin Friedrich,2023,435.0
1621,1871,Jonas Föhrenbach,2022,3090.0
1622,1871,Jonas Föhrenbach,2021,1443.0
1623,1871,Jonas Föhrenbach,2016,10.0
1624,1871,Jonas Föhrenbach,2023,685.0
1625,2948,Jeremie Frimpong,2022,3423.0
1626,2948,Jeremie Frimpong,2021,2145.0
1627,2948,Jeremie Frimpong,2020,376.0
1628,2948,Jeremie Frimpong,2023,2326.0
1629,2172,Chris Führich,2022,2030.0
1630,2172,Chris Führich,2021,1935.0
1631,2172,Chris Führich,2019,0.0
1632,2172,Chris Führich,2017,119.0
1633,2172,Chris Führich,2023,2268.0
1634,608,Niclas Füllkrug,2021,4658.0
1635,608,Niclas Füllkrug,2022,3264.0
1637,608,Niclas Füllkrug,2020,1094.0
1638,608,Niclas Füllkrug,2023,1439.0
1639,2990,Cristian Gamboa,2022,620.0
1640,2990,Cristian Gamboa,2021,1450.0
1641,2990,Cristian Gamboa,2023,598.0
1642,1298,Yannick Gerhardt,2022,2153.0
1643,1298,Yannick Gerhardt,2021,1501.0
1644,1298,Yannick Gerhardt,2020,2189.0
1645,1298,Yannick Gerhardt,2019,983.0
1646,1298,Yannick Gerhardt,2023,539.0
1647,49,Matthias Ginter,2022,3766.0
1648,49,Matthias Ginter,2021,2541.0
1649,49,Matthias Ginter,2020,3618.0
1650,49,Matthias Ginter,2019,3150.0
1651,49,Matthias Ginter,2023,1362.0
1652,1990,Dennis Geiger,2022,1608.0
1653,1990,Dennis Geiger,2021,1433.0
1654,1990,Dennis Geiger,2020,539.0
1655,1990,Dennis Geiger,2019,1011.0
1656,1990,Dennis Geiger,2018,370.0
1658,1687,Benedikt Gimber,2022,1655.0
1659,1687,Benedikt Gimber,2021,2650.0
1662,1687,Benedikt Gimber,2023,760.0
1663,3140,Ilaix Moriba,2022,776.0
1664,3140,Ilaix Moriba,2021,517.0
1666,3140,Ilaix Moriba,2021,9.0
1668,2866,Youssoufa Moukoko,2022,1494.0
1669,2866,Youssoufa Moukoko,2021,325.0
1670,2866,Youssoufa Moukoko,2020,530.0
1671,2866,Youssoufa Moukoko,2023,146.0
1672,755,Kevin Müller,2022,3641.0
1673,755,Kevin Müller,2021,2962.0
1675,755,Kevin Müller,2013,0.0
1676,755,Kevin Müller,2023,1615.0
1677,2463,Klaus Gjasula,2022,1017.0
1678,2463,Klaus Gjasula,2021,1979.0
1679,2463,Klaus Gjasula,2019,1516.0
1680,2463,Klaus Gjasula,2023,359.0
1681,1910,Florian Müller,2022,1154.0
1682,1910,Florian Müller,2021,1949.0
1683,1910,Florian Müller,2020,2451.0
1684,1910,Florian Müller,2019,1044.0
1685,1910,Florian Müller,2018,1788.0
1687,3397,Andreas Müller,2022,1464.0
1688,3397,Andreas Müller,2023,70.0
1689,450,Thomas Müller,2022,3218.0
1690,450,Thomas Müller,2021,4993.0
1691,450,Thomas Müller,2020,5388.0
1692,450,Thomas Müller,2019,5295.0
1693,450,Thomas Müller,2023,1318.0
1694,2804,Jamal Musiala,2022,4579.0
1695,2804,Jamal Musiala,2021,2884.0
1696,2804,Jamal Musiala,2020,1850.0
1697,2804,Jamal Musiala,2019,23.0
1698,2804,Jamal Musiala,2023,1295.0
1699,2120,Nikolas Nartey,2022,271.0
1700,2120,Nikolas Nartey,2021,159.0
1702,2120,Nikolas Nartey,2017,-10.0
1704,2430,Jannik Müller,2022,2441.0
1705,2430,Jannik Müller,2021,537.0
1707,2430,Jannik Müller,2023,369.0
1709,2791,Jessic Ngankam,2022,502.0
1710,2791,Jessic Ngankam,2021,239.0
1711,2791,Jessic Ngankam,2020,183.0
1712,2791,Jessic Ngankam,2023,47.0
1713,2799,Luca Netz,2022,768.0
1714,2799,Luca Netz,2021,1147.0
1715,2799,Luca Netz,2020,266.0
1716,2799,Luca Netz,2019,0.0
1717,2799,Luca Netz,2023,1115.0
1719,2232,Philipp Mwene,2020,1216.0
1720,2232,Philipp Mwene,2019,283.0
1721,2232,Philipp Mwene,2018,272.0
1722,2232,Philipp Mwene,2023,546.0
1723,237,Manuel Neuer,2022,1382.0
1724,237,Manuel Neuer,2021,2733.0
1725,237,Manuel Neuer,2020,3217.0
1726,237,Manuel Neuer,2019,3464.0
1727,237,Manuel Neuer,2023,713.0
1728,2261,Florian Neuhaus,2022,1241.0
1729,2261,Florian Neuhaus,2021,2474.0
1730,2261,Florian Neuhaus,2020,3376.0
1731,2261,Florian Neuhaus,2019,2879.0
1732,2261,Florian Neuhaus,2023,843.0
1733,4419,Nathan Ngoumou,2022,405.0
1734,4419,Nathan Ngoumou,2023,584.0
1735,3228,Justin Gideon Njinmah,2022,-20.0
1736,3228,Justin Gideon Njinmah,2023,613.0
1738,1883,Moritz Nicolas,2019,30.0
1740,1883,Moritz Nicolas,2017,0.0
1741,1883,Moritz Nicolas,2023,1195.0
1742,7289,Niels Nkounkou,2023,479.0
1743,2724,Lukas Nmecha,2022,752.0
1744,2724,Lukas Nmecha,2021,1546.0
1745,2724,Lukas Nmecha,2019,18.0
1748,2977,Nahuel Noll,2020,0.0
1751,1581,Alexander Nübel,2020,46.0
1752,1581,Alexander Nübel,2019,1682.0
1753,1581,Alexander Nübel,2018,1367.0
1754,1581,Alexander Nübel,2023,1794.0
1755,4352,Stanley Nsoki,2022,852.0
1756,4352,Stanley Nsoki,2023,35.0
1757,3369,Fabian Nürnberger,2022,1565.0
1758,3369,Fabian Nürnberger,2021,1902.0
1759,3369,Fabian Nürnberger,2023,893.0
1760,3069,Felix Nmecha,2022,2441.0
1761,3069,Felix Nmecha,2021,160.0
1762,3069,Felix Nmecha,2023,772.0
1763,4318,Tim Oermann,2022,16.0
1764,4318,Tim Oermann,2023,112.0
